NQUEST,ATTIVP,TUTTANNO,MESILAV,NUMADD,PROF,ORETOT,YM,DEBCR981,DEBCR982,DEBCR983,DEBCR984,DEBCR985,MACCHI,VALAZ,AMMORT,NORD
34,1,1,,1,1,44,60000,0,0,0,0,0,2,0,0,1
558,2,2,2,7,3,5,5000,0,0,0,0,0,2,0,0,1
561,1,1,,4,3,48,35000,0,0,0,0,0,1,200000,1000,1
2447,1,2,7,1,3,50,21000,0,0,0,0,0,2,0,0,1
2970,1,1,,4,3,40,30000,0,0,0,2000,4000,1,15000,2000,1
3078,1,1,,4,3,75,85000,0,4,0,0,10000,1,200000,15000,1
4370,2,1,,850,3,50,6000,3500,0,0,0,0,1,7600000,200000,1
4939,1,1,,1,3,40,15000,0,0,0,0,0,1,10000,1000,1
7089,1,1,,1,3,50,22000,0,0,0,99,0,1,5000,500,1
7098,1,1,,1,3,44,18000,0,0,0,0,0,1,5000,500,1
9526,1,1,,1,3,70,100000,0,0,0,0,0,1,90000,,1
20223,1,1,,1,3,45,12000,0,0,0,0,0,1,10000,,1
20223,1,2,1,1,1,15,,0,0,0,0,0,2,0,0,3
20231,1,1,,1,3,60,37000,0,0,0,0,0,1,50000,,1
20284,1,1,,1,3,80,30000,0,0,0,0,0,2,0,0,1
20711,1,1,,8,3,50,30000,0,0,0,15000,20000,1,100000,3000,4
20936,1,1,,3,1,40,20000,0,0,0,0,0,2,0,0,1
21003,1,1,,10,1,50,20000,0,0,0,0,0,2,0,0,4
21384,1,1,,1,3,90,12000,0,50000,0,0,0,1,40000,5000,1
21453,1,1,,1,3,60,24000,0,15000,0,0,0,1,100000,10000,2
21453,1,1,,3,3,60,30000,0,200000,0,0,15000,1,5000,500,3
21472,1,1,,1,3,40,48000,0,0,0,0,0,1,3000,,2
21639,1,3,,1,3,20,11000,0,0,0,0,0,2,0,0,1
21693,1,1,,2,3,12,35000,0,0,0,0,0,1,120000,500,1
21693,1,1,,2,3,12,,0,0,0,0,0,2,0,0,2
22099,1,1,,1,3,48,14000,0,0,0,5000,0,1,10000,700,1
22155,1,1,,12,1,60,22000,0,0,0,0,0,2,0,0,2
22225,1,1,,634,1,50,78000,0,0,0,0,0,1,10000,1000,1
22225,2,1,,1,1,1,3000,0,0,0,0,0,2,0,0,1
22277,1,1,,2,3,60,22000,0,0,0,0,0,1,100000,,2
22279,1,1,,1,3,60,60000,0,0,15000,0,0,1,30000,,1
22374,1,1,,2,3,48,30000,0,0,0,0,0,1,100000,3000,2
22657,2,3,,1,1,10,25000,0,0,0,0,0,2,0,0,1
22996,1,1,,12,3,40,39000,0,0,0,0,0,2,0,0,1
22996,1,1,,1,3,20,3000,0,0,0,0,0,2,0,0,3
22996,1,1,,1,3,50,40000,0,0,0,0,0,2,0,0,4
23267,1,1,,4,1,40,27600,500,0,0,0,0,2,0,0,1
23384,1,1,,1,1,20,13000,0,0,0,0,10000,1,10000,200,1
23466,1,1,,1,1,45,150000,0,0,0,0,0,1,100000,5000,1
23798,1,3,,1,3,50,4000,0,0,0,0,0,2,0,0,3
23831,1,1,,4,3,44,400000,0,500000,0,15000,30000,1,1500000,100000,1
23958,1,1,,1,1,50,60000,0,0,0,0,20000,1,,7000,1
23958,1,1,,1,1,30,40000,0,0,0,0,10000,1,12000,6000,2
23986,1,1,,1,3,48,37000,15000,0,0,0,0,1,50000,5000,3
24071,2,3,,1,1,10,10000,0,0,0,0,0,1,5000,700,1
24171,1,1,,1,3,50,18000,0,0,0,10000,0,1,10000,,1
24446,1,3,,1,3,15,3000,0,0,0,0,0,1,30000,1000,2
24450,1,1,,1,1,70,35000,0,26000,0,0,0,1,,,1
24619,1,1,,1,2,45,30000,0,0,50000,0,0,1,100000,,1
24624,1,2,6,2,3,45,,0,0,20000,0,0,1,40000,15000,2
24633,1,1,,1,3,40,20000,0,0,0,5000,10000,1,8000,,3
24731,1,1,,1,2,60,30000,0,0,0,10000,0,1,350000,3500,3
24912,2,1,,1,1,4,15000,0,0,0,0,0,2,0,0,2
24919,2,1,,1,1,30,11000,0,0,0,0,0,1,,,1
24979,1,1,,3,2,50,,180000,0,0,0,0,1,100000,20000,1
25007,2,2,5,1,3,40,25000,0,0,0,0,0,2,0,0,1
25007,2,1,,3,3,6,3500,0,0,0,0,0,2,0,0,1
25137,1,1,,1,3,54,12000,0,0,2500,0,0,1,100000,5000,1
25148,1,1,,1,3,39,24000,0,0,0,0,30000,1,20000,2000,2
25373,2,1,,1,3,12,4000,0,0,0,0,0,2,0,0,1
25373,1,1,,1,3,45,20000,0,5000,0,0,0,1,20000,,3
25373,1,1,,1,3,35,18000,0,0,0,0,0,1,5000,,4
25429,2,2,8,1,3,4,1300,0,0,0,0,0,2,0,0,3
25444,1,1,,1,3,56,22000,0,0,0,0,0,2,0,0,1
25914,1,1,,1,1,30,20000,0,0,0,0,0,2,0,0,1
25917,1,1,,10,3,64,51000,0,120000,0,120000,210000,1,800000,12500,1
25917,1,1,,10,3,25,19000,0,0,0,0,0,1,800000,12500,2
25917,1,1,,10,3,64,30000,0,0,0,0,0,1,800000,12500,3
25964,1,1,,2,2,44,30000,0,0,0,0,0,2,0,0,1
26163,1,1,,50,3,36,14000,0,0,0,0,0,2,0,0,1
26283,1,1,,2,1,40,40000,0,0,0,0,0,2,0,0,1
26641,1,3,,5,3,10,4000,0,0,0,0,0,2,0,0,1
26684,1,1,,2,3,30,15000,0,0,0,0,0,1,5000,,1
26687,2,3,,1,1,1,4000,0,0,0,0,0,2,0,0,1
26925,1,1,,2,1,64,30000,0,0,0,0,0,1,,,5
26941,1,1,,1,3,40,24000,0,0,0,0,0,2,0,0,1
27155,1,1,,1,3,35,24000,0,0,0,0,0,1,50000,1500,1
27155,2,1,,7,3,35,35000,0,0,0,0,0,1,50000,1500,2
27157,1,1,,3,3,48,12000,0,10000,0,30000,40000,1,2000000,10000,1
27157,1,1,,3,2,50,20000,0,0,0,0,0,1,50000,,2
27224,1,1,,1,3,44,13000,0,0,0,0,0,1,,,2
27298,1,1,,4,3,70,40000,0,0,0,0,15000,1,350000,10000,1
27298,1,1,,4,3,70,40000,0,0,0,0,15000,1,350000,10000,2
27299,1,1,,1,3,40,60000,0,0,0,0,0,1,30000,7000,1
27734,1,2,8,1,1,50,18000,0,0,0,0,0,1,,2000,3
27741,1,1,,2,3,50,15000,0,0,0,2500,2500,1,50000,5000,2
27744,1,1,,2,1,50,20000,12000,9000,0,0,0,1,15000,3500,3
27744,1,1,,2,3,60,10000,0,0,0,8000,1500,1,50000,1500,4
27746,1,1,,1,3,50,15000,120000,0,0,0,0,1,25000,1000,2
28303,1,1,,1,1,30,11400,0,0,10000,0,0,2,0,0,3
28418,1,1,,1,3,30,12000,0,0,0,0,0,1,5000,,1
28878,1,1,,1,3,32,30000,0,3800,0,0,0,1,20000,3000,1
28927,1,1,,2,3,50,30000,0,0,0,0,0,2,0,0,1
29006,1,2,11,1,1,60,48000,0,15000,10000,0,0,1,5000,2000,1
29006,1,1,,1,3,40,10000,0,0,0,0,0,2,0,0,2
29197,1,1,,1,3,48,10000,0,0,0,3000,0,1,100000,3000,2
29341,2,1,,1,1,20,12000,0,0,0,0,0,1,40000,5000,3
29428,1,,,1,3,30,1000,0,0,0,0,0,2,0,0,2
29452,1,1,,1,3,65,24000,0,0,0,0,0,1,10000,2000,2
29454,1,1,,2,1,40,45000,0,0,0,0,0,1,30000,10000,1
29595,1,1,,2,3,40,25000,5000,0,0,0,0,1,2000,200,1
29616,1,1,,1,3,45,20000,0,0,0,40000,70000,1,200000,6000,1
29704,1,1,,1,3,78,25000,0,0,0,0,0,1,180000,,1
31051,1,1,,1,3,40,20000,0,0,0,0,0,1,2000,500,2
31081,1,1,,3,3,45,80000,0,40000,0,5000,0,1,300000,15000,1
31084,1,1,,1,1,48,22000,0,0,0,0,0,1,20000,10000,3
31093,1,1,,2,3,50,20000,0,30000,20000,100000,20000,1,500000,20000,1
31120,1,1,,2,1,60,50000,0,0,0,0,0,2,0,0,2
31138,1,1,,1,3,60,40000,0,0,0,0,0,1,25000,15,1
31163,1,1,,1,1,40,100000,0,0,0,0,20000,2,0,0,1
31281,1,1,,2,3,50,20000,0,0,10000,0,0,1,5000,300,1
31281,1,1,,2,3,30,20000,0,0,0,0,0,1,5000,300,2
31304,1,2,6,1,3,16,18000,0,0,0,0,0,2,0,0,2
31308,1,1,,1,3,30,,0,0,0,0,0,1,50000,15000,1
31316,1,1,,1,3,60,24000,0,38000,19000,0,20000,2,0,0,1
31326,1,1,,7,3,70,30000,0,180000,20000,0,380000,1,1400000,20000,1
31356,1,1,,1,3,40,20000,0,50000,0,0,20000,1,250000,10000,1
31372,1,1,,1,3,50,7453,0,0,0,0,0,1,2000,500,1
31372,1,1,,1,3,36,18000,0,0,50000,0,0,1,80000,4000,3
31409,1,1,,3,3,40,20000,0,50000,0,0,0,1,70000,5000,1
31442,1,1,,7,1,5,5000,0,0,0,0,0,2,0,0,1
31473,1,1,,1,3,38,12000,0,0,0,0,0,1,20000,,1
31625,2,3,,1,1,2,10000,0,0,0,0,0,2,0,0,1
31663,1,1,,2,1,35,,0,0,0,0,0,1,,,3
31701,1,2,8,1,3,48,40000,0,0,0,0,0,2,0,0,1
31716,1,1,,9,2,55,37000,0,150000,20000,80000,180000,1,200000,6000,1
31726,1,3,,1,3,4,1500,0,0,0,0,0,2,0,0,1
31741,1,2,2,1,3,36,4000,0,0,0,0,0,1,10000,1000,2
31757,1,2,10,1,3,20,6000,0,0,0,0,0,2,0,0,1
31762,2,3,,1,3,1,,0,0,0,0,0,2,0,0,1
31785,1,1,,2,3,50,,0,18000,0,0,3000,1,22000,5000,3
31791,1,1,,1,1,50,80000,0,0,0,0,0,1,45000,900,1
31816,1,1,,1,3,46,22000,0,0,0,0,0,2,0,0,1
31869,1,1,,1,3,35,12000,0,0,0,7000,0,1,8000,500,1
31891,1,1,,1,1,13,25000,0,0,0,0,0,1,2000,1000,3
32014,1,1,,2,3,40,20000,0,0,0,0,0,1,20000,6000,1
32014,1,3,,4,3,30,4000,0,0,0,0,0,2,0,0,2
32015,1,1,,4,3,50,200000,0,0,0,10000,50000,1,150000,,1
32057,1,1,,1,2,60,35000,0,20000,5000,0,5000,1,80000,4000,1
32068,1,2,10,3,3,45,32000,0,0,0,5000,5000,1,35000,2000,1
32138,1,1,,1,3,30,,0,0,0,5000,0,2,0,0,1
32138,1,2,2,1,2,60,,0,0,0,0,10000,2,0,0,1
32138,2,3,,1,3,30,,0,0,0,0,0,2,0,0,2
32139,2,3,,1,3,4,1500,0,0,0,0,0,2,0,0,1
32145,1,3,,1,1,20,7000,0,0,0,0,0,2,0,0,2
32204,2,3,,5,3,10,10000,0,0,0,0,0,2,0,0,1
32204,1,1,,4,2,45,22000,100000,100000,50000,5000,50000,1,100000,3000,3
32204,1,1,,4,2,45,22000,50000,25000,3000,3000,25000,1,50000,7500,4
32262,1,1,,1,3,50,18000,0,0,0,0,0,1,6000,1000,1
32303,1,3,,1,1,2,,0,0,4200,0,0,2,0,0,3
32471,1,1,,1,3,30,12000,0,0,0,0,0,1,40000,2000,1
32481,1,1,,1,1,40,45000,0,0,0,0,0,2,0,0,1
32494,1,1,,1,3,10,10000,0,0,0,0,0,1,10000,1000,2
32500,1,1,,1,3,10,16000,0,0,0,0,0,1,30000,5000,2
32579,1,2,,2,3,40,20000,0,0,0,0,0,1,80000,8000,3
32602,1,1,,1,3,55,10000,0,0,0,0,0,2,0,0,1
32658,1,1,,1,3,40,10000,0,0,0,0,0,1,15000,1000,1
32685,1,1,,2,3,50,10000,0,0,0,0,0,2,0,0,3
32704,2,2,8,1,2,15,50000,0,0,0,0,0,1,5000,,1
32708,2,1,,1,1,8,30000,0,0,0,0,0,1,40000,4000,1
32708,1,1,,1,1,25,40000,0,0,0,0,0,1,25000,5000,2
32711,1,1,,1,1,15,15000,0,0,0,0,0,2,0,0,2
32724,1,1,,1,1,50,70000,0,0,0,0,0,2,0,0,1
32729,1,1,,1,3,50,55000,0,48000,0,0,60000,1,180000,6800,1
32734,2,2,4,6,3,20,3600,0,0,0,0,0,2,0,0,2
32754,1,1,,3,3,55,35000,0,120000,0,0,20000,1,100000,,1
32769,1,1,,1,3,44,12000,0,0,15000,0,0,1,1500,,1
32777,1,1,,10,2,55,,300000,50000,100000,400000,200000,1,900000,10000,1
32789,1,1,,1,3,50,15000,0,200000,0,0,0,1,,25000,1
32822,1,1,,2,1,32,6000,0,0,0,7000,0,1,15000,800,3
32871,2,1,,1,3,2,1500,0,0,0,0,0,2,0,0,1
32882,1,1,,4,3,20,30000,0,10000,0,0,0,1,100000,10000,2
32887,1,1,,3,2,55,35000,0,400000,50000,35000,35000,1,250000,6000,1
32887,1,1,,3,2,55,35000,0,400000,50000,35000,35000,1,250000,6000,2
32890,1,1,,23,2,35,30000,0,15000,5000,5000,60000,1,400000,30000,1
32890,1,1,,1,3,40,10000,0,0,0,3000,0,1,25000,,2
32925,1,1,,1,3,35,35000,0,0,0,0,0,1,40000,3000,1
32946,1,1,,2,3,10,40000,0,0,0,0,0,1,,,1
33032,1,1,,15,1,30,3600,0,0,0,0,0,2,0,0,2
33205,1,2,9,5,3,60,20000,100000,0,0,0,0,1,600000,10000,1
33219,1,1,,4,3,60,40000,0,0,0,0,0,2,0,0,2
33314,1,1,,1,3,70,17000,8000,0,0,0,5000,2,0,0,3
33336,1,1,,1,3,40,18000,0,0,8000,0,0,1,3000,,1
33348,1,1,,1,3,50,31000,0,168000,0,0,0,1,130000,,3
33457,1,1,,4,3,50,30000,0,26000,0,0,30000,1,50000,10000,1
33773,1,1,,7,3,40,28000,0,40000,0,0,0,1,20000,4000,1
33777,1,1,,8,1,52,15000,0,50000,30000,0,0,1,500000,10000,1
33877,1,1,,1,3,45,25000,0,0,0,0,0,1,16000,,1
33889,1,2,6,1,1,40,7000,0,0,0,0,0,2,0,0,3
33895,1,1,,1,3,50,40000,0,0,0,0,100000,1,50000,15000,1
33941,1,1,,2,3,50,40000,0,0,0,0,0,1,100000,,1
33985,1,1,,3,1,55,35000,0,0,0,0,50000,1,5000,2000,1
34017,1,,,1,1,44,20000,0,40000,15000,15000,15000,2,0,0,1
34032,2,2,3,1,1,50,6000,0,0,0,0,0,2,0,0,3
34132,2,3,,1,1,10,15000,0,0,0,0,0,2,0,0,1
34199,1,1,,1,3,8,4000,0,0,10000,0,0,1,4000,600,1
34223,2,1,,1,1,15,10000,0,0,0,0,0,2,0,0,2
34225,1,1,,1,3,40,12000,0,0,0,1000,0,2,0,0,1
34265,1,1,,7,1,25,130000,0,0,0,0,0,1,2000000,15000,1
34265,1,1,,7,1,17,48000,0,0,0,0,0,1,2000000,15000,2
34268,1,1,,1,1,40,30000,0,0,0,0,100000,1,100000,,1
34268,2,1,,1,1,16,25000,0,0,0,0,0,2,0,0,1
34271,1,1,,1,1,60,20000,0,0,0,0,4000,1,15000,,1
34271,1,1,,1,1,50,10000,0,0,0,0,0,2,0,0,2
34544,1,1,,1,3,50,25000,0,0,0,0,10000,2,0,0,1
34555,1,3,,1,1,4,8000,0,0,0,0,0,2,0,0,1
34721,2,1,,1,1,5,9000,0,0,0,0,0,2,0,0,1
34726,1,1,,1,3,20,12000,0,0,0,0,0,1,10000,500,1
34729,2,2,8,30,3,60,7000,0,0,0,0,0,2,0,0,2
34738,1,1,,1,3,42,80000,0,0,0,10000,15000,1,400000,10000,2
34778,1,1,,4,3,40,15000,0,0,0,1000,0,2,0,0,1
34862,1,1,,1,3,16,6000,0,0,0,0,0,2,0,0,1
34927,1,1,,12,3,40,12000,0,25000,0,0,0,1,500000,,4
34983,1,1,,1,3,50,15000,500,100,0,0,0,1,1000000,12500,1
35012,1,1,,3,2,70,18000,0,0,0,0,22000,2,0,0,1
35026,1,2,7,1,3,40,10500,0,0,0,0,0,1,20000,4000,3
35106,1,1,,2,3,40,20000,0,0,0,0,0,1,10000,,1
35222,1,2,7,1,1,45,11200,0,0,0,0,0,2,0,0,3
35371,1,1,,1,3,39,15000,0,0,0,1000,0,1,20000,2000,1
35381,1,1,,1,3,60,20000,0,0,50000,0,40000,1,50000,10000,1
35433,1,1,,7,3,60,28000,480000,480000,0,200000,100000,1,1500000,25000,1
35458,1,2,1,200,1,40,1800,0,0,0,0,0,2,0,0,3
35486,1,1,,1,3,50,7000,0,0,0,0,0,1,40000,,2
35488,1,1,,1,1,30,30000,0,0,0,0,0,2,0,0,1
35489,1,1,,1,3,37,50000,0,0,0,0,0,2,0,0,1
35508,1,1,,1,3,80,24000,0,30000,12000,2000,0,1,30000,4000,1
35627,1,2,4,1,3,20,25000,0,0,0,0,0,1,20000,,1
35702,1,1,,500,1,50,,0,0,0,0,0,2,0,0,1
35742,1,1,,20,1,40,11000,0,12000,1000,0,0,2,0,0,1
35964,1,1,,2,1,50,50000,0,0,0,0,0,1,50000,10000,1
36005,1,1,,1,3,48,35000,0,0,0,0,0,1,5000,500,1
36008,1,3,8,1,3,45,20000,0,0,0,0,0,2,0,0,1
36101,1,1,,1,1,40,,0,30000,0,0,0,2,0,0,3
36109,2,3,,1,1,6,4000,0,0,0,0,0,1,3000,,2
36116,1,3,,3,3,15,6000,0,0,0,0,4000,1,50000,5000,1
36116,1,1,,1,1,40,12000,0,0,0,0,0,1,5000,500,4
36124,1,1,,1,3,65,10000,0,60000,0,0,0,1,150000,7500,2
36128,1,1,,1,3,50,24000,0,0,0,0,0,2,0,0,1
36146,1,1,,1,3,44,,0,0,96000,25000,0,1,70000,7000,2
36163,1,1,,1,1,40,100000,0,0,0,0,0,1,20000,3000,1
36262,1,1,,10,3,50,100000,120000,50000,100000,30000,50000,1,2500000,10000,1
36262,1,1,,10,3,50,10000,120000,50000,100000,30000,50000,1,250000,10000,2
36316,1,1,,2,3,44,18000,0,0,0,6000,0,1,170000,5000,1
36378,1,1,,2,3,55,30000,0,0,0,20000,10000,1,10000,2000,1
36415,1,1,,1,3,48,35000,5000,3000,0,3000,8000,1,15000,1000,2
36446,1,1,,3,2,44,60000,0,0,0,300000,400000,1,700000,20000,1
36450,1,1,,1,3,55,26000,50000,0,0,0,60000,1,120000,4000,1
36519,1,1,,2,3,50,14000,0,0,10000,1000,0,1,2000,500,1
36522,2,1,,1,1,20,10000,0,0,0,0,5000,2,0,0,1
36544,1,1,,1,3,46,24000,0,0,4000,0,0,1,12000,500,1
36566,1,1,,1,1,46,45000,0,0,0,0,0,2,0,0,1
36628,1,3,,1,3,15,800,0,0,0,0,0,2,0,0,1
36655,1,1,,1,3,54,35000,10000,0,0,0,0,2,0,0,1
36758,1,1,,1,3,48,,0,0,0,0,0,1,5000,100,1
36809,1,1,,2,2,40,20000,0,0,0,0,10000,1,150000,6000,1
37115,1,1,,1,3,35,17000,0,0,0,0,0,1,15000,,2
37233,2,3,,1,1,12,3000,0,0,0,0,0,2,0,0,1
37288,1,1,,1,3,40,24000,0,0,0,0,0,2,0,0,2
37291,1,1,,1,3,45,16000,0,0,0,0,0,2,0,0,2
37310,1,1,,2,3,48,55000,0,0,0,10000,0,1,150000,5000,1
37342,1,1,,1,1,60,36000,0,0,0,0,0,2,0,0,2
37379,1,3,,1,3,10,10000,0,0,0,0,0,1,100,10,1
37394,1,3,,1,1,20,5000,0,0,0,0,0,2,0,0,3
37418,1,1,,42,2,100,60000,123000,3000000,0,0,500000,1,2500000,60000,1
37504,1,1,,1,1,30,70000,0,0,0,0,0,1,5000,500,1
37509,1,1,,50,1,50,150000,0,0,0,0,0,1,500000,15000,1
37521,1,1,,12,3,40,25000,0,0,0,0,0,2,0,0,1
37584,1,1,,1,1,48,50000,0,0,0,0,15000,1,10000,,3
37677,1,1,,1,1,40,36000,0,0,0,0,0,2,0,0,3
37696,1,1,,1,3,40,20000,0,0,0,0,0,2,0,0,3
38007,1,1,,1,1,44,35000,0,0,0,0,0,1,1000,,1
38038,1,1,,2,3,44,45000,0,0,0,10000,0,2,0,0,1
38038,1,1,,2,3,44,45000,0,0,0,10000,0,2,0,0,2
38104,1,1,,1,3,40,15000,300000,0,0,0,0,1,400000,5000,1
38127,1,2,5,5,3,17,3500,0,0,0,0,0,2,0,0,2
38175,1,1,,1,1,40,25000,0,0,0,0,0,1,5000,500,2
38259,1,1,,1,2,45,30000,0,0,0,10000,0,2,0,0,2
38259,1,1,,15,1,48,23000,0,0,0,0,0,2,0,0,3
38266,1,1,,1,3,60,24000,0,23000,0,4000,12000,1,50000,2500,1
38316,1,1,,1,1,40,70000,0,0,0,0,0,1,15000,1000,1
38316,1,1,,1,1,16,14000,0,0,0,0,0,2,0,0,2
38328,1,1,,6,1,48,59000,0,0,0,0,0,2,0,0,1
38330,1,1,,2,2,60,36000,280000,110000,0,40000,0,1,220000,13000,1
38333,1,1,,5,3,54,70000,20000,15000,40000,50000,40000,1,15000,3000,1
38335,1,1,,40,1,50,40000,0,0,0,0,0,2,0,0,2
38431,1,1,,1,3,20,12000,0,0,0,0,0,2,0,0,2
38558,1,1,,1,1,50,24000,0,0,0,0,0,2,0,0,1
38568,1,2,9,1,1,16,16320,0,0,0,0,0,2,0,0,1
38587,1,1,,4,1,40,80000,0,0,0,0,0,1,15000,1500,2
38587,2,1,,7,3,10,,0,0,0,0,0,1,6000,300,2
38701,1,1,,3,3,70,30000,0,0,0,0,0,1,18000,3000,1
38709,1,1,,1,3,50,13000,0,0,0,200,0,1,5000,300,2
38712,1,1,,35,1,40,15000,0,0,0,0,0,1,1000,,1
38726,2,3,,1,1,4,10000,0,0,0,0,0,2,0,0,1
38754,1,1,,2,3,40,24000,0,0,0,0,0,1,30000,5000,2
38770,1,3,,1,1,25,24000,70000,0,0,0,0,1,40000,4000,1
38770,2,3,,1,1,5,5000,0,0,0,0,0,2,0,0,3
38829,1,1,,2,3,40,35000,0,0,0,15000,10000,1,30000,1800,1
38860,1,1,,1,3,30,11000,0,0,0,0,0,1,40000,1000,1
38860,1,1,,1,3,48,18000,0,0,0,0,0,2,0,0,2
38873,1,1,,1,2,40,21000,0,2000,5000,0,0,2,0,0,1
38885,1,1,,1,3,44,5000,0,0,0,0,0,1,70000,250,2
38903,1,1,,2,3,40,25000,0,0,0,1000,2500,1,50000,1500,3
38977,1,1,,1,3,45,30000,0,0,0,0,0,1,,,1
38992,1,1,,40,1,14,6000,0,0,0,0,0,2,0,0,1
38995,2,3,,1,1,1,1000,0,0,0,0,0,2,0,0,1
39004,1,3,,1,3,20,7000,0,0,0,2000,0,1,20000,1000,2
39030,1,1,,2,3,60,15000,0,0,50000,30000,20000,1,50000,2000,1
39056,2,3,,1,3,20,12000,0,0,0,0,0,2,0,0,2
39086,1,1,,1,3,45,20000,0,10000,0,10000,20000,1,10000,3000,1
39206,2,3,,1,1,10,4000,0,0,0,0,0,2,0,0,1
39217,1,1,,1,3,40,15000,0,0,0,5000,1000,1,20000,5000,1
39227,1,1,,1,3,54,20000,0,0,0,0,0,1,60000,2400,3
39248,1,1,,6,3,50,30000,0,0,0,0,0,2,0,0,1
39285,1,1,,1,3,10,10000,0,0,0,0,0,1,5000,1000,2
39485,2,3,,1,3,1,600,0,0,0,0,0,2,0,0,2
39546,1,1,,2,3,60,21000,0,0,0,0,0,2,0,0,1
39581,2,1,,3,3,10,5000,0,0,0,0,0,1,5000,500,1
39805,1,1,,10,1,45,40000,0,0,25000,50000,30000,1,100000,20000,1
50031,1,1,,1,3,48,13000,0,0,0,0,0,1,30000,1000,1
50031,1,1,,1,3,48,13000,0,0,0,0,0,1,30000,1000,2
50049,1,1,,1,3,60,18000,0,0,0,0,0,1,120000,10000,2
50135,1,1,,5,1,40,300000,0,0,0,0,100000,1,500000,20000,1
50193,1,1,,12,1,50,,0,0,0,0,0,1,10000,3000,3
50195,1,2,3,1,3,40,6000,0,0,0,0,0,1,100000,4000,1
50199,2,3,,2,2,10,20000,0,0,0,0,2000,1,10000,5000,1
50199,2,3,,1,1,5,12000,0,0,0,0,0,2,0,0,1
50231,1,1,,2,3,52,5500,0,0,0,3500,0,2,0,0,1
50231,1,1,,2,3,15,,0,0,0,0,0,2,0,0,2
50274,1,1,,5,3,45,32000,5000,5000,2000,5000,30000,1,300000,10000,1
50281,1,1,,2,3,84,,0,0,0,0,0,2,0,0,1
50281,1,1,,2,3,84,20000,0,0,0,0,0,2,0,0,3
50525,2,1,,1,1,5,10000,0,0,0,0,0,2,0,0,1
50584,1,1,,1,1,50,35000,0,10000,0,10000,30000,1,100000,10000,1
50585,1,1,,1,3,30,18000,0,0,0,0,0,2,0,0,2
50632,1,1,,1,1,20,20000,0,8000,0,0,15000,1,,,3
50791,1,1,,1,1,60,6000,0,0,0,0,0,1,2000,150,1
50818,1,1,,1,1,40,21000,0,0,0,0,0,1,500,,1
50914,1,1,,1,3,60,45000,0,0,10000,5000,5000,1,20000,10000,1
51000,1,3,,1,3,4,4000,0,0,0,0,0,1,1000,100,1
51054,1,2,5,1,3,50,10000,0,0,0,0,0,2,0,0,2
51066,1,1,,1,3,40,30000,0,54000,0,0,0,2,0,0,1
51070,1,1,,1,3,40,10000,0,0,0,10000,5000,1,20000,3000,2
51388,1,1,,1,1,45,22000,0,0,10000,0,0,2,0,0,2
51420,1,1,,3,3,12,24000,0,0,0,0,0,2,0,0,1
51544,1,2,5,1,3,84,20000,0,38000,0,0,0,1,70000,7000,1
51740,1,1,,2,1,40,55000,0,0,0,10000,0,1,50000,10000,1
51740,1,1,,1,1,30,5000,0,0,0,0,0,2,0,0,4
51766,2,2,10,1,1,7,31000,0,0,0,0,0,2,0,0,1
51766,2,1,,20,1,18,20000,0,0,0,0,0,2,0,0,2
51773,1,2,10,2,2,50,,0,0,70000,20000,0,2,0,0,2
51811,1,,,1,3,40,10000,0,0,0,0,0,2,0,0,2
51881,1,1,,7,2,55,70000,100000,20000,30000,10000,350000,1,300000,12000,1
51955,1,2,7,4,3,70,40000,0,0,0,0,0,2,0,0,1
52110,1,1,,1,3,54,40000,0,0,0,0,0,2,0,0,1
52380,1,1,,1,1,48,25000,0,0,0,30000,0,1,50000,10000,2
52383,1,1,,3,3,48,30000,0,0,0,10000,0,1,600,200,1
52389,2,1,,2,1,15,20000,0,0,0,0,25000,1,60000,2000,1
52435,1,1,,1,2,50,12000,0,0,0,0,0,1,4000,500,1
52478,1,3,,1,1,36,7000,0,0,0,0,0,2,0,0,2
52697,1,1,,3,3,50,25000,0,0,0,0,0,1,40000,2500,1
52718,1,1,,2,3,48,30000,0,0,4000,0,0,1,15000,1200,1
52791,1,1,,1,2,65,40000,0,0,0,0,0,1,20000,10000,1
52985,1,1,,1,1,55,60000,0,0,0,0,0,2,0,0,1
52989,1,2,6,1,3,40,12000,0,14000,0,0,0,1,14000,1000,1
52992,1,1,,2,2,15,5000,0,0,0,0,0,1,10000,350,1
52992,1,1,,2,2,15,5000,0,0,0,0,0,1,10000,350,4
53013,2,1,,1,1,3,2000,0,0,0,0,0,2,0,0,1
53029,1,1,,1,1,45,30000,0,0,0,0,5000,2,0,0,3
53042,1,3,,1,3,12,10000,0,0,0,0,0,2,0,0,1
53081,1,1,,2,3,60,30000,0,0,0,0,0,1,40000,,3
53193,1,1,,10,1,45,15000,0,0,0,0,0,2,0,0,3
53373,2,3,,2,3,1,500,0,0,0,0,0,2,0,0,3
53376,1,1,,1,1,54,70000,0,9000,9000,0,20000,1,70000,10000,1
53474,1,1,,2,1,45,,0,0,0,0,0,1,,,1
53531,1,1,,1,1,50,200000,0,0,0,0,300000,2,0,0,1
53673,1,1,,1,3,50,18000,0,0,0,0,0,2,0,0,1
53751,1,1,,2,3,55,40000,0,150000,150000,0,0,1,200000,5000,1
53849,1,1,,1,3,40,30000,0,0,0,0,0,2,0,0,3
53997,1,1,,1,3,8,10000,0,0,0,0,0,2,0,0,1
53997,1,1,,1,3,36,22000,0,0,0,0,0,2,0,0,3
54021,1,1,,1,3,10,23000,0,0,0,0,0,1,15000,500,1
54116,1,2,8,320,3,20,10400,0,0,0,0,0,2,0,0,2
54279,2,2,2,1,1,30,4000,0,0,0,0,0,2,0,0,1
54502,1,2,1,1,3,65,2000,0,0,0,0,0,2,0,0,2
54527,1,1,,2,3,40,37000,0,9000,15000,0,0,2,0,0,1
54618,1,1,,3,3,40,14000,0,0,0,0,0,1,50000,5000,2
54618,2,3,,1,1,1,3000,0,0,0,0,1,1,5000,,2
54723,2,3,,1,1,10,5500,0,0,0,0,0,1,2000,,1
54763,1,1,,3,3,8,20000,0,0,0,0,0,1,10000,,1
54949,1,1,,1,1,35,18000,0,0,0,0,0,2,0,0,1
55006,1,1,,1,1,35,80000,0,0,0,0,0,2,0,0,1
55084,1,1,,1,1,60,65000,0,1200,0,0,0,1,,,1
55221,1,3,,1,3,20,10000,0,0,0,0,0,2,0,0,1
55275,1,1,,1,3,30,22000,0,0,0,0,0,2,0,0,1
55362,1,1,,2,1,60,30000,0,0,0,2000,15000,1,50000,5000,3
55430,1,1,,1,1,48,11000,0,0,0,0,0,1,4000,1000,1
55743,1,1,,1,3,42,,0,0,0,0,0,2,0,0,1
55799,1,1,,1,1,60,24000,0,0,0,0,0,2,0,0,1
56039,2,3,,2,1,3,10000,0,0,0,0,0,2,0,0,1
56080,1,1,,3,3,53,32000,0,0,7000,0,30000,1,40000,10000,1
56080,1,3,,1,1,12,10000,0,0,0,0,0,1,8000,1000,4
56165,1,1,,4,1,40,50000,0,0,0,0,0,1,5000,500,2
56165,2,3,,1,3,2,,0,0,0,0,0,2,0,0,5
56202,1,1,,1,3,45,22000,0,0,0,0,0,1,150000,10000,1
56215,1,1,,3,2,40,45000,0,0,0,2000,2300,1,40000,2000,1
56262,1,1,,2,3,50,50000,0,0,0,5000,10000,2,0,0,2
56457,1,2,4,1,1,7,1800,0,0,0,0,0,2,0,0,3
56467,1,2,6,1,3,20,18000,0,0,0,0,0,2,0,0,1
56473,1,1,,,1,,14000,0,0,0,0,0,2,0,0,2
56529,1,1,,2,1,110,80000,0,0,0,0,50000,1,10000,5000,1
56629,1,3,,1,3,15,14000,0,0,0,0,0,2,0,0,1
56696,1,3,,1,2,2,1500,0,0,0,0,0,2,0,0,1
56721,1,1,,1,1,40,10000,0,0,0,0,0,1,15000,1500,2
56776,1,1,,5,1,50,35000,0,0,0,0,0,2,0,0,1
56776,1,3,,1,1,5,3000,0,0,0,0,0,2,0,0,2
56878,1,1,,1,1,20,40000,0,0,0,0,0,1,20000,,1
57027,1,1,,1,3,50,20000,0,0,0,0,0,2,0,0,1
57094,1,1,,1,3,10,12000,0,0,0,0,0,2,0,0,3
57126,2,1,,1,1,4,34000,0,0,0,0,0,1,10000,5000,1
57281,1,1,,1,3,44,10000,0,0,0,0,0,1,200,100,1
57410,1,1,,1,3,40,10000,0,0,0,0,0,2,0,0,1
57410,1,1,,4,2,50,30000,0,0,0,5000,15000,1,50000,5000,2
57678,1,1,,1,3,48,12000,0,0,0,0,0,1,20000,,1
57692,1,3,,1,3,5,500,0,0,0,0,0,2,0,0,1
57915,1,3,,50,3,40,27000,0,0,0,0,0,2,0,0,2
58002,1,1,,1,3,55,18000,0,0,0,0,0,1,10000,,3
58042,2,3,,1,3,30,10000,0,0,0,0,0,2,0,0,1
58064,1,1,,2,1,50,35000,0,0,0,0,5000,1,10000,2000,1
60019,1,1,,2,1,40,80000,0,0,0,0,0,1,20000,,1
60028,1,1,,2,3,72,30000,17000,100000,0,0,0,1,200000,20000,2
91004,1,1,,1,3,45,45000,0,0,0,0,0,1,200000,10000,1
91007,1,1,,1,1,40,50000,0,0,0,0,0,2,0,0,1
91013,1,1,,1,3,52,15000,0,0,0,0,0,1,50000,,1
91022,1,1,,1,1,45,50000,0,0,0,0,0,1,1000,250,1
91028,1,1,,1,1,55,75000,0,0,0,0,0,1,,,2
91032,1,1,,1,3,60,27000,0,0,0,0,0,2,0,0,1
91050,1,1,,2,1,30,30000,0,0,0,0,0,1,4000,800,1
91057,1,1,,3,3,70,26000,0,0,0,0,60000,1,25000,,1
91073,1,1,,3,1,40,30000,0,0,0,0,0,1,30000,5000,1
91075,1,3,,1,1,35,11800,0,0,0,0,0,2,0,0,1
91075,1,1,,1,1,35,14500,0,0,0,0,0,2,0,0,2
91076,1,1,,1,2,66,10000,0,60000,0,0,30000,1,50000,2000,1
91081,1,1,,1,3,45,25000,0,15000,0,0,0,1,100000,3500,1
91096,2,3,,1,1,1,6000,0,0,0,0,0,2,0,0,1
91101,1,1,,2,2,44,23000,0,0,0,0,0,1,150000,5000,1
117019,1,1,,2,3,20,,0,0,0,0,0,2,0,0,1
121040,1,1,,1,3,45,12500,0,0,0,0,0,2,0,0,1
123070,1,3,,1,3,50,20000,0,0,0,0,0,2,0,0,1
131087,1,1,,1,3,80,18000,3000,0,0,0,0,2,0,0,1
136061,1,1,,1,3,40,18000,0,0,0,0,0,1,1000,200,1
137089,1,1,,7,1,50,50000,0,0,0,0,0,1,10000,2500,1
137089,1,1,,7,1,60,50000,0,0,0,0,0,1,10000,2500,2
138091,1,1,,2,3,50,40000,0,10000,0,0,0,1,10000,,1
138091,1,1,,2,3,30,25000,0,0,0,0,0,2,0,0,3
145007,1,1,,1,1,45,40000,0,0,0,0,0,1,10000,2000,1
145007,1,1,,1,1,30,17000,0,0,0,0,0,2,0,0,2
147071,1,1,,1,3,96,25000,0,5000,5000,0,0,1,150000,2000,1
162067,1,1,,1,3,40,12000,0,0,0,0,0,1,10000,2000,1
193026,1,2,4,1,3,25,10000,0,0,0,0,0,1,10000,,1
193026,1,1,,1,3,40,12000,0,0,0,0,0,1,5000,,3
193044,1,1,,4,3,40,17000,350000,0,50000,45000,0,1,70000,5000,1
211021,1,1,,2,3,50,20000,0,0,0,1000,10000,1,50000,3000,1
213440,1,1,,3,1,55,70000,0,0,30000,30000,180000,1,200000,6000,1
215016,1,1,,2,3,30,25000,0,0,0,0,0,1,180000,5000,1
215052,1,1,,4,3,45,20000,0,0,0,0,0,1,40000,5000,1
220090,1,1,,1,3,70,35000,0,0,0,0,0,2,0,0,1
220090,1,1,,1,3,45,5000,0,0,0,0,0,2,0,0,3
230023,1,1,,1,3,40,38000,0,0,0,0,0,1,250000,200,3
230039,1,1,,1,3,15,6000,0,0,0,0,0,2,0,0,2
230060,1,1,,2,3,40,18000,0,0,0,0,0,1,10000,1000,2
230087,1,1,,1,3,40,48000,0,0,0,0,0,2,0,0,2
243067,2,1,,1,3,1,8000,0,0,0,0,0,2,0,0,1
243067,1,1,,1,3,44,24000,0,0,0,0,8000,1,20000,3000,2
246013,1,1,,2,3,60,15000,0,0,0,30000,0,2,0,0,1
246013,1,1,,2,3,60,15000,0,0,0,30000,0,2,0,0,2
250004,1,1,,1,1,50,12000,0,0,10000,0,0,1,5000,2500,1
250005,1,1,,1,1,40,20000,0,0,0,0,0,2,0,0,2
250056,1,1,,1,3,48,10000,0,80000,20000,0,10000,2,0,0,1
256024,1,1,,1,3,48,8000,0,0,0,0,0,1,15000,1000,2
264008,1,1,,1,3,85,20000,0,0,20000,0,0,1,50000,10000,1
264008,1,1,,1,3,80,20000,0,0,20000,0,0,1,50000,10000,2
279054,1,1,,80,3,35,6000,0,0,0,0,0,2,0,0,2
282074,1,3,,1,3,15,5000,0,0,0,0,0,2,0,0,1
282074,1,1,,7,1,40,10000,0,0,0,0,0,2,0,0,2
282081,1,1,,1,3,50,20000,18000,0,14000,4500,10000,1,170000,,1
282089,1,1,,2,3,55,18000,0,0,0,0,4000,1,100000,4000,1
289082,1,1,9,1,3,36,15000,0,0,0,0,0,1,3000,,1
294039,1,2,10,1,3,50,28000,0,0,0,0,0,1,1000,,2
299059,1,1,,99,1,15,,0,0,0,0,0,2,0,0,2
305042,1,1,,5,3,1,1500,0,0,0,0,0,2,0,0,5
314010,1,1,,19,1,48,18000,0,0,0,0,0,2,0,0,1
350035,1,1,,1,3,40,80000,0,0,0,0,0,2,0,0,1
355076,1,1,,1,3,40,22000,0,0,0,0,0,2,0,0,2
364310,1,1,,1,3,40,20000,0,0,0,0,0,1,10000,2000,1
368079,1,1,,1,3,40,5000,4000,5000,0,0,0,2,0,0,4
369017,1,1,,1,1,96,,0,0,0,0,0,1,7000,400,1
369056,1,1,,4,1,3,,0,0,0,0,0,2,0,0,2
369056,1,1,,1,1,28,,0,0,0,0,0,2,0,0,3
369056,1,1,,1,1,20,,0,0,0,0,0,2,0,0,4
372062,1,1,,4,2,60,15000,300000,150000,0,600000,400000,1,600000,12500,1
372062,1,1,,4,2,40,15000,0,0,0,0,0,1,600000,12500,2
389066,1,1,,2,3,55,25000,0,0,0,10000,10000,1,20000,5000,1
500026,1,1,,1,3,50,25000,0,0,0,0,10000,1,35000,2000,1
500027,1,1,,3,2,48,39000,0,0,0,0,0,2,0,0,1
500041,1,1,,1,3,60,20000,0,0,50000,30000,15000,2,0,0,1
500053,1,1,,2,3,40,24000,0,0,0,3000,8000,1,70000,2000,1
500077,1,1,,3,3,50,35000,200000,0,1500,1500,10000,1,700000,25000,1
500087,1,1,,1,1,60,30000,0,15000,0,0,0,1,25000,5000,1
500090,1,1,,1,3,45,18000,0,1000,0,1000,5000,1,30000,5000,3
500103,1,1,,1,3,45,24000,0,0,0,5000,6000,1,150000,10000,1
500122,1,1,,3,3,45,40000,0,0,0,0,0,1,30000,2000,1
500124,1,1,,1,3,40,38000,0,0,0,0,0,2,0,0,1
500144,1,1,,1,3,55,,0,0,0,0,0,1,,,2
500148,1,1,,1,1,45,40000,0,0,0,0,0,2,0,0,1
500224,1,1,,9,3,55,30000,3000,25000,5000,15000,40000,1,800000,20000,2
500305,1,1,,1,3,50,20000,0,0,0,0,0,1,20000,2000,1
500320,1,1,,6,3,40,60000,0,0,0,0,0,2,0,0,1
500321,1,1,,4,1,48,25000,0,0,0,0,0,2,0,0,2
500338,1,1,,1,3,50,50000,0,0,0,0,0,2,0,0,1
500345,1,1,,1,3,50,30000,0,0,0,0,0,1,5000,,1
500353,1,2,6,1,1,4,3000,0,0,0,0,0,2,0,0,2
500355,1,1,,1,3,40,35000,0,0,0,0,0,1,150000,5500,1
500362,1,1,,2,3,40,21000,0,0,0,0,0,1,250000,5000,1
500367,1,1,,1,1,30,18000,0,0,4000,0,3000,1,,3000,1
500388,1,2,9,1,1,48,17000,0,0,0,0,0,2,0,0,1
500430,1,1,,4,3,35,50000,0,0,0,0,0,2,0,0,1
500454,1,1,,1,3,30,20000,0,0,0,0,0,2,0,0,1
500456,1,1,,15,3,66,36000,250000,25000,5000,10000,100000,1,500000,25000,1
500471,1,1,,12,2,50,50000,0,0,0,0,0,2,0,0,1
500485,1,1,,3,1,50,60000,0,0,0,0,0,2,0,0,1
500489,1,1,,1,1,50,30000,0,10000,2000,1000,10000,1,20000,2000,1
500494,1,1,,1,3,38,32000,0,0,0,4000,5500,1,150000,10000,1
500495,1,1,,2,3,60,36000,100000,15000,5000,5000,30000,1,500000,25000,1
500496,1,1,,1,3,60,60000,0,0,0,0,0,1,100000,15000,1
500511,1,1,,1,3,40,17000,0,0,0,0,0,1,2000,,1
500574,1,1,,8,2,55,40000,0,3000,0,10000,10000,1,1000000,25000,1
500581,1,1,,5,3,54,40000,0,10000,5000,60000,75000,1,800000,30000,1
500601,1,1,,1,3,60,30000,0,0,0,0,6000,1,35000,,1
500601,1,2,7,1,2,30,12000,0,0,0,0,0,1,15000,,2
500628,1,1,,300,1,45,36000,0,0,0,0,0,1,,,1
500641,1,1,,3,1,40,35000,0,0,0,0,0,1,,,2
500689,1,2,8,1,1,6,4200,0,0,0,0,0,2,0,0,2
500710,1,1,,10,1,45,50000,0,0,0,0,0,1,15000,1500,1
500751,1,1,,1,3,50,40000,0,0,0,500,1000,2,0,0,1
500784,1,1,,1,1,50,13000,0,0,0,0,0,2,0,0,1
500784,1,1,,3,2,48,40000,0,0,0,0,0,1,300000,5000,2
500991,1,1,,2,1,50,30000,0,0,0,13000,40000,1,10000,2000,1
501015,1,1,,4,3,40,60000,0,0,0,0,10000,1,40000,20000,1
501015,1,1,,1,3,35,35000,0,0,0,0,0,1,25000,12000,2
501051,1,1,,1,1,50,150000,0,0,0,0,0,2,0,0,1
501053,1,1,,1,1,35,23000,2000,1000,0,2000,10000,1,30000,5000,1
501059,1,1,,4,3,40,36000,0,15000,0,0,23000,1,250000,10000,1
501113,1,1,,1,1,50,45000,0,0,0,0,0,2,0,0,1
501115,1,2,10,1,3,40,20000,0,0,0,0,0,1,5000,300,1
501119,1,1,,1,3,70,35000,0,0,0,0,5000,1,40000,4000,1
501131,1,1,,2,3,40,20000,0,0,0,0,0,1,3000,300,2
501194,1,1,,2,1,45,45000,0,0,0,0,0,2,0,0,1
501225,1,1,,2,1,50,30000,0,0,0,0,0,1,5000,1500,1
501311,1,1,,5,1,45,60000,0,1000,0,0,0,2,0,0,1
501315,1,1,,1,1,50,40000,0,0,0,0,0,2,0,0,1
501317,1,1,,2,3,55,30000,0,0,0,0,0,1,200000,6000,1
501325,1,1,,1,3,40,30000,0,0,0,0,0,2,0,0,1
501325,1,1,,1,1,40,30000,0,0,0,0,0,2,0,0,2
501334,1,1,,1,2,48,28000,0,0,0,0,0,2,0,0,1
501383,1,1,,1,1,44,24000,0,0,0,0,0,1,100000,5000,2
501393,1,1,,1,1,42,45000,0,0,0,0,0,1,15000,,2
501397,1,1,,4,1,45,35000,0,0,0,0,0,1,20000,5000,1
501429,2,2,7,1,1,20,30000,0,0,0,0,0,2,0,0,1
501429,2,2,7,1,1,20,30000,0,0,0,0,0,2,0,0,2
501440,1,1,,1,1,39,12000,0,0,0,0,0,2,0,0,1
501440,1,1,,1,1,35,14000,0,0,0,0,0,2,0,0,2
501440,1,1,,1,3,45,6500,0,0,0,0,0,2,0,0,3
501442,1,2,10,50,3,36,35000,0,0,0,0,20000,1,3000,100,1
501442,1,1,,100,1,40,12000,0,0,0,0,14000,1,1000,700,2
501448,1,3,,3,2,30,40000,25000,10000,10000,8000,15000,1,50000,3000,1
501449,1,1,,1,3,40,25000,0,0,0,0,0,1,20000,2000,1
501514,1,1,,3,2,48,40000,0,0,0,0,0,1,100000,5000,1
501529,1,1,,50,2,40,90000,0,0,0,0,0,2,0,0,1
501534,1,1,,1,3,48,,0,0,4000,0,0,2,0,0,1
501540,1,1,,1,3,20,11000,0,0,0,0,0,2,0,0,1
501540,1,2,9,1,3,50,13000,0,0,0,0,0,2,0,0,3
501541,1,1,,1,1,50,45000,0,5000,0,0,0,2,0,0,1
501553,1,3,,1,3,10,6000,0,0,0,0,3000,2,0,0,1
501575,1,1,,1,3,37,15000,0,0,0,0,0,1,50000,2000,2
501576,1,1,,1,3,20,15000,0,0,0,0,5000,2,0,0,1
501585,1,1,,1,3,30,15000,0,0,0,0,0,2,0,0,1
501619,1,1,,1,3,50,24000,0,0,0,0,0,1,100000,10000,1
501632,1,1,,1,1,60,40000,0,0,0,0,0,2,0,0,1
501641,1,1,,2,3,48,48000,0,0,0,0,0,1,110000,6000,1
501647,1,1,,3,3,40,18000,0,0,0,0,0,1,300000,10000,1
501648,1,1,,1,1,45,20000,0,0,0,0,0,2,0,0,1
501648,1,1,,1,1,48,25000,0,0,0,0,0,2,0,0,2
501682,2,3,,1,3,1,1000,0,0,0,0,0,2,0,0,2
501686,1,1,,1,1,50,55000,0,40000,0,0,0,1,55000,25000,1
501703,1,1,,1,1,50,6000,0,0,570,0,0,1,,5000,1
501713,1,1,,30,2,48,800000,180000,500000,100000,50000,300000,1,10000,1000,1
501723,1,1,,2,1,44,55000,0,0,0,0,30000,1,20000,5000,1
501740,1,1,,1,1,18,12000,0,0,0,0,0,2,0,0,1
501740,1,1,,1,1,40,36000,0,0,0,0,0,2,0,0,2
501749,2,1,,1,1,15,40000,0,0,0,0,0,1,16500,4000,1
501749,1,1,,1,1,4,2000,0,0,0,0,0,2,0,0,2
501777,1,1,,1,1,45,24000,0,0,0,0,0,2,0,0,1
501785,2,2,3,1,1,6,1000,0,0,0,0,0,2,0,0,2
501821,1,1,,2,1,40,20000,0,0,0,0,0,1,5000,1000,3
501868,1,1,,1,3,40,20000,0,0,0,0,0,1,40000,2000,1
501875,1,1,,6,3,50,30000,0,0,0,0,0,2,0,0,1
501881,1,1,,5,3,50,45000,0,0,0,0,0,1,80000,6000,1
501881,1,1,,5,3,15,10000,0,0,0,0,0,1,80000,6000,2
501881,1,1,,5,3,40,20000,0,0,0,0,0,1,80000,6000,3
501883,1,1,,1,3,48,18000,0,0,0,0,0,2,0,0,2
501978,1,1,,7,1,75,60000,0,0,0,0,0,1,10000,1000,1
501978,1,1,,1,1,45,60000,0,0,0,0,0,2,0,0,2
502016,1,1,,2,3,48,42000,0,10000,0,2000,3000,1,12000,4000,2
502025,2,3,,1,3,6,150,0,0,0,0,0,2,0,0,2
502040,1,2,1,2,3,90,,0,0,0,100000,0,1,300000,20000,2
502097,1,1,,3,2,44,15240,0,0,0,0,0,2,0,0,1
502114,1,1,,1,3,50,20000,0,0,0,0,0,2,0,0,1
502152,1,1,,10,2,40,60000,200000,80000,300000,200000,0,1,3000000,67500,1
502152,1,1,,1,1,40,35000,0,0,0,0,0,2,0,0,2
502189,1,1,,3,2,60,40000,0,0,0,0,0,1,400000,10000,1
502196,2,1,,20,1,8,2700,0,0,0,0,0,2,0,0,1
502227,1,1,,2,3,45,27000,0,0,0,0,0,2,0,0,3
502227,1,1,,2,3,45,27000,0,0,0,0,0,2,0,0,4
502232,1,1,,3,3,45,40000,0,0,0,0,0,1,15000,1000,1
502232,1,1,,4,1,45,40000,0,0,0,0,0,1,10000,1000,3
502232,1,1,,4,3,40,36000,0,0,0,0,0,1,10000,1000,4
502235,1,1,,3,3,45,40000,0,0,0,0,0,1,10000,1000,1
502235,1,1,,4,1,42,35000,0,0,0,0,0,1,10000,1000,2
502237,1,1,,4,1,45,34000,0,0,0,0,0,1,15000,1500,1
502238,1,1,,3,1,40,60000,0,0,0,0,0,1,20000,1000,1
502238,1,1,,1,1,40,30000,0,0,0,0,0,2,0,0,3
502240,1,1,,1,3,40,24000,0,0,0,0,0,2,0,0,1
502244,1,1,,3,3,50,20000,0,100000,0,0,0,1,200000,8000,3
502246,1,1,,5,1,40,30000,0,0,0,0,0,1,110000,10000,1
502261,1,1,,3,2,40,40000,0,9000,10000,0,0,1,180000,5000,1
502314,1,1,,10,2,50,30000,0,0,100000,0,0,1,450000,10000,1
502314,1,1,,10,2,60,40000,0,0,100000,0,0,1,450000,10000,2
502354,1,1,,5,3,50,18000,0,0,0,0,0,2,0,0,1
502365,1,3,,1,3,10,6000,0,0,0,0,3000,2,0,0,1
502375,1,1,,5,1,50,80000,0,0,0,0,100000,1,,10000,1
502389,1,1,,1,1,50,35000,0,0,0,0,20000,1,40000,2500,1
502393,1,1,,2,3,40,17000,0,0,0,5000,2000,1,40000,1000,1
502403,1,1,,8,1,30,35000,0,0,0,0,0,1,,,1
502434,1,1,,3,1,50,100000,0,0,0,0,0,1,5000,300,1
502438,1,1,,3,2,45,30000,0,0,0,0,0,2,0,0,1
502459,1,1,,2,1,20,30000,0,0,0,0,0,1,20000,5000,1
502502,2,3,,2,3,3,2000,0,0,0,0,0,1,7000,1000,1
502530,1,1,,1,3,45,25000,0,0,0,0,0,1,3000,1000,1
502546,1,1,,1,1,60,67000,400000,0,50000,0,0,2,0,0,1
502547,1,1,,1,3,45,27000,0,0,0,0,0,1,80000,5000,1
502560,1,1,,1,3,50,50000,0,0,0,0,0,2,0,0,1
502590,1,1,,3,1,40,120000,0,0,0,0,0,1,100000,30000,1
502664,2,2,3,1,1,6,7000,0,0,0,0,0,2,0,0,1
502697,1,1,,70,3,40,30000,0,0,0,0,0,2,0,0,1
502703,1,1,,1,3,40,30000,0,0,0,0,0,2,0,0,1
502704,1,1,,1,3,50,60000,0,0,60000,50000,0,1,200000,,2
502721,2,1,,5,2,30,,0,0,0,0,0,2,0,0,1
502723,1,1,,1,3,30,10000,0,0,0,50000,3000,2,0,0,1
502723,1,1,,1,1,30,10000,0,0,0,0,0,2,0,0,2
502737,1,1,,1,1,50,21000,0,0,0,0,0,1,6000,500,3
502742,2,3,,3,3,30,2000,0,0,0,0,0,2,0,0,3
502754,1,2,8,1,3,42,4000,0,0,0,20000,0,1,20000,2000,4
502772,1,1,,1,3,50,12000,0,0,0,0,0,1,35000,1000,1
502785,1,1,,20,2,50,15000,300000,0,0,0,0,1,500000,12500,1
502793,1,2,3,15,3,8,4000,0,0,0,0,0,2,0,0,1
502793,2,3,,1,3,10,2000,0,0,0,0,0,2,0,0,1
502804,1,1,,1,1,50,30000,0,0,0,0,0,2,0,0,1
502810,1,1,,2,2,46,10000,0,0,0,0,0,2,0,0,1
502852,1,1,,1,3,35,16000,0,0,0,0,4000,2,0,0,1
502854,1,1,,1,3,15,12000,0,0,0,0,0,2,0,0,2
502874,2,1,,1,3,15,6000,0,0,0,0,0,2,0,0,1
502896,1,1,,1,3,42,30000,0,0,0,0,0,1,20000,10000,2
502903,1,1,,4,1,50,120000,0,0,0,0,100000,1,15000,4000,1
502947,1,3,,15,3,5,15000,0,0,0,0,0,2,0,0,1
502965,1,1,,1,3,70,9000,0,0,0,0,0,1,60000,1600,2
503015,1,1,,1,1,35,25000,0,0,0,0,0,1,3500,350,1
503022,1,1,,5,3,60,72000,0,0,0,0,0,1,800000,20000,1
503024,1,1,,1,3,20,20000,0,0,0,0,0,2,0,0,1
503034,2,3,,1,3,5,5000,0,0,0,0,0,1,,,1
503057,1,1,,1,1,50,40000,0,0,0,0,0,2,0,0,1
503063,1,1,,1,1,40,25000,0,0,0,0,30000,2,0,0,1
503063,1,1,,1,1,30,35000,0,0,0,0,15000,2,0,0,2
503072,1,1,,10,1,44,,0,0,0,0,0,2,0,0,1
503088,1,1,,5,1,40,100000,0,0,0,0,0,2,0,0,1
503112,1,1,,1,1,40,55000,0,0,0,0,25000,2,0,0,1
503130,1,1,,1,3,4,6000,0,0,0,0,0,2,0,0,2
503149,1,1,,5,1,9,45000,0,0,0,0,0,2,0,0,1
503154,1,1,,1,3,55,15000,0,0,8000,0,0,1,150000,10000,1
503173,1,2,9,1,3,60,20000,0,0,0,0,0,1,10000,2000,1
503178,1,1,,6,1,50,80000,0,0,50000,0,100000,1,,10000,1
503221,1,1,,19,2,10,79000,0,0,0,0,0,1,2000000,75000,1
503260,1,1,,1,1,25,18000,0,0,0,0,0,1,2000,500,1
503260,2,1,,1,1,3,12000,0,0,0,0,0,1,3000,500,2
503268,1,1,,1,1,50,60000,0,0,0,0,0,2,0,0,1
503299,2,3,,150,1,3,1300,0,0,0,0,0,1,28000,500,1
503309,1,1,,3,3,50,20000,0,0,0,0,0,2,0,0,1
503313,1,1,,2,3,60,25000,0,100000,0,500,0,1,30000,5000,1
503332,1,2,3,1,3,35,3100,0,0,0,0,0,2,0,0,1
503366,2,2,7,8,1,10,,0,0,0,0,0,2,0,0,1
503369,1,1,,1,3,60,10000,0,0,0,0,0,1,50000,1500,1
503393,1,2,10,1,1,15,20000,0,0,0,0,0,1,5000,,1
503393,1,1,,1,1,20,20000,0,0,0,0,0,1,5000,,1
503417,2,2,6,1,1,20,6000,0,0,0,0,0,2,0,0,1
503417,2,3,,50,1,1,2000,0,0,0,0,0,2,0,0,2
503437,1,2,4,30,1,40,6000,0,0,0,0,0,2,0,0,3
503449,1,1,,2,1,105,30000,0,0,0,0,0,1,350000,12000,1
503450,1,1,,5,1,54,400000,550000,550000,0,0,0,1,20000,,1
503506,1,1,,1,1,20,21500,0,0,0,0,0,2,0,0,2
503506,2,3,,1,1,1,1500,0,0,0,0,0,2,0,0,2
503518,1,1,,1,1,50,16000,0,0,0,0,0,2,0,0,1
503530,1,1,,1,1,48,40000,0,0,0,0,0,2,0,0,1
503548,1,1,,2,3,50,35000,0,0,0,10000,0,2,0,0,3
503609,1,1,,2,3,40,20000,0,0,0,0,0,2,0,0,1
503609,1,1,,2,3,40,20000,0,0,0,0,0,2,0,0,2
503618,1,1,,1,3,60,30000,0,0,0,0,0,1,10000,500,1
503624,2,2,6,1,1,6,6000,0,0,0,0,0,2,0,0,1
503624,1,2,1,1,1,40,800,0,0,0,0,0,2,0,0,2
503624,1,2,4,1,3,21,1500,0,0,0,0,0,2,0,0,3
503639,1,2,6,1,3,20,3000,0,0,0,0,0,2,0,0,2
503644,1,1,,1,3,50,24000,0,0,0,0,0,1,30000,7500,1
503712,1,1,,6,1,56,37000,0,0,0,0,0,1,30000,5000,1
503728,1,1,,7,1,50,10000,0,20000,0,0,0,1,10000,4000,2
503764,1,1,,1,3,50,30000,0,0,0,0,0,2,0,0,1
503788,1,1,,3,3,44,30000,45000,0,0,0,0,1,10000,4000,1
503788,1,1,,2,3,44,10000,0,0,0,0,0,1,5000,500,4
503790,2,1,,1,3,20,35000,0,0,0,0,0,2,0,0,1
503792,1,1,,1,3,15,12000,0,0,0,0,0,1,4000,100,2
503804,1,1,,1,3,50,20000,0,0,0,0,0,1,40000,6000,3
503814,1,1,,1,1,40,30000,0,0,0,0,0,2,0,0,1
503850,1,1,,1,1,40,50000,0,0,0,0,15000,2,0,0,1
503855,1,1,,4,3,55,6000,0,0,0,0,0,1,200,,1
503879,1,1,,1,3,55,20000,0,0,0,0,0,1,60000,,1
503895,1,1,,1,3,50,13000,0,0,0,0,0,2,0,0,1
504007,1,1,,5,3,40,32000,0,0,0,0,250000,1,40000,,1
504012,2,3,,1,1,5,6000,0,0,0,0,0,2,0,0,1
504086,1,1,,1,3,50,40000,0,0,0,0,0,2,0,0,2
504108,1,1,,1,1,40,50000,0,0,0,0,0,2,0,0,1
504137,1,2,11,1,1,45,30000,0,0,0,0,0,2,0,0,1
504138,1,1,,2,3,40,100000,0,0,0,0,45000,1,300000,20000,1
504168,1,1,,1,3,60,25000,0,0,7000,0,0,1,35000,,1
504201,1,1,,8,3,54,18000,0,0,0,0,0,2,0,0,2
504215,1,2,8,1,3,50,,0,0,0,0,0,2,0,0,1
504274,1,1,,4,3,50,30000,0,0,0,0,0,2,0,0,1
504274,1,1,,4,3,50,30000,0,0,0,0,0,2,0,0,2
504307,1,1,,4,3,50,30000,0,0,0,0,0,1,,,1
504314,1,1,,6,1,35,80000,0,0,0,0,0,2,0,0,1
504314,1,1,,1,1,20,15000,0,0,0,0,0,2,0,0,3
504315,1,1,,6,1,40,100000,0,0,0,0,0,1,30000,15000,1
504328,1,1,,1,3,20,15000,0,0,0,0,0,1,80000,2000,1
504333,1,1,,6,3,40,60000,0,0,0,0,0,2,0,0,1
504333,1,1,,6,3,40,60000,0,0,0,0,0,2,0,0,2
504333,1,1,,3,1,40,70000,0,0,0,0,0,2,0,0,3
504340,1,1,,6,2,40,30000,0,20000,0,10000,50000,2,0,0,1
504340,1,1,,10,1,40,20000,0,0,0,0,0,2,0,0,4
504361,1,1,,1,1,60,36000,0,0,0,0,0,2,0,0,1
504393,1,2,9,3,3,50,20000,0,0,0,3000,0,1,100000,10000,1
504423,1,2,8,1,3,70,50000,0,15000,0,0,0,2,0,0,1
504423,2,2,4,1,3,60,5000,0,50000,0,7000,9000,1,100000,,1
504430,1,1,,1,3,35,27000,0,0,0,0,0,2,0,0,1
504436,1,1,,2,3,52,30000,0,0,0,0,0,2,0,0,1
504458,1,2,5,1,1,28,25000,0,0,0,0,0,2,0,0,1
504501,1,1,,1,3,66,30000,0,0,0,0,0,1,200000,8000,1
504512,1,1,,1,3,70,24000,0,60000,0,0,0,1,250000,6000,1
504535,1,1,,1,3,60,30000,0,0,0,0,0,1,50000,10000,1
504541,1,1,,2,3,78,24000,0,0,30000,2000,50000,1,200000,6000,1
504568,1,1,,2,3,78,50000,0,10000,0,0,0,2,0,0,1
504587,1,1,,1,1,50,30000,0,0,0,0,10000,1,10000,2000,1
504602,1,1,,1,3,40,45000,0,0,0,6000,0,1,90000,5000,1
504611,1,1,,2,3,43,48000,0,0,20000,0,0,1,50000,20000,2
504618,1,1,,1,3,45,45000,0,10000,0,0,0,2,0,0,2
504626,1,1,,1,3,40,20000,0,10000,0,0,0,2,0,0,2
504637,1,1,,2,1,39,25000,0,0,0,0,0,1,5000,1000,1
504642,1,1,,4,1,60,36000,0,0,0,0,0,2,0,0,1
504651,1,1,,1,3,65,30000,0,0,0,0,40000,1,100000,5000,1
504654,1,1,,1,1,8,10000,0,0,0,0,0,2,0,0,2
504657,1,1,,1,3,60,16000,0,0,0,0,0,1,20000,,1
504672,1,1,,10,1,48,,0,0,0,0,0,2,0,0,1
504689,1,2,2,1,1,15,1000,0,0,0,0,0,2,0,0,3
504713,1,1,,7,2,55,45000,0,0,0,0,0,2,0,0,1
504730,1,1,,1,3,30,15000,0,0,0,0,0,2,0,0,1
504746,1,1,,1,3,50,30000,60000,0,0,30000,0,1,100000,2500,1
504746,1,1,,2,3,60,20000,0,50000,0,0,0,1,60000,8000,2
504777,1,1,,1,3,40,20000,0,0,0,0,0,1,40000,6000,1
504821,1,1,,3,3,50,30000,0,0,0,0,0,1,40000,5000,1
504822,1,1,,1,3,40,15000,0,0,0,0,0,1,50000,,1
504918,1,1,,2,3,40,20000,0,0,0,0,0,1,40000,4000,1
504918,1,1,,2,3,40,20000,0,0,0,0,0,1,50000,5000,2
504924,1,1,,8,1,60,95000,0,0,0,0,0,1,150000,25000,1
504924,1,2,9,4,1,15,9000,0,0,0,0,0,2,0,0,2
504985,1,1,,4,3,48,40000,0,0,0,0,0,2,0,0,1
504985,1,1,,4,3,40,30000,0,0,0,0,0,2,0,0,2
504996,1,1,,1,3,45,20000,0,0,0,0,0,1,5000,,1
505003,1,1,,1,3,40,10000,0,0,0,0,0,2,0,0,1
505003,1,1,,1,3,48,20000,0,0,0,0,0,1,15000,,2
505022,1,1,,1,3,50,20000,0,0,0,0,0,2,0,0,2
505024,1,1,,3,1,50,140000,0,0,0,0,0,1,10000,2000,1
505024,1,1,,5,3,48,30000,0,0,0,0,0,1,20000,2000,2
505045,1,1,,6,1,70,50000,0,0,0,0,0,2,0,0,2
505072,2,3,,4,3,3,1500,0,0,0,0,0,2,0,0,2
505117,1,1,,3,3,50,20000,0,0,0,0,0,2,0,0,1
505141,1,1,,6,3,50,63000,0,0,0,0,70000,1,300000,10000,1
505141,1,1,,3,3,30,5000,0,0,0,5000,0,1,100000,2000,2
505243,2,1,,1,1,3,2000,0,0,0,0,0,1,2000,,1
505283,2,1,,189,3,35,14400,0,0,0,0,0,2,0,0,3
505302,1,1,,6,2,30,20000,0,0,0,0,0,1,300000,,1
505310,1,1,,1,1,40,5000,0,0,0,0,0,1,,,3
505318,1,1,,1,3,32,9500,0,0,0,9600,0,1,50000,,2
505323,1,1,,2,3,35,,0,0,0,30000,0,1,20000,,2
505327,1,1,,35,2,60,60000,0,0,0,0,0,1,3000000,250000,2
505360,1,1,,1,3,40,15000,0,0,0,0,0,2,0,0,1
505360,1,1,,3,3,50,23000,0,200000,20000,0,20000,1,500000,15000,2
505396,1,3,,1,3,6,21000,0,0,0,0,0,1,12000,,2
505396,1,1,,1,3,50,10000,0,0,0,0,0,2,0,0,3
505396,1,3,,1,3,10,7000,0,0,0,0,0,2,0,0,5
505409,1,1,,1,3,20,10000,0,0,0,0,0,2,0,0,2
505433,1,1,,1,1,10,25000,0,0,0,0,0,2,0,0,1
505439,1,1,,1,3,36,25000,0,0,0,0,0,1,20000,4000,2
505453,1,1,,3,2,40,30000,0,0,40000,0,0,1,250000,6000,2
505469,1,1,,1,3,60,20000,0,0,0,0,0,1,120000,10000,2
505513,1,1,,8,2,40,100000,0,0,0,0,50000,2,0,0,1
505553,1,2,10,1,3,36,21000,0,0,0,0,0,2,0,0,1
505555,1,1,,3,3,55,20000,0,0,0,0,25000,2,0,0,1
505557,1,2,10,1,3,35,21000,0,0,0,0,0,2,0,0,2
505567,1,1,,1,3,60,42000,0,0,0,0,2000,1,90000,10000,1
505631,1,1,,1,3,60,12000,0,0,0,0,0,2,0,0,2
505655,1,1,,6,1,40,50000,0,0,0,60000,80000,2,0,0,1
505665,1,1,,12,3,12,36000,0,0,0,20000,40000,2,0,0,1
505672,1,1,,3,2,30,44000,0,0,0,100000,80000,2,0,0,1
505676,1,1,,2,3,50,35000,0,0,0,5000,8000,2,0,0,1
505679,1,1,,4,3,50,34000,0,0,0,50000,70000,2,0,0,4
505707,1,1,,4,3,45,35000,0,0,0,0,0,1,30000,2500,1
505714,1,1,,1,3,40,38000,0,0,0,0,0,1,200000,6000,1
505717,1,1,,1,3,40,20000,0,0,0,0,0,2,0,0,3
505734,1,1,,2,1,45,60000,0,3000,0,0,0,1,30000,1600,1
505766,1,1,,150,3,39,31000,0,0,0,0,0,2,0,0,2
505785,1,1,,4,3,50,23000,0,30000,0,2000,25000,1,100000,8000,2
505798,1,1,,1,1,50,50000,0,0,0,20000,250000,1,,10000,1
505805,1,2,8,4,3,20,10000,0,0,0,0,0,2,0,0,1
505810,1,1,,25,2,52,150000,0,0,0,0,0,2,0,0,1
505825,1,1,,20,2,70,30000,0,0,0,0,0,1,50000,,1
505827,1,1,,1,3,30,40000,0,0,0,0,0,1,10000,,1
505842,1,2,9,1,3,20,10000,0,0,0,0,0,2,0,0,1
505858,1,2,10,1,3,20,23000,0,0,0,0,0,2,0,0,1
505859,1,2,8,1,1,25,4000,0,0,0,0,0,2,0,0,2
505862,1,1,,1,1,35,45000,0,0,0,0,0,1,150000,,1
505868,1,1,,1,3,45,25000,0,0,0,0,0,2,0,0,1
505873,2,1,,10,1,20,80000,0,0,0,500000,0,1,2000000,,1
505913,1,1,,3,3,60,50000,0,0,150000,0,0,2,0,0,1
505934,1,1,,1,3,45,35000,0,0,6000,0,6000,1,35000,3000,2
505936,1,1,,2,1,40,28000,0,0,0,0,2000,2,0,0,1
505936,1,2,9,36,1,36,17000,0,0,0,0,0,2,0,0,2
505940,1,1,,1,3,60,38000,0,0,0,0,1500,2,0,0,1
505940,1,1,,2,3,55,18000,0,0,0,0,3000,1,300000,10000,2
505947,1,1,,8,3,45,38000,0,0,0,0,0,1,100000,15000,2
506000,1,1,,7,1,50,80000,0,0,0,0,0,1,70000,4200,1
506003,2,3,,1,1,1,2000,0,0,0,0,0,2,0,0,1
506019,2,3,,600,1,2,400,0,0,0,0,0,1,500,,1
506076,1,1,,1,3,50,30000,0,0,0,0,16000,1,5000,500,1
506093,1,1,,1,3,40,12000,0,0,0,0,0,1,10000,2000,2
506110,1,1,,1,1,10,18000,0,0,0,0,0,2,0,0,1
506132,1,1,,2,1,48,25000,100000,0,0,16000,50000,1,20000,10000,1
506133,1,1,,1,1,54,75000,0,0,0,0,2500,1,,1000,1
506134,1,1,,1,3,48,,0,0,0,0,0,2,0,0,1
506171,1,1,,1,3,65,45000,0,25000,0,3000,10000,1,45000,10000,1
506175,1,1,,20,2,70,80000,0,750000,450000,300000,800000,1,6400000,50000,1
506175,2,3,,1,1,1,15000,0,0,0,0,5000,2,0,0,2
506180,1,1,,7,3,55,40000,0,0,50000,40000,60000,1,1000000,30000,1
506190,1,1,,5,3,45,60000,60000,0,0,0,0,1,200000,10000,1
506190,1,2,3,1,3,30,6000,0,0,0,0,0,2,0,0,3
506190,1,1,,1,3,45,25000,0,0,0,0,0,2,0,0,4
506203,1,1,,1,1,25,15000,0,0,0,0,0,2,0,0,2
506289,2,1,,1,1,12,70000,0,0,0,0,0,1,10000,1000,1
506297,2,1,,1,3,10,8000,0,20000,0,0,0,1,40000,2000,1
506329,1,1,,2,1,70,,0,0,0,0,0,1,400000,40000,1
506329,2,1,,1,1,12,15000,0,0,0,0,0,2,0,0,1
506347,1,1,,2,3,50,30000,0,0,0,0,0,1,20000,3000,2
506363,1,1,,3,3,65,25000,0,0,0,0,0,1,,,1
506377,1,1,,7,2,45,7500,0,50000,0,0,0,1,7000000,50000,1
506393,1,2,7,1,3,32,23000,0,0,0,0,0,2,0,0,1
506396,1,1,,1,1,45,15000,0,0,0,0,0,2,0,0,1
506399,1,1,,1,3,60,3000,0,0,0,0,0,2,0,0,1
506402,1,1,,1,3,48,8000,0,0,0,0,0,2,0,0,2
506410,1,1,,1,3,45,19000,0,0,0,0,0,2,0,0,1
506428,1,1,,50,2,10,30000,1000000,1000000,500000,0,700000,1,3000000,25000,1
506430,1,2,6,13,3,30,2000,0,0,0,0,0,2,0,0,3
506432,1,1,,1,3,40,20000,0,0,0,0,0,1,100000,2000,1
506440,1,1,,1,1,60,36000,0,0,0,0,0,2,0,0,1
506456,1,1,,2,3,60,60000,0,0,0,0,0,1,,,1
506456,1,1,,1,1,50,110000,0,0,0,20000,0,2,0,0,3
506471,1,1,,2,1,24,,0,0,0,0,0,2,0,0,2
506471,1,1,,1,3,50,,0,0,0,0,0,1,60000,,4
506589,1,1,,2,3,40,15000,0,0,12000,0,0,1,80000,,2
506590,1,1,,4,3,40,17000,0,0,300000,25000,30000,1,150000,,1
506594,1,1,,2,3,40,36000,0,30000,10000,0,5000,1,30000,5000,2
506622,2,1,,1,1,20,6000,0,0,0,0,0,2,0,0,1
506626,1,1,,2,3,40,10000,0,0,0,0,2000,2,0,0,4
506631,1,1,,1,3,40,20000,0,0,0,0,0,1,20000,,1
506631,1,1,,1,3,25,16000,0,0,0,0,0,2,0,0,5
506647,1,1,,4,1,40,,0,0,0,0,0,1,100000,,1
506654,1,1,,3,3,55,20000,0,0,0,0,25000,2,0,0,1
506665,1,1,,1,3,40,20000,0,0,0,0,0,2,0,0,1
506665,1,1,,1,3,35,18000,0,0,0,0,0,1,4000,2000,2
506666,1,2,9,3,2,20,8000,0,0,0,0,0,1,400000,,2
506666,1,2,8,1,3,40,50000,0,50000,30000,0,5000,1,250000,10000,3
506674,1,1,,3,2,60,30000,50000,0,0,50000,0,1,100000,3000,1
506676,1,1,,3,2,45,20000,0,0,0,20000,50000,2,0,0,2
506682,1,1,,1,1,60,20000,0,5000,0,0,0,1,,5000,1
506689,1,1,,1,3,60,20000,0,0,0,0,0,2,0,0,2
506691,1,1,,5,1,70,38000,0,0,0,0,100000,1,200000,10000,1
506691,1,1,,1,3,60,30000,0,0,0,0,0,2,0,0,2
506692,1,1,,4,3,60,30000,0,0,0,0,30000,1,200000,5000,1
506692,1,1,,2,3,50,20000,0,0,0,0,0,1,100000,4000,2
506694,1,2,6,1,3,40,20000,0,0,0,0,0,2,0,0,1
506698,1,1,,1,3,60,35000,0,0,0,0,0,2,0,0,1
506705,1,1,,1,1,50,50000,0,0,0,0,0,1,101000,8000,1
506710,1,2,6,12,1,6,3000,0,0,0,0,0,2,0,0,1
506713,1,1,,4,3,50,15000,2,0,0,0,0,1,10000,1000,2
506714,1,3,,140,2,1,28000,0,0,0,0,0,1,5000000,,1
506723,1,1,,2,3,35,25000,0,0,0,0,0,1,500,,1
506723,1,1,,2,3,20,15000,0,0,0,0,0,1,500,,2
506728,1,1,,1,3,48,35000,0,0,0,0,0,2,0,0,1
506749,1,2,6,3,3,40,30000,0,0,0,0,0,2,0,0,4
506752,1,1,,2,3,44,22000,0,0,0,0,0,2,0,0,2
506758,1,1,,4,1,50,28000,0,0,0,0,0,2,0,0,3
506759,1,1,,1,3,50,18000,0,0,0,0,0,2,0,0,1
506764,1,1,,4,3,48,40000,0,0,0,0,0,2,0,0,1
506769,1,1,,3,3,44,45000,0,0,0,0,0,1,800000,15000,1
506775,1,1,,3,3,50,50000,0,0,0,0,0,2,0,0,1
506775,1,1,,3,3,48,20000,0,0,0,0,0,2,0,0,3
506775,1,1,,3,3,48,20000,0,0,0,0,0,2,0,0,5
506777,1,1,,1,3,44,45000,0,0,0,0,0,2,0,0,1
506795,1,1,,1,3,40,40000,0,0,0,0,0,1,80000,8000,1
506805,1,1,,1,1,40,36000,0,0,0,0,2300,1,15000,1000,1
506815,1,1,,1,3,50,35000,0,0,0,3000,800,1,30000,,1
506816,1,1,,4,3,40,30000,0,0,0,0,0,1,150000,,1
506824,1,1,,1,3,40,26000,0,0,0,0,0,1,20000,5000,2
506837,1,1,,1,3,40,40000,0,0,0,8000,0,1,200000,,1
506844,1,1,,1,1,40,25000,0,0,0,0,0,1,10000,,1
506889,1,1,,1,3,40,27000,0,0,0,0,0,1,30000,1500,3
506932,2,1,,1,1,20,48000,0,0,0,0,0,1,60000,3000,1
506932,1,1,,3,1,50,150000,0,0,0,0,0,1,200000,5000,2
506934,1,3,,1,1,40,12000,0,0,0,0,0,2,0,0,1
506946,1,1,,2,3,42,38000,0,80000,0,0,0,1,450000,20000,1
506953,2,1,,1,3,30,45000,0,0,0,0,0,2,0,0,1
506959,1,1,,2,3,40,20000,0,0,0,0,0,1,,,1
506960,1,1,,2,3,44,24000,0,0,0,0,0,2,0,0,1
506960,1,1,,1,3,44,20000,0,0,0,0,0,2,0,0,2
506974,1,1,,2,1,50,90000,0,0,0,0,40000,2,0,0,1
506981,2,2,9,1,3,40,15000,0,0,0,0,0,2,0,0,1
506992,1,1,,5,1,50,30000,0,0,100000,0,0,1,,,1
507037,2,2,2,1,1,24,3000,0,0,0,0,0,1,1000,,1
507083,1,1,,1,3,44,6000,0,0,0,0,0,2,0,0,3
507091,1,1,,2,1,45,22000,0,0,5000,1500,4000,1,10000,3000,3
507099,1,1,,1,3,6,20000,0,0,0,0,0,1,10000,,1
507116,1,1,,2,2,40,25000,0,0,0,10000,40000,1,5000,,1
507131,1,1,,2,1,45,27000,0,0,0,0,0,1,400000,,1
507163,1,2,5,1,3,40,6000,0,0,0,0,0,1,3000,1000,1
507166,1,2,9,2,3,48,10000,0,0,0,0,0,2,0,0,2
507166,1,1,,3,3,45,6000,0,0,0,0,0,2,0,0,3
507167,2,3,,1,1,2,4000,0,0,0,0,1500,2,0,0,2
507169,1,1,,1,3,44,20000,0,0,0,0,0,2,0,0,1
507170,1,1,,1,3,48,24000,0,0,0,0,0,2,0,0,3
507171,1,1,,2,3,40,15000,0,0,0,0,0,2,0,0,1
507179,1,1,,1,3,50,30000,0,0,0,0,0,2,0,0,1
507190,1,2,4,1,3,50,25000,0,0,0,18000,25000,2,0,0,1
507229,1,1,,22,2,50,80000,0,0,200000,300000,400000,1,4000000,50000,1
507248,1,1,,15,2,45,,0,0,0,0,0,1,,,1
507263,1,1,,1,1,60,27000,10000,0,0,0,50000,1,,25000,1
507263,2,3,,1,1,3,8000,0,0,0,0,0,2,0,0,1
507282,1,1,,1,1,30,7000,0,0,0,0,0,1,12000,,1
507282,1,1,,14,3,50,,0,0,0,0,0,1,20000,,2
507285,1,1,,1,2,48,25000,0,0,0,0,0,2,0,0,1
507296,1,1,,1,3,40,,0,0,0,0,0,2,0,0,1
507302,1,1,,1,3,40,18000,0,0,0,0,0,1,,,2
507313,1,2,3,1,3,40,2500,0,0,0,0,0,2,0,0,3
507315,1,1,,1,3,40,12000,0,0,0,0,0,1,50000,1000,1
507331,1,1,,3,3,48,80000,0,0,0,0,0,2,0,0,1
507350,1,1,,1,2,35,,50000,0,80000,20000,0,2,0,0,2
507359,1,1,,3,2,60,,0,0,0,0,0,1,300000,30000,3
507360,1,1,,3,1,60,30000,100000,0,0,0,0,1,20000,10000,1
507372,1,1,,1,1,30,40000,0,0,0,0,1000,1,165000,6000,1
507374,1,1,,1,3,48,20000,0,0,0,5000,0,1,50000,4000,2
507376,1,1,,2,3,40,30000,0,0,0,10000,2000,1,15000,3000,1
507398,1,1,,2,2,48,20000,0,2000,0,3000,0,1,30000,5000,3
507398,1,1,,2,3,48,20000,0,10000,0,5000,0,1,30000,5000,4
507409,1,1,,1,1,50,20000,0,12000,0,0,0,2,0,0,1
507421,1,1,,1,3,50,,0,600,0,0,0,1,200000,1000,3
507431,1,2,3,4,1,40,3900,0,0,0,0,0,2,0,0,2
507455,1,1,,1,1,45,35000,0,0,0,0,20000,1,50000,2000,1
507480,1,1,,1,3,40,9000,0,10000,0,0,0,2,0,0,2
507488,1,1,,3,1,50,45000,0,0,0,0,0,1,200000,2000,1
507505,1,1,,1,3,40,15000,0,0,0,0,0,1,10000,,2
507505,1,1,,1,3,40,23000,0,0,0,0,0,1,50000,10000,3
507507,1,1,,23,3,40,25000,0,0,0,2000,3000,1,10000,3000,2
507519,1,1,,1,3,40,25000,0,0,0,0,0,2,0,0,1
507544,2,3,,1,1,15,10000,0,0,0,0,0,2,0,0,1
507573,1,1,,1,1,20,20000,0,0,0,0,0,2,0,0,2
507573,1,2,3,1,1,30,4000,0,0,0,0,0,2,0,0,3
507584,1,2,6,1,3,40,18000,0,0,0,0,0,1,2000,,3
507590,1,2,10,1,1,60,15000,0,0,0,0,0,2,0,0,1
507592,1,1,,1,1,50,22000,0,0,0,0,0,2,0,0,1
507597,1,1,,3,1,43,22500,80000,0,0,0,0,1,60000,3500,1
507613,1,1,,4,3,50,12000,0,0,0,0,0,2,0,0,1
507621,1,1,,1,1,45,35000,0,0,0,0,0,1,10000,,4
507622,1,1,,1,1,50,40000,0,0,0,0,0,2,0,0,2
507624,1,1,,2,1,45,35000,0,0,0,0,0,2,0,0,4
507627,1,1,,2,1,50,30000,0,100000,0,0,0,2,0,0,2
507637,1,1,,1,3,10,30000,0,0,0,0,8000,1,100000,400,2
507656,1,1,,1,3,20,3600,0,0,0,0,0,2,0,0,1
507666,1,1,,1,3,40,,0,0,0,0,0,1,,600,2
507696,1,1,,3,1,50,25000,0,0,0,0,0,1,50000,10000,1
507724,1,1,,1,3,20,5000,0,0,0,0,0,2,0,0,1
507752,1,1,,1,1,60,6000,0,0,0,0,0,2,0,0,2
507756,1,1,,1,1,60,15000,0,0,0,0,0,2,0,0,2
507776,1,1,,1,3,45,30000,0,0,0,0,0,2,0,0,1
507781,1,1,,2,3,40,90000,0,0,0,0,0,1,120000,40000,1
507781,1,1,,1,2,48,60000,0,0,0,0,0,1,30000,5000,2
507796,1,1,,1,3,48,39000,0,0,0,0,0,1,100000,6000,1
507798,1,1,,1,3,9,24000,0,0,0,0,0,2,0,0,1
507798,1,1,,1,3,48,12000,0,0,0,0,0,1,20000,4000,2
507807,1,1,,1,3,58,28000,0,40000,0,7000,7000,1,100000,4000,1
507812,1,3,,1,1,1,,0,0,0,0,0,2,0,0,2
507823,2,3,,1,1,3,13000,0,0,0,0,0,2,0,0,1
507823,2,3,,1,3,1,500,0,0,0,0,0,2,0,0,2
507836,1,2,9,1,1,1,,0,0,0,0,0,1,,,3
507843,1,1,,1,3,40,14000,40000,0,0,0,4000,1,7000,2500,1
507915,1,1,,1,3,40,30000,0,0,0,0,0,1,10000,,1
507922,1,1,,1,3,48,28000,0,0,0,1000,0,1,22000,,1
507931,1,1,,1,3,60,18000,0,0,0,0,0,1,25000,,1
507969,2,3,,1,3,48,6000,0,0,0,0,1000,2,0,0,1
508015,1,1,,5,1,45,40000,0,0,0,0,0,1,25000,3000,1
508024,1,1,,4,1,40,20000,0,0,0,0,0,2,0,0,1
508161,1,1,,1,3,42,38000,0,0,0,0,0,2,0,0,1
508165,1,3,,1,1,20,3000,0,0,0,0,0,1,16000,,1
508172,1,1,,1,1,50,50000,0,0,0,0,0,2,0,0,1
508187,2,3,,1,3,2,3000,0,0,0,0,0,2,0,0,2
508192,1,2,11,2,1,60,18000,0,0,0,0,0,2,0,0,3
508200,1,1,,6,3,35,30000,0,0,30000,20000,0,1,45000,5000,2
508203,1,1,,1,3,45,30000,0,0,0,0,0,2,0,0,1
508207,1,1,,1,1,45,120000,0,0,0,0,0,1,50000,3000,1
508230,1,1,,1,1,40,24000,0,0,0,0,0,2,0,0,1
508230,1,1,,1,1,42,22000,0,0,0,0,0,2,0,0,3
508250,1,1,,12,3,50,22000,0,0,0,0,0,2,0,0,1
508254,1,1,,3,1,52,36000,0,0,0,0,30000,1,,,1
508268,1,3,,300,1,4,6500,0,0,0,0,0,2,0,0,2
508287,1,1,,1,2,54,15000,0,0,25000,0,0,2,0,0,1
508298,1,1,,1,1,45,18000,0,0,0,0,0,2,0,0,1
508306,1,1,,1,1,20,20000,0,0,0,0,0,1,10000,1000,3
508308,1,1,,1,1,40,28000,0,0,0,0,0,1,20000,5000,1
508320,1,1,,3,2,45,14000,0,0,0,6000,0,2,0,0,1
508328,1,1,,1,1,40,36000,0,0,0,0,2000,1,200000,2000,2
508330,1,1,,1,3,60,18000,0,0,0,0,0,2,0,0,1
508332,1,1,,5,1,35,28000,0,0,0,0,0,2,0,0,2
508334,1,1,,1,2,38,16000,0,0,0,0,0,2,0,0,1
508334,1,1,,1,2,38,6000,0,0,0,0,0,1,180000,,3
508338,1,1,,1,1,,80000,0,0,0,0,0,1,,15000,1
508354,1,1,,1,3,40,25000,0,0,0,0,0,2,0,0,1
508365,1,1,,1,3,40,,0,0,0,0,0,2,0,0,1
508378,1,1,,1,3,50,16000,0,0,0,15000,20000,1,50000,5000,1
508385,1,3,,2,1,20,10000,0,0,0,0,0,1,2000,1000,2
508389,1,1,,1,3,40,35000,0,0,0,5000,10000,1,200000,10000,1
508397,1,1,,2,1,50,80000,0,0,0,0,0,1,10000,1000,1
508399,1,1,,1,1,40,18000,0,0,0,0,0,1,20000,,1
508458,1,1,,1,3,60,24000,0,0,0,0,0,1,25000,5000,1
508473,1,1,,1,1,40,30000,0,0,0,0,0,2,0,0,1
508473,1,1,,1,1,56,24000,0,0,0,40000,12000,1,25000,10000,2
508493,1,1,,1,3,84,27000,10000,0,0,0,0,1,100000,10000,1
508503,1,1,,2,1,60,50000,0,0,0,30000,20000,1,5000,500,1
508524,1,1,,1,1,45,28000,0,0,0,0,0,1,200000,10000,1
508524,1,1,,1,3,24,22000,0,0,0,0,0,2,0,0,3
508526,1,1,,3,3,40,25000,0,0,0,6000,15000,1,20000,5000,1
508534,1,1,,1,3,35,24000,0,0,0,0,0,2,0,0,1
508559,1,1,,1,3,48,35000,0,0,0,0,1000,1,10000,5000,1
508611,1,1,,1,1,40,28000,0,0,0,0,0,2,0,0,3
508611,1,1,,1,1,46,28000,0,0,0,0,0,2,0,0,4
508628,1,2,11,1,3,48,16000,0,0,0,0,0,1,20000,,2
508642,1,2,3,30,3,30,6000,0,0,0,0,0,2,0,0,1
508646,1,1,,3,3,40,70000,0,0,0,0,0,1,400000,,1
508653,1,1,,3,3,40,20000,0,0,0,0,0,2,0,0,3
508659,1,1,,1,3,60,30000,0,60000,0,0,0,1,60000,5000,1
508678,1,1,,1,3,48,6000,0,0,0,0,0,1,5000,200,3
508691,1,3,,2,3,2,2000,0,0,0,0,0,2,0,0,4
508806,1,1,,3,3,70,18000,0,0,0,0,0,1,100000,10000,1
508839,1,1,,2,3,48,40000,0,0,0,0,0,2,0,0,1
508866,1,1,,3,2,60,25000,0,0,0,0,0,2,0,0,1
508869,1,1,,2,3,50,35000,0,0,0,0,0,2,0,0,1
508876,1,1,,1,2,40,20000,0,0,0,0,0,1,15000,2000,1
508879,1,1,,2,1,40,25000,0,0,0,0,0,1,20000,500,1
508905,1,1,,1,1,50,13000,0,0,0,0,0,1,30000,3000,1
508937,1,1,,1,3,60,10000,0,25000,0,0,0,2,0,0,1
508938,1,1,,1,1,55,29000,0,5000,0,0,3000,1,10000,2000,1
508970,1,1,,3,3,60,30000,0,0,0,4000,0,1,120000,300,1
508970,1,1,,3,3,50,,0,0,0,0,0,1,,,2
509001,1,1,,3,1,48,35000,0,0,0,0,10000,2,0,0,1
509004,1,1,,1,3,20,6000,0,0,0,0,0,2,0,0,4
509010,1,1,,2,3,55,30000,0,0,0,10000,0,1,50000,10000,1
509018,1,1,,1,3,50,28000,0,0,0,0,0,2,0,0,1
509028,1,3,,1,3,40,10000,0,0,0,0,0,2,0,0,2
509029,2,1,,2,1,20,10000,0,0,0,0,0,2,0,0,1
509058,1,1,,1,3,48,6000,0,0,0,0,0,2,0,0,2
509068,1,1,,3,3,40,6000,200000,0,0,0,0,1,1000000,1000,1
509095,1,1,,1,3,50,30000,0,0,0,0,0,1,50000,,1
509097,1,1,,3,3,60,24000,0,0,0,0,0,1,50000,2000,1
509115,1,1,,3,3,60,30000,0,0,0,0,0,1,80000,500,1
509116,1,1,,1,3,40,20000,0,0,0,0,0,1,10000,1000,3
509119,1,1,,1,3,60,25000,0,0,0,0,0,1,60000,,1
509142,1,1,,1,1,45,40000,0,0,0,0,0,2,0,0,1
509193,1,1,,10,3,30,15000,0,0,0,0,0,2,0,0,1
509224,1,1,,3,2,50,50000,0,0,0,0,0,2,0,0,1
509257,1,3,,1,3,40,15000,0,0,0,0,0,2,0,0,2
509259,1,1,,1,3,49,26000,0,0,0,0,0,2,0,0,1
509263,1,1,,1,3,50,20000,0,0,0,2000,0,2,0,0,1
509265,1,1,,1,3,46,25000,0,0,0,0,0,2,0,0,1
509266,1,1,,1,3,43,25000,0,0,0,0,0,1,50000,2000,1
509268,1,1,,1,3,46,24000,0,0,0,0,0,2,0,0,1
509284,1,1,,1,3,45,30000,0,0,0,10000,0,2,0,0,1
509347,1,1,,1,3,45,24000,0,0,0,0,0,2,0,0,1
509375,1,1,,2,2,60,30000,0,0,0,10000,10000,1,100000,10000,1
509376,1,1,,3,3,40,25000,0,0,0,0,0,1,40000,5000,2
509380,1,1,,1,1,45,30000,0,0,0,0,0,2,0,0,1
509383,1,1,,1,1,40,20000,0,0,0,0,0,1,2000,500,1
509391,1,1,,2,2,40,25000,0,0,0,2000,4000,2,0,0,1
509392,1,3,,1,3,20,5000,0,0,0,0,0,2,0,0,1
509393,1,1,,3,3,40,30000,0,0,0,0,0,2,0,0,1
509396,1,1,,4,1,40,35000,0,0,0,0,0,2,0,0,1
509446,1,1,,5,1,10,20000,100,100,100,100,100,1,100000,100,1
509509,2,3,,2,3,20,5000,0,0,0,0,0,2,0,0,1
509516,1,3,,1,3,12,1200,0,0,0,0,0,2,0,0,2
509519,1,1,,1,3,25,15000,0,0,0,0,0,2,0,0,4
509530,1,1,,1,1,60,50000,0,0,0,0,0,1,25000,,1
509545,1,1,,2,3,25,18000,0,0,0,0,0,1,10000,500,2
509545,1,1,,2,3,25,18000,0,0,0,0,0,1,10000,500,3
509552,1,3,,1,3,5,10000,0,0,0,0,0,2,0,0,1
509557,2,1,,1,1,5,10000,0,0,0,0,0,1,4000,,1
509585,1,1,,1,1,60,18000,0,0,0,0,0,2,0,0,1
509587,1,1,,1,1,40,30000,0,0,0,0,0,2,0,0,1
509598,1,2,9,2,3,42,13500,0,40000,0,0,0,2,0,0,1
509598,1,2,9,2,3,42,3600,0,0,0,0,0,2,0,0,4
509611,1,1,,3,3,36,27000,0,0,70000,0,0,1,20000,10000,1
509661,1,1,,1,1,45,30000,0,0,0,0,0,2,0,0,3
509663,1,1,,2,1,50,28000,0,0,10000,3000,6000,1,50000,2000,1
509672,1,1,,1,1,45,40000,0,0,0,0,0,2,0,0,1
509676,1,1,,1,3,50,20000,0,0,0,0,0,1,15000,6000,1
509682,1,1,,1,1,30,20000,0,0,0,0,0,2,0,0,3
509685,1,1,,1,3,40,20000,0,0,0,0,0,1,10000,1200,1
509687,1,1,,5,3,40,20000,0,0,0,0,0,1,,,1
509688,2,1,,1,1,8,5000,0,0,0,0,0,1,3000,,1
509696,1,2,10,1,3,10,20000,0,0,0,0,0,2,0,0,1
509706,1,1,,1,3,40,20000,0,0,0,0,0,1,5000,700,2
509710,1,1,,1,3,40,25000,0,0,0,0,0,1,15000,1500,1
509713,1,1,,1,3,40,10000,0,0,0,0,0,2,0,0,1
509717,1,1,,2,3,40,25000,0,0,0,0,0,1,7000,600,1
509718,1,1,,3,1,50,40000,0,0,0,0,0,1,5000,700,1
509719,1,1,,2,3,40,30000,0,0,0,0,0,1,10000,1100,1
509722,1,1,,2,1,40,35000,0,0,0,0,0,1,7000,,1
509754,1,1,,3,3,60,40000,0,0,0,20000,0,2,0,0,1
509757,1,1,,1,2,48,40000,0,0,0,0,0,1,20000,2000,1
509794,1,1,,1,3,40,,,,,,,,,,3
509796,1,2,8,1,3,36,4000,0,0,0,0,0,2,0,0,3
509832,1,1,,1,3,50,12000,0,0,0,0,0,2,0,0,3
509869,1,1,,2,3,48,20000,0,0,0,0,2000,1,3000,1500,1
509875,1,1,,1,1,40,26000,0,0,23000,0,0,1,8000,2000,1
509877,1,1,,1,3,48,2000,0,0,15000,0,0,2,0,0,1
509896,1,1,,1,3,48,30000,0,0,0,0,0,2,0,0,1
509897,1,1,,3,1,60,40000,0,0,0,6000,100000,1,80000,5000,1
509908,1,1,,4,1,60,2500,0,0,0,0,0,2,0,0,2
509908,1,1,,4,1,60,2500,0,0,0,0,0,2,0,0,3
509938,1,1,,3,3,44,14000,0,0,0,0,0,2,0,0,2
509939,1,1,,1,3,45,35000,0,80000,0,0,0,2,0,0,1
509939,1,1,,1,3,48,25000,0,0,0,0,0,2,0,0,2
509944,1,1,,2,3,48,20000,0,0,0,0,0,2,0,0,3
509965,1,1,,1,3,45,7000,0,0,2000,8000,2000,1,10000,800,1
509971,1,1,,1,3,40,45000,0,0,0,0,0,2,0,0,1
510012,1,1,,15,2,60,40000,650000,0,523000,572000,740000,1,2121000,21400,1
510014,1,1,,1,1,40,30000,0,0,0,0,0,1,30000,5000,3
510016,1,1,,1,1,60,35000,0,0,0,0,0,2,0,0,1
510016,1,1,,1,2,50,20000,0,0,0,0,0,2,0,0,2
510020,1,1,,4,3,40,30000,0,0,0,4000,5000,1,50000,,2
510026,1,1,,2,3,60,25000,0,0,0,0,0,1,15000,,1
510028,1,1,,8,1,40,40000,0,0,0,0,0,1,60000,20000,1
510028,1,1,,8,1,40,10000,0,0,0,0,0,1,4500,700,3
510028,1,3,,1,1,25,4000,0,0,0,0,0,2,0,0,4
510037,1,1,,20,2,70,60000,0,500000,200000,200000,300000,1,1700000,50000,1
510040,1,1,,4,1,35,30000,0,0,0,2000,0,1,150000,,2
510042,1,1,,5,1,60,32000,0,0,0,0,0,2,0,0,1
510043,1,1,,1,3,50,9000,0,0,0,0,0,1,1000,,1
510043,1,1,,1,3,50,9000,0,0,0,0,0,1,1000,,2
510047,2,1,,3,3,20,4000,50000,0,10000,0,6000,1,10000,500,1
510048,1,1,,1,3,60,20000,0,0,0,1000,0,1,15000,1000,2
510057,1,1,,2,3,70,22000,0,0,0,0,0,1,60000,2500,1
510084,1,1,,6,3,40,25000,0,0,0,0,0,2,0,0,1
510091,1,1,,2,1,45,70000,0,0,0,0,0,1,500000,10000,2
510116,1,1,,2,3,30,35000,0,0,0,6000,3500,2,0,0,1
510116,1,1,,2,3,20,35000,0,0,0,6000,3500,2,0,0,2
510129,1,1,,3,1,40,35000,0,0,2000,0,10000,2,0,0,1
510137,1,1,,3,1,40,35000,0,0,0,0,2000,2,0,0,2
510140,1,1,,1,1,60,25000,0,0,0,0,0,2,0,0,1
510154,1,1,,1,1,44,30000,0,0,0,0,40000,1,,5000,1
510155,1,1,,1,1,45,40000,0,0,0,0,0,2,0,0,1
510177,1,1,,1,3,40,24000,0,0,12000,0,4000,2,0,0,3
510184,1,1,,1,3,30,10000,0,0,0,0,0,2,0,0,2
510189,1,3,,2,1,20,,0,0,0,0,0,2,0,0,1
510206,1,1,,2,3,50,30000,0,30000,4000,2000,4000,1,70000,2000,1
510207,1,1,,2,3,48,24000,0,0,5000,0,0,1,10000,1500,1
510211,1,1,,1,2,36,13000,0,0,0,0,0,1,4000,400,1
510211,1,2,4,1,3,20,9000,0,0,0,0,0,2,0,0,2
510227,1,1,,1,3,50,20000,0,0,0,0,0,1,10000,,1
510231,1,1,,3,3,40,35000,0,0,0,0,0,2,0,0,1
510231,1,1,,2,1,48,20000,0,0,0,0,0,2,0,0,3
510238,1,2,6,2,3,50,30000,0,0,0,0,0,1,110000,10000,1
510238,1,1,,1,1,40,30000,0,0,0,0,0,2,0,0,2
510246,1,1,,1,1,50,30000,0,0,0,0,0,1,20000,10000,1
510278,1,1,,1,3,50,20000,0,0,0,0,0,2,0,0,1
510279,1,1,,2,3,44,20000,0,0,0,0,0,1,25000,3000,6
510284,1,2,6,10,3,36,8000,0,0,0,2000,3000,1,20000,4000,1
510284,1,2,6,10,3,36,8000,0,0,0,2000,5000,1,20000,4000,2
510305,1,1,,10,2,50,35000,0,0,120000,30000,60000,1,800000,20000,1
510379,2,3,,1,1,10,6000,0,0,0,0,0,2,0,0,1
510379,1,3,,1,1,12,20000,0,0,0,0,0,2,0,0,3
510439,1,2,4,5,3,30,15000,0,0,0,0,0,1,25000,,2
510468,1,1,,7,2,45,20000,0,0,0,2000,0,1,500000,12500,3
510481,1,1,,4,2,45,10000,0,0,0,0,0,1,50000,1500,2
510483,1,1,,2,3,40,25000,0,80000,0,0,0,2,0,0,2
510490,1,3,,2,2,12,18000,0,0,1000,1500,2000,1,7000,500,5
510494,1,1,,3,2,50,50000,0,0,300000,200000,150000,1,30000,15000,1
510495,1,1,,3,2,42,30000,0,0,0,2000,3000,1,110000,3000,1
510497,1,1,,7,3,48,35000,0,0,0,20000,10000,1,30000,,1
510516,1,1,,1,1,40,18000,0,0,0,0,0,2,0,0,1
510529,1,1,,1,3,45,24000,0,0,0,0,0,1,3000,,1
510533,1,1,,1,3,40,20000,0,0,0,0,1000,1,20000,,1
510550,1,1,,5,3,45,25000,0,5000,0,1000,2000,1,10000,1000,1
510554,1,1,,2,3,46,24000,0,0,0,1000,2000,1,2000,400,1
510554,1,1,,3,1,40,22000,0,1000,0,3000,1000,1,1000,400,4
510583,1,1,,4,2,98,55000,320000,0,0,10000,10000,1,800000,30000,1
510590,1,1,,4,3,71,20000,0,0,0,0,15000,1,400000,10000,1
510591,2,3,,1,1,24,10000,0,0,0,0,0,2,0,0,1
510591,1,1,,2,3,36,40000,0,0,0,25000,4000,1,200000,6000,2
510610,1,2,10,500,1,40,12000,0,0,0,0,26000,2,0,0,3
510626,1,1,,2,3,48,40000,0,0,0,60000,0,2,0,0,1
510662,2,1,,1,1,10,11000,0,0,0,0,0,2,0,0,1
510711,1,1,,1,3,11,24000,0,0,0,0,10000,1,150000,2500,1
510711,2,3,,1,3,3,1300,0,0,0,0,0,2,0,0,1
510724,1,1,,1,3,40,35000,0,0,0,0,0,1,200000,8000,1
510740,1,2,6,2,3,60,50000,0,0,0,5000,0,1,50000,5000,1
510811,1,1,,2,1,40,50000,0,0,0,0,0,2,0,0,1
510813,1,1,,1,3,40,18000,0,0,0,2000,0,1,10000,3000,2
510814,1,1,,1,1,40,28000,0,0,0,0,0,2,0,0,1
510814,1,1,,1,3,48,13000,0,0,0,2000,0,1,6000,1000,2
510855,1,1,,12,3,72,26400,0,0,0,0,0,2,0,0,1
510862,1,1,,5,2,40,54000,0,0,0,0,0,2,0,0,1
510878,1,1,,3,3,65,36000,0,0,0,0,0,2,0,0,1
510976,1,3,,1,1,4,2000,0,0,0,0,0,2,0,0,3
510986,1,1,,1,3,52,3000,0,0,0,0,0,2,0,0,2
511030,1,1,,4,2,50,40000,0,0,0,0,0,1,450000,,1
511030,1,1,,4,2,50,20000,0,0,0,0,0,1,,,3
511036,1,1,,3,3,24,18000,0,0,0,0,0,2,0,0,2
511041,1,1,,6,3,50,80000,0,0,0,0,0,1,100000,40000,2
511045,1,1,,3,1,40,12000,0,0,30000,7000,1000,1,70000,2000,1
511045,1,1,,3,1,30,12000,0,0,0,0,0,1,20000,2000,2
511046,1,1,,2,3,45,30000,0,10000,15000,10000,0,2,0,0,1
511048,1,1,,30,1,40,60000,0,0,0,0,0,2,0,0,1
511066,1,3,,1,3,6,100,0,0,0,0,2000,1,30000,750,3
511109,1,1,,1,3,72,16000,0,0,0,5000,500,1,100000,5000,1
511131,1,1,,2,1,40,15000,0,0,0,0,0,2,0,0,1
511134,1,1,,4,1,58,50000,0,0,0,0,0,1,30000,1000,1
511147,1,1,,2,1,48,50000,0,0,0,0,0,2,0,0,2
511160,1,1,,2,3,45,18000,0,0,0,0,0,1,20000,2000,1
511167,1,1,,3,3,48,35000,0,10000,0,10000,5000,1,10000,600,2
511170,1,1,,1,3,66,20000,13000,0,0,10000,6000,1,500000,10000,1
511182,1,1,,1,1,45,10000,0,0,0,0,0,1,1000,100,3
511198,1,1,,1,3,42,12000,15000,0,0,0,0,2,0,0,1
511200,1,2,5,32,1,70,13000,0,0,4000,0,0,2,0,0,1
511287,1,1,,3,1,50,20000,0,0,0,0,0,2,0,0,2
511340,1,1,,2,1,50,40000,330000,0,0,0,0,1,2000,400,1
511340,1,1,,2,1,50,30000,0,0,0,0,0,1,2000,,2
511346,1,1,,2,3,44,15000,0,50000,0,50000,30000,1,100000,10000,1
511351,1,3,,1,3,8,3000,0,0,0,0,0,2,0,0,1
511356,1,1,,2,1,40,10000,0,0,0,0,0,1,15000,1000,1
511356,1,1,,2,1,40,10000,0,0,0,0,0,1,15000,1000,2
511358,1,1,,1,3,60,12000,0,0,0,0,0,1,20000,1500,1
511373,1,1,,1,1,60,,0,0,0,0,0,2,0,0,1
511395,1,1,,2,2,50,30000,0,0,0,0,0,1,20000,2000,1
511406,1,1,,1,3,36,8000,0,0,0,0,0,1,20000,2000,1
511413,1,1,,2,3,40,18000,0,0,0,0,0,1,10000,1000,1
511420,1,1,,1,3,15,2000,0,0,0,0,0,2,0,0,2
511423,1,1,,2,3,55,21000,0,0,0,1000,0,1,50000,5000,2
511427,1,1,,1,1,24,25000,0,0,30000,0,0,1,5000,800,1
511428,1,2,6,1,3,48,6000,0,0,10000,0,3000,1,15000,3000,3
511451,1,1,,1,3,40,35000,0,0,0,0,0,2,0,0,1
511483,1,1,,1,3,30,20000,0,0,0,0,0,2,0,0,3
511488,1,1,,2,3,45,15000,0,0,0,30000,0,1,70000,2000,1
511491,1,3,,2,1,10,15000,0,0,0,0,0,2,0,0,3
511498,1,2,6,1,3,70,7000,0,0,0,0,0,2,0,0,1
511498,1,2,6,1,3,70,8000,0,0,0,0,0,2,0,0,2
511503,1,1,,7,2,126,12000,0,0,0,0,0,2,0,0,2
511504,1,1,,1,1,60,30000,0,0,0,0,0,2,0,0,1
511507,1,1,,2,3,40,12000,0,40000,0,0,0,2,0,0,1
511514,1,1,,1,3,60,24000,0,0,0,0,0,1,50000,10000,1
511585,1,3,,1,1,50,6000,0,0,0,0,0,2,0,0,2
511589,1,1,,2,3,50,20000,0,0,0,0,0,2,0,0,1
511617,1,1,,1,3,44,12000,0,0,0,0,0,1,,,1
511942,1,1,,6,3,18,20000,0,0,0,0,0,2,0,0,1
511989,2,3,,1,1,1,10000,0,0,0,0,0,2,0,0,1
512047,2,1,,1,2,30,10000,0,0,25000,0,0,1,50000,1000,1
512094,1,2,1,1,3,30,3000,0,100000,0,0,0,1,50000,2000,1
512202,1,1,,1,3,10,7500,0,0,0,0,0,2,0,0,1
512205,2,2,2,1,3,15,7000,0,0,0,0,0,1,70000,7000,1
512234,1,1,,1,3,50,30000,0,0,15000,10000,0,2,0,0,2
512235,1,1,,1,3,48,100000,0,0,0,0,0,1,50000,,1
512330,1,1,,1,1,48,130000,50000,0,20000,0,0,1,5000,1000,1
512331,1,1,,2,3,46,15000,0,20000,0,10000,3000,1,80000,4000,1
512337,1,1,,1,3,44,11000,0,0,0,10000,0,1,40000,4000,3
512340,1,1,,3,1,20,10000,0,0,0,0,10000,1,7000,2100,1
512340,1,1,,2,1,20,5000,0,0,0,0,5000,1,10000,350,2
512361,1,2,3,1,3,40,4000,0,0,0,0,0,1,20000,2000,1
512363,1,1,,1,3,40,18000,0,15000,15000,0,1000,1,20000,3000,1
512414,1,1,,2,2,70,40000,0,0,0,10000,0,1,200000,20000,1
512420,1,1,,1,1,40,45000,0,0,0,0,0,2,0,0,1
512457,1,1,,1,3,48,6000,0,0,0,0,0,2,0,0,1
512459,1,1,,2,1,36,50000,0,0,0,0,0,2,0,0,1
512459,1,1,,2,1,36,36000,0,0,0,0,0,2,0,0,2
512468,2,1,,1,1,18,12000,0,0,0,0,0,1,10000,500,1
512472,1,1,,1,3,44,10000,0,0,0,0,0,2,0,0,1
512489,1,1,,1,3,45,20000,0,70000,70000,70000,20000,1,700000,15000,1
512492,1,1,,1,3,36,10000,0,0,0,0,0,1,50000,,1
512543,1,1,,1,3,60,8000,0,0,0,0,500,2,0,0,1
512547,1,1,,2,3,50,30000,0,0,0,0,0,2,0,0,1
512559,1,3,,1,3,70,24000,0,0,0,0,0,1,30000,10000,1
512613,1,3,,1,3,20,9600,0,0,0,5000,0,1,500,,1
512623,1,1,,2,3,50,20000,0,0,0,15000,0,1,350000,5000,1
512627,1,3,,2,3,5,8000,0,0,0,0,0,2,0,0,1
512630,1,1,,3,3,44,30000,0,0,15000,0,1000,1,60000,10000,1
512647,1,1,,1,2,1,,0,0,0,0,0,2,0,0,1
512689,2,3,,1,1,10,3000,0,0,0,0,0,1,10000,1000,1
512694,1,1,,1,3,60,30000,0,0,0,0,0,2,0,0,2
512789,1,1,,4,3,60,45000,0,75000,50000,20000,0,1,350000,7500,1
512789,1,1,,4,3,60,10000,0,75000,50000,20000,0,1,350000,7500,2
512826,1,1,,2,3,30,16000,0,0,0,0,0,1,30000,5000,1
512827,1,1,,1,3,15,20000,0,2,2,1600,10000,1,50000,10000,1
512829,1,1,,1,3,45,30000,10000,0,0,600,0,1,100000,2000,1
512832,1,1,,1,3,65,48000,12000,0,0,0,10000,1,500000,10000,1
512835,1,1,,1,3,45,30000,0,0,0,0,1000,1,25000,2000,1
512842,1,1,,1,3,45,30000,25000,10000,0,0,0,1,50000,2000,2
512848,1,1,,1,3,35,26000,0,0,0,2500,5000,1,75000,1500,1
512855,1,1,,3,3,40,16000,0,0,0,0,0,1,20000,1000,2
512869,1,1,,1,3,20,3000,0,0,0,0,0,1,6000,600,1
512870,1,1,,8,3,50,27000,0,0,0,0,0,2,0,0,1
512872,1,1,,4,3,60,30000,0,0,0,0,0,2,0,0,1
512881,1,1,,4,1,66,50000,0,0,0,0,0,1,90000,9000,1
512882,1,1,,2,3,70,45000,0,0,0,0,0,1,25000,9000,1
512890,1,1,,1,3,50,26000,0,0,0,0,0,2,0,0,1
512907,1,1,,2,3,50,20000,0,2000,0,3000,5000,1,60000,3000,1
512918,1,1,,1,3,60,15000,0,0,0,0,0,1,60000,,1
512934,1,1,,2,2,20,30000,0,0,60000,0,0,1,50000,4000,1
512951,1,1,,20,3,45,75000,0,0,0,0,0,2,0,0,2
512954,1,1,,2,3,50,30000,0,0,0,0,0,2,0,0,1
512962,1,1,,2,3,50,20000,0,0,0,0,0,2,0,0,1
512967,1,1,,1,1,50,100000,0,0,0,0,0,2,0,0,1
512979,1,1,,2,3,50,13000,0,0,0,0,0,2,0,0,2
513002,1,1,,8,1,55,60000,0,30000,10000,10000,50000,1,500000,50000,1
513005,1,1,,1,1,50,35000,0,0,0,0,0,2,0,0,1
513048,1,1,,10,2,50,40000,0,0,0,0,0,2,0,0,1
513048,1,1,,10,2,40,30000,0,0,0,0,0,2,0,0,3
513106,1,1,,1,1,46,80000,0,0,0,0,0,2,0,0,2
513177,2,3,,1,2,10,20000,0,0,0,0,0,2,0,0,2
513191,2,3,,100,1,5,20000,0,0,0,0,0,1,100000,10000,1
513194,1,1,,1,3,40,18000,0,0,0,0,0,2,0,0,4
513197,1,1,,8,1,58,300000,0,0,0,0,200000,1,60000,12000,1
513211,1,1,,3,1,50,165000,0,0,0,0,0,2,0,0,1
513211,1,2,7,1,1,45,15000,0,0,0,0,0,2,0,0,2
513333,1,1,,2,3,60,18000,0,0,42000,15000,0,1,70000,1500,1
513338,1,1,,1,3,48,18000,0,0,8000,0,0,1,30000,2000,3
513371,1,1,,1,1,50,60000,0,0,0,0,0,2,0,0,1
513376,1,1,,20,1,40,25000,0,0,0,0,0,1,10000,1000,2
513406,1,1,,1,3,45,25000,0,0,0,0,0,2,0,0,2
513419,1,1,,3,3,48,25000,0,0,8700,0,0,1,100000,4000,1
513420,1,1,,2,2,50,,0,26000,0,3000,12000,1,20000,5000,1
513422,1,2,8,1,1,60,12000,0,0,0,0,0,2,0,0,1
513425,1,1,,1,3,48,30000,0,0,0,0,0,2,0,0,1
513430,1,2,8,1,1,24,2000,0,0,0,0,0,2,0,0,2
513433,1,1,,1,1,60,50000,0,0,6000,0,0,1,10000,3000,1
513436,1,1,,1,1,30,20000,0,0,0,0,0,2,0,0,2
513437,2,1,,1,2,4,5000,0,0,0,0,0,1,50000,1000,1
513438,1,1,,1,1,40,6000,0,0,0,0,0,2,0,0,1
513443,1,1,,1,3,50,16000,0,20000,0,0,0,1,100000,5000,1
513444,1,3,,1,1,18,15000,0,0,0,0,2800,2,0,0,2
513445,1,1,,1,3,66,34000,0,0,0,9000,0,1,350000,27000,1
