NQUEST,NORD,FLEXORA,FLEXNOT,FLEXFEST,FLEXNORM,FLEXLIB,FLEXREG,FLEXNNOT,FLEXNFES
173,1,1,2,2,2,4,1,0,0
465,1,2,1,,,,,1,0
465,2,2,,,,,,0,0
558,1,1,2,2,4,4,1,0,0
558,2,1,2,2,2,3,2,0,0
558,3,1,2,2,3,4,1,0,0
632,1,1,1,2,1,4,1,23,7
632,2,1,2,2,4,4,1,0,0
632,3,1,2,2,4,4,1,0,0
823,1,1,2,2,4,4,1,0,0
1371,1,1,1,1,2,3,1,2,2
2178,3,1,2,2,3,3,1,0,0
2970,1,2,,,,,,0,0
3078,1,2,1,,,,,300,0
4732,1,1,2,2,4,3,1,0,3
5028,1,1,2,1,2,2,3,0,3
5028,3,1,2,2,4,2,1,0,0
5416,3,1,2,2,4,4,1,0,0
6090,2,1,2,2,5,4,1,0,0
6522,2,1,2,1,4,4,1,0,15
7089,1,2,1,,,,,1,0
7091,3,1,1,2,3,4,1,,0
7098,1,2,1,,,,,1,0
7160,3,1,2,1,1,3,1,0,8
7165,1,1,2,2,4,4,3,0,0
7165,2,1,2,2,4,4,3,0,0
7886,1,1,2,2,4,4,1,0,0
7895,1,1,2,2,4,4,1,0,0
8481,1,1,2,2,2,3,1,0,0
9248,1,1,2,2,2,2,5,0,2
11972,1,2,,,,,,0,6
11972,2,2,,,,,,0,6
11972,3,2,,,,,,0,6
20010,3,1,2,2,2,4,1,0,5
20297,1,1,2,2,2,3,1,0,1
20704,1,2,,,,,,0,0
20704,3,1,2,2,4,4,1,0,0
20711,3,1,2,2,4,4,1,0,0
20711,4,1,2,2,4,4,1,0,0
20711,5,1,2,2,4,4,1,0,0
20711,6,1,2,1,4,4,1,0,0
20767,1,1,2,2,4,2,1,0,0
20784,1,2,,,,,,0,0
20784,2,1,2,2,4,4,2,0,0
20839,1,1,2,2,4,3,1,0,0
20862,2,1,2,2,2,3,1,0,0
20862,3,1,1,1,1,3,2,6,50
20944,1,2,,,,,,0,0
20944,2,1,2,2,4,4,1,0,0
21003,4,1,2,2,5,2,2,0,0
21368,1,1,2,2,4,4,1,0,0
21368,3,1,2,2,4,4,1,0,0
21384,1,1,2,1,4,4,1,0,52
21472,2,2,,,,,,0,20
21472,3,1,2,2,4,3,1,0,0
21474,1,1,2,2,4,4,1,0,0
21474,2,1,2,2,4,4,1,0,0
21627,1,1,2,2,4,4,1,0,0
21639,1,2,,,,,,0,0
21639,2,1,1,1,4,4,1,48,48
21693,1,1,2,1,2,2,1,0,52
21693,2,1,2,1,3,2,1,0,52
21926,3,1,2,2,4,4,1,0,0
22099,1,2,,,,,,0,0
22167,1,1,1,1,1,4,2,10,40
22168,1,1,2,2,4,3,1,0,0
22203,1,1,2,2,1,4,1,0,0
22203,4,1,2,2,4,4,1,0,0
22203,5,1,2,2,4,4,1,0,0
22279,1,1,2,2,2,2,2,0,50
22286,1,1,1,1,4,4,2,84,45
22374,1,1,2,2,4,3,1,0,0
22374,2,1,2,2,4,3,1,0,0
22516,1,1,2,2,3,4,4,0,1
22516,2,1,1,1,2,4,3,40,25
22516,3,1,2,2,4,4,1,0,0
22571,2,1,1,2,4,4,1,2,0
22669,2,1,1,2,3,2,1,2,0
22685,1,2,,,,,,0,10
22685,2,1,2,2,2,2,1,0,3
22807,1,1,1,1,4,2,2,2,10
22807,3,2,,,,,,0,0
22904,2,1,2,2,4,4,4,0,0
22964,3,1,2,2,4,4,1,0,0
22992,1,1,2,2,4,2,1,0,0
22992,2,2,,,,,,0,0
22993,1,1,2,2,4,2,1,0,0
22993,2,1,2,2,4,2,1,0,0
22996,1,2,,,,,,0,0
22996,3,2,,,,,,0,0
22996,4,2,,,,,,0,0
23370,1,1,1,1,2,2,1,20,10
23386,1,1,2,2,4,4,1,0,0
23386,2,1,2,2,4,4,4,0,4
23466,1,2,,,,,,0,6
23474,2,1,2,2,4,4,4,0,0
23683,1,1,2,2,2,3,1,0,0
23683,2,1,2,2,1,4,1,0,0
23732,1,1,2,2,4,4,1,0,0
23732,2,1,2,1,4,4,2,0,20
23821,4,1,1,2,3,2,2,5,4
23865,1,1,2,2,4,4,1,0,0
23958,1,2,1,,,,,3,15
23958,2,2,1,,,,,2,0
24071,1,1,1,2,1,3,3,10,12
24080,1,1,2,2,2,4,1,0,0
24080,2,1,2,2,4,3,1,0,0
24132,2,1,2,1,2,3,2,0,30
24147,1,1,2,2,2,4,1,0,0
24147,2,1,2,2,1,4,2,0,3
24170,1,1,2,2,3,4,1,0,0
24170,2,1,1,1,4,3,5,70,30
24194,1,1,2,2,1,4,1,0,0
24194,2,1,1,1,2,3,1,2,60
24195,3,1,2,1,4,4,1,0,0
24195,4,1,2,2,4,4,1,0,4
24202,3,1,2,2,2,3,1,0,0
24304,1,1,1,1,1,1,2,6,20
24304,2,1,2,2,4,4,1,0,0
24382,3,1,2,2,4,4,1,0,0
24390,2,1,2,2,3,3,1,0,0
24415,1,1,1,1,3,4,1,,1
24415,2,1,2,2,4,4,1,0,0
24431,1,1,2,1,2,2,1,0,25
24431,2,1,2,2,2,4,1,0,0
24434,1,1,2,2,4,4,1,0,0
24434,2,1,2,2,4,4,1,0,0
24438,3,1,2,2,4,4,1,0,0
24438,4,1,2,2,5,4,1,0,0
24531,1,1,2,2,4,4,1,0,0
24531,2,1,2,2,3,4,1,0,0
24624,1,1,1,2,4,4,1,4,3
24624,2,1,2,2,5,3,1,0,0
24630,1,1,2,2,1,3,1,0,0
24630,2,1,1,2,4,4,3,60,0
24630,3,1,2,2,4,4,3,0,0
24633,3,2,,,,,,0,0
24635,1,1,1,2,1,3,1,,0
24646,2,1,2,2,2,4,1,0,0
24731,3,1,2,2,4,2,1,0,10
24849,1,1,2,2,4,4,1,0,0
24849,2,1,2,2,4,4,1,0,0
24912,1,1,2,2,4,2,1,0,0
24912,2,2,,,,,,0,15
24919,1,1,2,2,4,4,1,0,0
24924,1,1,2,2,4,2,1,0,0
24924,2,2,,,,,,0,5
24979,1,2,1,,,,,1,0
24984,1,1,1,1,4,4,1,60,60
24984,2,2,,,,,,0,0
25081,1,1,1,2,2,3,1,2,10
25081,2,1,2,2,4,3,1,0,0
25090,3,1,2,2,5,4,1,0,2
25128,1,1,2,2,3,4,1,0,0
25128,2,1,2,2,4,3,1,0,0
25137,1,2,,,,,,0,4
25138,1,1,2,1,2,4,1,0,25
25138,3,2,1,,,,,5,15
25141,1,1,2,2,2,3,1,0,0
25148,1,1,2,2,4,4,1,0,0
25148,2,1,2,2,4,2,1,0,0
25240,1,1,2,2,3,4,1,0,3
25240,3,1,2,1,4,4,1,0,10
25240,4,1,2,1,3,4,1,0,6
25425,1,1,1,2,2,4,1,3,2
25425,2,1,2,2,3,2,1,0,0
25435,1,1,2,2,2,2,1,0,0
25435,2,1,1,1,2,2,5,10,10
25444,1,1,1,1,2,3,1,340,44
25610,1,1,2,2,2,4,1,0,4
25610,2,1,2,2,2,4,1,0,2
25753,1,1,2,2,4,4,1,0,0
25753,2,1,2,2,4,4,1,0,0
25768,2,1,2,2,4,4,1,0,0
25842,1,1,1,2,4,2,1,5,4
25910,2,2,,,,,,0,0
25914,1,2,1,,,,,2,2
25914,2,1,2,2,4,4,1,0,0
25914,3,1,2,2,4,4,1,0,0
25917,1,2,,,,,,0,0
25917,2,2,,,,,,0,0
25917,3,2,,,,,,0,0
25923,1,1,2,2,1,4,1,0,0
25923,2,1,2,2,1,3,1,0,0
25923,3,1,2,2,2,2,1,0,0
25964,1,1,2,2,4,3,1,0,0
25964,4,1,2,2,4,4,1,0,0
26029,1,1,1,1,2,4,1,12,12
26029,2,1,2,2,4,4,1,0,0
26048,4,1,2,1,4,4,1,0,12
26161,1,1,2,1,2,1,5,0,60
26161,2,1,2,1,2,1,5,0,60
26161,3,1,2,2,4,4,1,0,0
26163,1,2,,,,,,0,0
26239,1,1,1,1,1,4,1,84,4
26267,1,1,2,2,2,2,1,0,0
26312,1,1,1,1,2,4,1,,40
26312,2,1,1,2,2,4,1,100,0
26349,3,1,1,1,2,4,4,22,40
26574,1,1,2,2,2,4,1,0,0
26574,2,1,2,2,4,4,1,0,0
26684,1,1,2,2,5,1,1,0,0
26687,1,1,2,2,3,2,1,0,0
26722,1,1,2,2,1,1,1,0,0
26722,2,1,1,1,4,4,2,30,30
26925,1,1,2,2,4,4,1,0,0
26925,2,1,2,2,5,4,1,0,0
26925,3,1,1,2,5,4,1,1,0
26925,5,1,2,2,5,2,1,0,0
26939,1,1,2,2,4,4,1,0,0
26939,2,1,2,2,2,4,1,0,0
27108,1,1,2,2,2,4,1,0,0
27162,1,1,2,2,4,4,1,0,0
27162,2,1,2,2,4,4,1,0,0
27224,1,1,2,2,3,3,1,0,0
27224,2,1,2,1,5,2,1,0,9
27238,1,1,2,2,4,4,1,0,0
27238,2,1,2,2,4,4,1,0,0
27644,1,1,2,2,3,1,1,0,3
27688,1,1,2,2,4,4,1,0,0
27688,2,1,1,1,4,4,1,48,3
27741,2,2,1,,,,,4,2
27741,4,1,2,2,4,3,1,0,0
27773,1,1,2,2,4,4,1,0,0
27773,2,1,2,2,4,4,1,0,0
27773,3,1,2,2,4,4,1,0,0
27799,2,1,2,2,1,4,1,0,0
27912,1,1,2,2,4,4,1,0,1
27912,2,1,2,2,2,4,1,0,0
27935,1,1,2,2,4,4,1,0,0
27935,2,1,1,2,3,4,3,50,12
27945,1,1,2,2,4,4,1,0,0
27945,2,1,2,2,3,4,1,0,2
28074,1,1,2,2,4,1,1,0,0
28074,2,1,2,2,4,4,1,0,0
28109,1,1,2,2,3,4,1,0,0
28146,2,1,2,2,4,3,1,0,0
28146,3,1,2,2,4,3,1,0,0
28303,3,2,,,,,,0,0
28332,1,1,2,1,4,4,1,0,17
28334,1,1,2,1,4,4,1,0,12
28418,1,1,2,1,5,2,1,0,15
28418,2,1,1,1,5,2,1,170,12
28441,1,1,1,1,4,4,1,219,51
28446,3,1,2,2,4,4,1,0,0
28460,1,1,2,2,4,2,1,0,0
28460,2,1,2,2,4,3,1,0,0
28802,1,1,1,2,2,3,1,2,0
28807,1,1,1,2,4,1,1,,0
28878,1,1,2,2,4,2,1,0,0
28878,2,1,2,2,1,3,1,0,0
28923,3,2,,,,,,0,10
28927,1,1,2,1,2,2,1,0,18
28932,1,1,2,2,4,4,1,0,0
29006,1,2,1,,,,,100,10
29006,2,2,,,,,,0,0
29048,1,1,2,2,4,4,1,0,0
29048,3,1,2,2,4,4,1,0,0
29197,1,1,2,1,1,4,1,0,15
29197,2,2,,,,,,0,0
29197,3,1,2,2,4,4,1,0,3
29280,1,2,,,,,,0,0
29280,2,1,2,2,4,4,1,0,0
29283,1,1,1,2,3,4,1,2,1
29283,2,1,2,2,4,4,1,0,0
29288,2,2,,,,,,0,0
29288,3,1,2,2,5,3,1,0,0
29292,1,1,1,1,1,2,3,7,25
29457,1,1,1,1,1,4,1,84,18
29463,2,1,2,2,4,3,1,0,0
29553,3,1,2,2,4,2,2,0,0
29680,1,1,2,2,4,4,1,0,0
29687,1,1,2,1,4,4,1,0,52
29704,1,1,2,2,4,4,1,0,0
29704,2,1,2,2,4,2,1,0,0
29742,1,1,2,2,4,2,1,0,0
29742,2,1,2,2,4,4,1,0,0
29773,1,1,2,2,2,4,1,0,0
29805,3,1,2,2,3,4,1,0,0
31025,1,1,2,2,4,4,1,0,0
31051,2,2,,,,,,0,10
31066,4,1,1,1,3,4,3,12,3
31080,1,1,2,2,4,4,1,0,0
31080,2,1,2,2,4,4,1,0,0
31081,1,2,,,,,,0,0
31081,3,2,,,,,,0,0
31092,1,2,,,,,,0,0
31093,1,1,2,1,4,2,1,0,15
31095,1,1,2,2,4,3,1,0,0
31095,2,1,2,2,4,4,1,0,0
31120,2,2,,,,,,0,0
31122,1,1,2,2,1,4,1,0,0
31137,1,1,2,2,1,4,1,0,0
31137,2,1,2,2,5,4,1,0,0
31144,2,1,2,2,4,4,1,0,0
31145,1,1,2,2,4,4,1,0,0
31145,3,1,2,2,5,4,1,0,0
31161,1,1,1,2,4,2,1,36,0
31161,2,1,2,2,4,2,1,0,0
31183,1,1,2,2,4,3,1,0,0
31202,1,1,2,2,2,2,1,0,0
31205,1,1,2,2,4,4,1,0,0
31205,2,1,2,2,3,4,1,0,0
31205,3,1,2,2,4,4,1,0,0
31222,2,1,2,2,4,4,1,0,2
31229,1,1,2,2,4,4,1,0,0
31229,2,1,2,2,4,4,1,0,0
31229,3,1,2,2,4,4,1,0,0
31246,3,1,2,2,4,4,1,0,0
31264,1,1,2,2,2,4,1,0,2
31264,2,1,2,2,2,4,1,0,0
31281,1,1,2,2,2,4,1,0,0
31281,2,2,,,,,,0,0
31316,1,2,,,,,,0,0
31316,2,1,1,2,3,4,1,,0
31326,1,2,1,,,,,5,52
31326,2,1,1,1,5,4,1,52,36
31372,1,2,,,,,,0,0
31372,3,2,,,,,,0,10
31372,4,1,2,2,4,4,1,0,0
31373,3,1,2,2,4,4,1,0,0
31383,3,1,2,2,2,3,1,0,0
31409,1,1,2,2,5,3,1,0,1
31409,2,1,2,2,4,4,1,0,0
31415,1,1,2,2,4,3,1,0,0
31415,2,1,2,1,2,3,2,0,4
31416,1,1,1,1,1,2,1,2,3
31416,2,1,2,2,3,4,1,0,0
31416,3,1,2,1,1,1,2,0,8
31416,4,1,1,1,2,2,2,5,0
31435,2,1,2,2,4,4,1,0,0
31435,3,1,2,2,4,4,1,0,0
31439,1,1,2,2,4,2,1,0,0
31441,1,1,1,2,4,2,1,,0
31441,2,1,2,2,4,2,1,0,0
31441,3,1,2,2,4,4,1,0,0
31448,3,1,2,2,3,2,2,0,5
31561,3,1,2,2,4,3,1,0,0
31658,1,1,2,2,4,3,1,0,0
31658,2,2,,,,,,0,0
31671,1,2,,,,,,0,0
31676,1,1,2,2,3,3,1,0,0
31676,2,1,2,2,2,4,3,0,0
31677,1,1,1,1,2,4,1,54,35
31677,2,1,2,2,4,4,1,0,0
31680,2,2,,,,,,0,0
31685,1,1,1,2,5,2,5,10,5
31685,2,1,2,2,4,4,1,0,0
31695,1,1,2,2,2,3,1,0,0
31716,1,2,,,,,,0,1
31716,3,1,1,1,2,4,1,300,48
31724,1,1,1,1,1,2,1,20,4
31724,2,1,2,2,4,4,1,0,0
31725,1,1,1,1,4,2,5,8,10
31726,2,1,1,2,2,4,3,100,0
31741,2,2,,,,,,0,0
31785,1,1,2,2,3,4,1,0,0
31785,2,1,2,2,4,3,2,0,0
31785,3,2,1,,,,,2,10
31791,1,2,,,,,,0,8
31797,1,1,2,2,2,4,1,0,0
31797,3,1,2,2,4,4,1,0,0
31797,4,1,2,2,4,4,1,0,0
31798,2,2,,,,,,0,5
31798,3,1,2,2,4,4,1,0,0
31860,1,1,2,2,4,4,1,0,0
31860,2,1,2,2,4,4,1,0,0
31868,1,1,2,2,4,4,1,0,0
31891,1,2,,,,,,0,0
31891,3,2,,,,,,0,0
31912,3,1,2,2,2,3,1,0,0
32012,1,2,1,,,,,3,0
32012,2,1,2,2,2,2,1,0,0
32014,1,1,2,1,4,1,1,0,40
32014,2,2,,,,,,0,0
32016,2,1,2,2,4,3,1,0,0
32028,1,1,2,2,5,4,1,0,0
32028,2,1,2,2,5,4,1,0,0
32033,1,1,2,2,4,4,1,0,0
32033,2,1,2,2,4,4,1,0,0
32057,1,1,2,1,2,2,2,0,10
32057,3,1,2,1,4,4,1,0,5
32068,1,2,,,,,,0,8
32068,3,2,,,,,,0,15
32138,1,2,,,,,,0,0
32138,2,1,2,2,4,2,1,0,0
32140,1,1,2,2,2,4,1,0,0
32140,2,1,2,2,4,4,1,0,0
32197,1,1,2,1,4,4,2,0,18
32197,2,1,2,2,2,4,1,0,0
32204,3,1,2,2,4,1,5,0,0
32204,4,1,2,2,4,1,5,0,0
32207,6,1,2,2,3,3,1,0,0
32209,3,1,2,2,4,3,1,0,0
32209,4,1,2,2,4,3,1,0,0
32235,1,1,2,2,4,2,1,0,0
32252,1,1,1,1,2,4,3,42,10
32252,3,1,2,2,3,4,1,0,3
32260,1,1,2,2,1,3,1,0,0
32260,2,1,2,2,2,2,1,0,0
32272,1,1,2,2,3,4,2,0,0
32272,2,1,1,1,4,4,2,,0
32279,1,1,2,1,2,2,1,0,52
32279,2,1,2,2,4,3,1,0,0
32279,3,1,1,1,2,3,1,,50
32280,1,1,2,2,4,4,1,0,0
32285,2,1,2,2,4,4,1,0,0
32288,1,1,2,2,4,4,1,0,0
32288,2,1,2,1,4,4,1,0,40
32292,1,1,2,2,4,4,1,0,0
32303,3,2,,,,,,0,0
32303,6,1,2,1,4,4,1,0,24
32320,1,2,1,,,,,10,18
32320,2,1,2,2,3,4,1,0,0
32363,2,1,2,2,3,4,3,0,0
32465,1,2,,,,,,0,0
32479,1,1,2,2,2,4,1,0,4
32486,1,1,2,2,4,3,1,0,0
32486,2,1,2,2,4,4,1,0,0
32496,3,1,2,2,4,4,1,0,0
32517,3,1,2,2,4,3,1,0,6
32522,1,1,2,2,4,4,1,0,0
32558,1,1,2,2,4,4,1,0,0
32575,1,1,2,2,4,4,1,0,0
32575,2,1,2,2,4,4,1,0,0
32588,1,1,2,2,4,4,1,0,0
32588,2,1,2,2,1,2,1,0,0
32590,1,1,2,2,2,4,1,0,0
32590,2,1,2,2,4,4,1,0,0
32654,3,1,1,1,4,4,1,15,5
32654,4,1,2,2,4,4,1,0,0
32708,1,1,1,1,1,4,3,100,33
32708,2,2,,,,,,0,0
32709,1,2,,,,,,0,0
32709,2,2,,,,,,0,0
32712,1,1,1,1,4,4,4,2,7
32712,2,1,2,2,4,4,1,0,0
32712,3,1,2,2,4,4,1,0,0
32713,1,2,,,,,,0,10
32713,2,2,1,,,,,3,45
32713,3,1,2,2,4,3,1,0,0
32713,4,1,2,2,4,4,1,0,0
32714,1,1,2,2,4,4,1,0,0
32714,2,1,2,2,4,4,1,0,0
32716,3,1,2,2,4,4,1,0,0
32716,4,1,1,1,4,4,1,,0
32719,3,1,2,2,3,4,1,0,0
32719,4,1,2,2,4,4,1,0,0
32729,1,1,2,2,4,2,2,0,0
32729,3,1,2,2,4,4,1,0,0
32731,3,1,2,2,4,3,1,0,0
32732,1,1,1,2,2,2,2,10,0
32732,2,1,2,2,3,4,3,0,0
32754,1,2,,,,,,0,0
32754,2,1,2,2,4,4,1,0,0
32764,1,2,1,,,,,15,12
32764,2,1,2,2,4,4,1,0,0
32765,1,1,2,1,2,2,1,0,14
32765,2,1,2,2,4,2,1,0,0
32772,2,1,1,1,1,4,1,90,40
32772,3,1,2,2,2,4,1,0,0
32780,4,1,2,2,3,4,1,0,0
32788,1,1,2,2,3,4,1,0,0
32834,1,1,2,2,4,4,5,0,0
32834,2,1,1,1,2,4,2,40,30
32835,1,1,2,2,4,4,1,0,0
32835,3,1,2,2,4,4,1,0,0
32837,1,2,,,,,,0,1
32861,2,1,2,2,3,4,1,0,0
32866,2,1,2,2,2,4,1,0,0
32871,1,2,,,,,,0,0
32871,2,1,2,2,4,4,5,0,0
32875,1,1,1,2,1,4,3,25,20
32887,1,1,2,2,3,1,1,0,8
32887,2,1,2,2,3,1,1,0,8
32890,1,2,,,,,,0,0
32890,2,1,1,1,5,1,1,360,60
32900,3,1,2,2,4,4,1,0,0
32902,2,1,2,2,4,2,1,0,0
32925,1,1,2,2,2,3,1,0,0
32946,1,1,2,1,5,4,1,0,3
33010,1,1,2,2,4,3,1,0,0
33205,1,2,1,,,,,100,60
33219,1,1,1,1,4,4,1,50,50
33219,2,2,,,,,,0,0
33268,1,2,,,,,,0,0
33268,3,1,2,2,4,4,1,0,0
33273,1,1,2,2,4,4,1,0,0
33275,1,1,2,2,1,4,1,0,0
33275,2,1,2,2,2,4,1,0,0
33301,1,1,2,2,2,4,3,0,0
33335,1,1,2,1,2,3,1,0,3
33335,2,1,2,2,4,3,1,0,0
33336,1,1,2,2,2,2,1,0,0
33346,1,1,2,1,1,2,1,0,3
33382,1,2,,,,,,0,0
33455,1,1,2,2,2,4,1,0,5
33479,2,1,2,2,4,4,1,0,0
33591,1,1,2,2,4,4,1,0,0
33634,3,1,2,2,2,4,1,0,0
33635,2,1,2,2,4,4,1,0,0
33636,1,1,2,2,2,1,1,0,0
33684,1,1,2,2,4,4,1,0,0
33684,3,1,2,2,4,4,1,0,0
33751,1,1,2,2,4,4,1,0,0
33753,2,1,2,2,2,3,1,0,0
33753,4,1,2,2,2,3,1,0,0
33753,6,1,2,2,2,3,1,0,0
33753,7,1,2,2,2,4,1,0,0
33773,1,1,2,2,1,3,1,0,0
33773,2,1,2,2,2,3,1,0,0
33777,1,1,2,2,3,1,1,0,3
33777,2,1,2,1,1,4,1,0,12
33778,2,1,2,2,4,4,1,0,0
33814,1,1,2,2,3,4,1,0,0
33839,3,1,2,2,2,4,1,0,0
33865,1,1,2,2,4,4,1,0,0
33865,2,1,2,2,4,4,1,0,0
33895,1,2,,,,,,0,0
33895,2,2,,,,,,0,2
33934,1,1,1,1,1,4,1,52,6
33938,1,1,2,2,4,4,1,0,0
33983,1,2,,,,,,0,0
33994,1,1,2,2,4,4,1,0,0
34017,1,1,2,2,4,1,1,0,0
34018,1,1,2,2,4,3,1,0,0
34056,1,1,1,1,2,4,1,4,5
34056,2,1,2,1,4,4,1,0,10
34058,3,2,1,,,,,2,0
34062,1,1,1,2,2,4,1,10,10
34124,1,2,,,,,,0,2
34124,3,1,2,2,4,3,1,0,0
34124,4,1,2,2,4,4,1,0,0
34131,1,1,2,2,1,1,1,0,0
34134,1,1,2,2,2,3,1,0,0
34181,1,2,,,,,,0,0
34198,1,1,2,2,2,4,1,0,0
34211,3,1,2,1,3,3,2,0,4
34216,1,1,1,1,2,4,1,90,6
34216,3,1,2,1,2,4,1,0,2
34224,1,2,,,,,,0,0
34230,2,1,2,2,4,2,1,0,0
34252,1,1,2,2,2,4,1,0,0
34255,3,1,2,1,4,4,1,0,6
34264,2,1,2,2,4,4,1,0,0
34269,1,1,2,2,4,3,1,0,0
34269,2,1,2,2,4,4,1,0,0
34302,2,1,2,2,4,4,1,0,0
34305,1,1,2,2,3,3,1,0,0
34458,1,1,1,1,4,4,2,60,24
34721,1,1,2,2,4,4,1,0,0
34721,2,1,2,2,4,4,1,0,0
34793,1,2,,,,,,0,10
34793,3,1,2,2,2,2,1,0,20
34793,4,1,2,2,4,3,1,0,0
34800,3,2,,,,,,0,0
34833,1,1,2,2,4,4,1,0,0
34833,3,2,1,,,,,30,0
34833,4,2,1,,,,,15,0
34922,1,1,1,1,4,4,1,82,0
34922,3,2,1,,,,,1,0
34925,1,1,2,2,4,3,1,0,0
34925,3,1,2,1,2,4,1,0,25
34925,4,1,2,1,2,4,1,0,30
34926,3,1,1,1,4,4,1,85,0
34927,1,1,2,2,4,1,1,0,0
34927,4,1,2,2,4,1,1,0,0
34933,1,1,1,2,2,4,1,80,0
34983,3,1,2,2,4,2,1,0,0
35001,3,1,2,2,4,4,1,0,0
35022,1,1,2,1,4,4,2,0,4
35022,2,1,2,2,4,4,2,0,0
35032,1,1,2,1,2,4,1,0,6
35032,2,1,2,2,4,4,1,0,0
35080,1,1,2,2,4,4,1,0,0
35080,2,1,2,2,4,4,1,0,0
35106,1,2,,,,,,0,0
35150,3,1,1,2,2,3,1,5,5
35155,3,1,2,2,4,3,1,0,10
35157,1,1,1,1,4,4,1,20,40
35169,3,1,2,2,2,4,1,0,0
35202,1,1,2,2,3,3,1,0,0
35203,2,1,2,2,4,3,1,0,0
35203,3,1,2,2,4,3,1,0,0
35228,1,1,1,1,1,4,2,61,24
35228,2,1,1,2,2,4,2,,0
35232,2,1,2,2,5,4,1,0,0
35232,3,1,1,2,4,4,1,,0
35276,2,1,2,2,4,4,1,0,5
35278,1,1,2,2,4,3,1,0,0
35278,2,1,2,2,4,3,1,0,0
35281,4,1,2,2,4,4,1,0,0
35295,3,1,2,2,4,4,1,0,0
35326,1,2,,,,,,0,0
35351,1,1,2,2,4,4,1,0,0
35354,2,1,2,2,4,4,1,0,0
35366,1,1,1,2,2,4,1,5,6
35366,2,1,2,2,4,4,1,0,0
35371,1,1,2,2,4,3,1,0,0
35381,1,2,1,,,,,40,20
35394,1,1,2,2,4,4,1,0,0
35399,1,1,2,2,4,4,1,0,0
35399,2,1,2,2,3,4,3,0,0
35454,1,1,2,2,4,4,1,0,0
35454,2,1,2,2,2,4,1,0,0
35456,2,2,,,,,,0,10
35458,1,1,2,1,1,4,1,0,7
35458,2,1,2,2,2,4,1,0,0
35486,1,1,2,1,1,4,1,0,10
35486,2,1,2,1,2,3,1,0,10
35497,1,1,1,1,2,4,1,60,30
35497,3,1,2,2,4,4,1,0,0
35506,2,1,2,2,4,3,1,0,0
35508,1,2,,,,,,0,15
35518,3,1,2,2,4,4,1,0,0
35518,4,1,2,2,4,4,1,0,0
35552,2,1,2,2,2,2,1,0,0
35570,1,1,2,1,4,4,1,0,1
35570,3,1,2,1,2,4,1,0,2
35588,1,1,2,2,4,4,1,0,0
35627,1,2,,,,,,0,0
35643,1,1,2,2,1,2,1,0,0
35643,3,1,2,2,4,2,2,0,0
35647,1,1,1,1,2,4,1,80,12
35650,1,1,1,1,2,4,3,18,12
35677,2,2,,,,,,0,0
35677,3,1,2,2,2,4,1,0,0
35718,1,2,1,,,,,45,45
35718,2,1,2,1,2,4,1,0,30
35781,1,1,1,2,3,4,2,220,0
35781,3,1,2,2,2,4,1,0,2
35781,4,1,2,2,3,4,1,0,0
35781,5,1,2,2,4,4,1,0,0
35789,2,1,2,2,4,2,1,0,0
35820,1,1,2,2,2,2,1,0,3
35820,2,1,2,2,3,3,1,0,0
35851,3,1,1,1,1,4,1,,0
35899,3,1,2,2,2,4,1,0,0
35899,4,1,2,2,4,4,1,0,0
35964,1,2,,,,,,0,15
35964,2,1,2,2,2,1,1,0,0
36002,1,1,2,2,1,4,1,0,0
36010,1,1,2,2,4,3,1,0,0
36049,1,1,2,2,1,4,1,0,0
36062,1,1,2,2,4,4,1,0,0
36062,2,1,1,1,4,4,1,,0
36073,2,1,2,2,4,4,1,0,0
36074,1,1,2,2,3,3,1,0,0
36101,1,1,2,2,4,4,1,0,0
36101,3,2,,,,,,0,0
36107,1,2,,,,,,0,0
36107,3,1,2,2,3,4,1,0,0
36107,7,1,2,2,4,4,1,0,0
36109,2,1,2,1,1,3,2,0,50
36116,1,1,2,2,4,2,1,0,0
36116,3,1,2,2,2,4,1,0,0
36116,4,2,1,,,,,1,0
36120,1,1,2,2,3,3,1,0,0
36120,2,1,2,2,4,3,1,0,0
36122,2,1,2,2,3,4,1,0,0
36124,2,2,,,,,,0,50
36124,4,1,2,1,1,4,1,0,50
36128,1,1,2,1,3,4,1,0,15
36144,1,1,2,2,4,4,1,0,0
36144,3,1,2,1,4,4,1,0,40
36144,4,1,2,2,4,4,1,0,0
36150,4,1,2,2,4,4,1,0,0
36163,1,2,,,,,,0,0
36163,2,1,2,2,4,4,1,0,0
36236,1,1,2,2,2,3,1,0,0
36262,1,2,,,,,,0,10
36262,2,2,,,,,,0,5
36291,3,1,2,1,3,4,1,0,10
36311,1,1,2,2,4,4,1,0,0
36316,1,1,2,2,2,2,1,0,0
36321,1,1,1,1,2,4,1,4,5
36333,1,2,1,,,,,200,0
36373,1,1,2,2,3,4,1,0,0
36373,2,1,2,2,4,4,1,0,0
36378,1,2,,,,,,0,0
36378,2,1,1,1,2,4,5,5,10
36378,3,2,,,,,,0,0
36378,4,1,2,2,4,4,1,0,0
36391,1,1,2,2,4,2,1,0,0
36391,4,1,2,2,3,2,1,0,0
36402,1,1,2,2,4,4,1,0,0
36403,1,1,2,2,4,4,1,0,0
36406,1,1,1,2,4,4,1,40,2
36409,1,1,1,1,5,4,1,20,15
36409,2,1,1,1,5,4,1,20,20
36446,1,1,2,2,4,2,1,0,0
36450,1,1,2,2,5,1,4,0,0
36450,2,1,2,2,3,3,1,0,0
36513,1,1,1,2,3,4,3,40,0
36513,2,1,2,2,4,4,1,0,0
36519,1,2,,,,,,0,0
36537,3,1,2,2,4,2,1,0,0
36627,1,1,2,2,1,4,1,0,0
36627,2,1,2,2,1,4,1,0,0
36627,3,1,2,2,4,4,1,0,0
36646,1,1,2,2,4,3,1,0,0
36726,1,1,1,1,4,4,1,96,40
36726,2,1,2,2,4,4,1,0,0
36739,1,1,1,1,1,3,2,100,25
36758,1,2,,,,,,0,1
36758,3,1,1,1,1,4,2,120,30
36770,1,1,1,2,3,1,2,60,10
36774,2,1,2,2,4,4,1,0,2
36774,3,1,2,2,2,3,1,0,0
36775,1,1,2,2,1,4,2,0,2
36785,1,1,2,2,5,4,1,0,0
36785,2,1,2,2,5,4,1,0,0
36809,1,2,,,,,,0,0
36815,2,1,2,2,4,4,1,0,0
36815,3,1,1,2,4,4,1,1,2
36876,1,1,2,2,2,4,1,0,0
36883,1,1,2,2,4,4,1,0,0
37067,1,1,2,1,5,4,1,0,3
37083,1,2,,,,,,0,0
37115,1,1,1,2,1,4,1,20,0
37115,2,2,,,,,,0,0
37205,1,1,2,2,3,3,1,0,0
37218,1,1,2,2,4,3,1,0,0
37257,4,1,2,2,4,3,1,0,0
37286,1,1,1,1,1,4,1,20,30
37286,2,1,2,2,3,4,1,0,0
37288,2,1,2,2,4,4,1,0,0
37303,2,1,2,2,4,4,1,0,0
37310,1,1,2,2,4,2,1,0,0
37310,2,1,2,2,4,2,1,0,0
37315,2,1,2,2,4,3,1,0,0
37316,2,1,1,1,2,4,1,80,10
37327,1,1,1,1,4,4,1,2,20
37327,2,1,2,2,4,3,1,0,0
37338,1,2,,,,,,0,0
37342,2,2,,,,,,0,0
37343,1,1,2,2,4,4,1,0,0
37343,3,1,1,1,1,4,1,20,30
37379,1,2,,,,,,0,0
37386,2,1,2,1,1,4,2,0,5
37389,2,1,2,2,2,4,5,0,0
37418,1,2,1,,,,,20,50
37418,2,2,,,,,,0,0
37418,3,1,2,1,3,4,1,0,5
37456,1,1,2,2,4,4,1,0,0
37456,2,1,2,2,2,2,1,0,0
37459,1,1,2,2,4,4,1,0,0
37465,1,2,1,,,,,48,60
37465,3,1,2,2,2,4,1,0,0
37465,4,1,2,2,4,4,1,0,0
37509,1,2,1,,,,,10,10
37509,2,1,2,2,4,4,1,0,0
37511,3,1,2,2,1,2,1,0,0
37572,2,1,1,1,4,4,1,,0
37584,3,2,,,,,,0,0
37622,2,1,2,2,4,4,1,0,0
37653,1,1,2,2,4,4,1,0,0
37662,1,1,2,2,4,4,1,0,5
37662,2,1,2,2,4,2,4,0,0
37665,1,1,1,1,2,4,4,30,36
37665,2,1,2,2,2,4,1,0,0
37789,1,1,2,2,4,4,1,0,0
37793,1,1,2,1,1,4,4,0,10
37801,1,1,2,1,1,2,1,0,0
37816,1,1,1,2,3,4,1,,1
37918,1,1,2,2,4,1,2,0,0
37918,2,1,2,2,4,4,1,0,0
37930,2,1,2,2,4,2,1,0,0
38007,1,2,1,,,,,1,10
38007,2,1,2,2,2,1,1,0,0
38014,2,1,1,2,2,4,2,10,0
38019,3,1,1,1,2,4,1,80,40
38040,1,1,2,2,4,3,1,0,0
38040,2,1,2,2,4,3,1,0,0
38040,3,1,1,1,2,3,3,100,50
38061,1,1,2,2,4,4,3,0,3
38061,2,1,1,2,4,2,1,18,0
38104,1,1,2,2,2,3,1,0,0
38112,1,1,2,2,3,3,1,0,0
38112,2,1,1,1,4,4,1,25,30
38127,1,2,1,,,,,5,2
38131,1,1,2,2,3,4,1,0,0
38131,2,1,2,2,4,2,1,0,0
38136,1,1,2,2,4,3,1,0,5
38136,2,1,1,1,4,4,1,100,20
38144,1,1,1,2,1,2,1,10,1
38144,2,1,2,2,3,3,1,0,0
38152,1,1,2,2,4,2,1,0,0
38152,2,1,2,2,4,4,1,0,0
38153,1,1,2,2,4,4,1,0,0
38153,3,1,2,2,4,4,1,0,0
38153,4,1,2,2,2,3,1,0,0
38159,1,1,2,2,4,4,1,0,0
38159,2,1,2,2,4,3,1,0,0
38175,1,1,2,2,4,4,1,0,0
38175,2,2,,,,,,0,0
38175,3,1,2,2,4,4,1,0,0
38179,1,2,,,,,,0,10
38183,1,1,2,2,4,4,1,0,0
38183,2,1,2,2,2,3,1,0,0
38251,3,1,2,2,4,4,1,0,0
38258,1,1,1,1,1,3,2,100,40
38272,1,1,2,2,3,3,1,0,0
38319,1,1,2,2,2,4,1,0,0
38335,2,2,,,,,,0,25
38412,1,1,2,2,4,4,2,0,0
38412,2,1,2,2,4,4,1,0,0
38431,2,2,,,,,,0,0
38442,1,1,1,2,3,4,1,68,0
38442,2,1,2,2,3,4,1,0,0
38442,3,1,1,1,4,4,1,72,24
38453,3,1,2,2,4,4,1,0,0
38475,1,1,2,2,2,4,1,0,0
38475,2,1,2,2,2,4,1,0,0
38489,1,2,,,,,,0,0
38489,2,1,2,2,4,4,1,0,0
38495,1,1,2,2,3,2,1,0,0
38495,2,1,2,2,3,4,1,0,0
38496,3,1,2,2,1,4,1,0,0
38525,1,1,2,2,4,4,1,0,0
38525,3,1,2,2,4,4,1,0,0
38530,1,1,2,2,4,2,1,0,0
38552,2,1,2,1,4,4,3,0,25
38558,1,2,,,,,,0,0
38558,2,1,2,2,4,4,1,0,0
38568,1,1,2,2,4,4,1,0,0
38572,1,1,2,2,4,4,1,0,0
38572,2,1,2,2,4,4,1,0,0
38587,1,1,2,2,2,1,1,0,0
38587,2,2,,,,,,0,0
38709,2,2,,,,,,0,0
38712,1,2,1,,,,,5,0
38739,2,1,1,2,5,4,1,2,6
38739,3,1,2,2,1,3,3,0,0
38754,2,2,,,,,,0,0
38841,1,1,1,1,2,4,1,90,30
38860,1,2,,,,,,0,0
38860,2,2,,,,,,0,0
38869,1,1,2,2,4,4,1,0,0
38873,1,2,,,,,,0,0
38873,2,1,2,2,4,4,1,0,0
38885,2,1,2,1,2,2,1,0,4
38903,3,2,,,,,,0,0
38906,1,1,1,2,4,4,3,,0
38906,2,1,2,2,5,4,1,0,0
38909,1,1,2,2,2,4,1,0,0
38934,1,1,2,2,4,4,1,0,0
38940,2,1,2,2,3,4,1,0,0
38943,1,1,2,2,4,4,1,0,0
38963,1,1,2,2,4,1,1,0,0
38963,2,1,2,2,4,4,1,0,0
38977,1,2,,,,,,0,0
38977,2,1,2,2,2,4,1,0,0
38979,2,1,2,1,2,3,3,0,28
38979,3,1,2,2,4,3,1,0,0
38992,1,1,2,2,4,1,1,0,0
38992,2,1,2,2,2,2,1,0,0
38995,1,1,2,2,2,4,3,0,0
39004,1,1,2,2,4,4,1,0,0
39004,2,2,,,,,,0,0
39037,2,1,2,2,4,4,2,0,0
39055,3,1,2,2,4,4,1,0,0
39056,1,1,2,2,3,4,1,0,1
39056,2,1,2,1,3,4,1,0,1
39125,1,1,2,1,2,2,3,0,3
39125,3,1,2,1,2,2,3,0,3
39125,4,1,1,2,2,4,1,,0
39126,2,1,1,2,4,3,1,,0
39126,3,1,2,2,4,3,1,0,0
39129,1,1,2,2,4,3,1,0,0
39206,1,1,2,2,4,4,1,0,0
39218,1,1,2,2,4,3,1,0,0
39219,3,1,2,2,4,2,1,0,0
39225,1,1,1,1,4,3,2,24,0
39225,2,1,2,2,4,4,1,0,0
39227,3,2,,,,,,0,60
39227,4,1,2,2,4,3,1,0,0
39242,3,1,2,2,4,4,1,0,0
39259,1,2,,,,,,0,0
39313,1,1,2,2,4,2,1,0,0
39313,2,2,,,,,,0,2
39317,1,2,,,,,,0,6
39318,1,2,1,,,,,200,40
39318,2,2,1,,,,,200,40
39327,1,1,2,2,4,2,1,0,0
39327,2,1,2,2,2,2,1,0,0
39384,2,1,2,2,3,4,1,0,0
39411,1,1,2,2,4,2,1,0,0
39441,2,1,2,2,3,4,1,0,0
39441,3,1,2,2,2,4,1,0,0
39441,4,1,2,2,4,4,1,0,0
39447,1,1,2,2,3,4,1,0,0
39451,1,1,2,1,1,2,1,0,3
39451,2,1,2,2,3,4,1,0,0
39466,1,1,2,2,4,4,1,0,0
39491,3,1,2,1,2,4,3,0,6
39533,2,1,2,2,5,3,1,0,0
39542,1,1,2,2,4,4,1,0,0
39542,2,1,2,2,4,4,1,0,0
39581,1,1,2,2,4,4,4,0,0
39662,1,1,2,2,3,3,1,0,10
39662,2,1,1,2,3,3,1,15,10
39697,1,1,2,2,4,2,1,0,0
39697,2,1,2,2,4,3,1,0,0
39704,3,1,2,2,2,3,1,0,0
39901,1,1,2,2,3,4,1,0,0
39901,2,1,2,2,4,4,1,0,0
39930,1,1,2,1,4,4,1,0,0
39930,2,1,2,2,4,4,1,0,0
39961,1,1,2,2,2,3,1,0,0
39961,2,2,,,,,,0,2
50031,1,2,,,,,,0,0
50031,2,2,,,,,,0,0
50032,1,1,2,2,2,4,1,0,0
50033,3,1,2,2,4,4,1,0,0
50135,1,2,,,,,,0,0
50135,4,1,2,2,4,2,1,0,0
50142,3,1,2,2,3,3,1,0,0
50148,1,1,2,2,4,2,3,0,0
50148,3,1,2,2,4,3,3,0,0
50195,1,2,,,,,,0,0
50233,1,1,2,2,5,3,1,0,0
50233,2,1,2,2,4,3,1,0,0
50281,1,2,,,,,,0,0
50281,3,2,,,,,,0,0
50281,4,1,2,2,2,2,2,0,0
50411,1,1,2,2,4,3,1,0,0
50632,3,2,,,,,,0,0
50674,1,1,1,1,1,4,1,60,25
50674,2,1,2,1,2,3,1,0,30
50711,1,1,2,2,1,4,5,0,0
50711,2,1,2,2,2,4,1,0,0
50791,1,2,1,,,,,60,7
50791,2,1,1,1,4,4,5,20,6
50819,2,1,2,2,4,4,1,0,0
50914,1,2,,,,,,0,3
50941,1,1,2,2,1,3,1,0,0
50942,1,1,1,1,4,4,2,12,20
50942,2,1,2,2,4,4,1,0,0
51052,1,1,2,2,4,3,1,0,0
51054,2,1,2,2,4,3,1,0,0
51059,3,1,2,2,2,2,2,0,0
51070,2,2,,,,,,0,0
51148,3,1,2,2,2,4,1,0,0
51193,1,2,,,,,,0,5
51193,2,2,,,,,,0,5
51351,1,1,2,2,3,4,1,0,0
51351,3,1,2,2,4,4,1,0,0
51366,1,1,2,2,2,4,1,0,0
51381,1,1,1,1,1,4,1,50,15
51388,1,1,2,2,3,4,1,0,0
51388,2,2,,,,,,0,0
51394,1,1,2,2,2,4,1,0,0
51394,2,1,2,2,4,4,1,0,0
51444,1,1,2,2,4,4,1,0,0
51444,2,1,2,2,4,3,1,0,0
51479,1,1,2,2,2,2,2,0,0
51479,2,1,2,2,2,4,1,0,0
51523,1,1,1,1,1,4,3,60,5
51523,2,1,2,1,4,4,1,0,35
51544,1,1,1,1,2,2,4,100,20
51544,2,1,2,1,1,4,4,0,15
51545,1,1,2,2,4,3,1,0,0
51545,2,1,2,2,4,3,1,0,0
51639,1,2,,,,,,0,20
51714,1,1,1,2,4,4,3,24,0
51714,2,1,2,1,2,4,1,0,0
51733,3,1,2,2,4,4,1,0,0
51733,4,1,2,2,1,2,1,0,0
51739,1,1,2,2,3,1,1,0,0
51739,3,1,2,2,3,3,1,0,0
51739,4,1,2,2,3,3,1,0,0
51739,5,1,2,2,4,3,1,0,0
51748,2,1,2,2,2,3,1,0,0
51766,1,1,2,2,4,4,1,0,0
51766,2,1,2,1,4,4,1,0,20
51811,2,2,1,,,,,4,0
51818,1,1,2,2,4,4,1,0,0
51819,1,1,2,2,4,4,1,0,0
51870,1,2,,,,,,0,30
51881,1,2,,,,,,0,20
51908,1,1,2,2,4,4,1,0,0
51955,1,1,2,1,4,2,4,0,28
52001,3,1,2,2,2,3,1,0,0
52001,4,1,2,2,4,3,1,0,0
52064,1,1,2,2,3,2,1,0,0
52064,2,1,2,2,4,2,1,0,0
52082,1,1,2,2,5,4,1,0,0
52087,1,1,2,2,5,4,1,0,0
52087,2,1,2,2,3,4,1,0,0
52110,1,2,,,,,,0,0
52137,1,2,,,,,,0,0
52137,2,1,2,2,4,4,1,0,0
52194,2,1,2,2,2,3,2,0,0
52298,1,1,1,2,4,4,1,,0
52380,2,2,,,,,,0,0
52400,1,1,2,1,3,3,4,0,15
52435,1,2,,,,,,0,4
52454,2,1,2,2,4,4,1,0,0
52454,3,1,2,2,4,3,1,0,0
52473,1,1,2,2,2,4,1,0,0
52475,3,1,1,1,2,4,1,21,1
52670,1,1,2,2,4,4,1,0,0
52670,2,1,2,2,4,4,1,0,0
52697,1,2,,,,,,0,0
52717,1,1,2,1,4,4,1,0,5
52718,1,2,,,,,,0,0
52718,3,2,,,,,,0,0
52790,1,1,2,2,4,4,1,0,0
52791,1,2,,,,,,0,4
52791,3,1,2,2,4,4,1,0,0
52820,1,1,1,2,5,4,5,10,0
52851,1,1,2,2,1,2,1,0,0
52851,2,1,2,2,4,4,1,0,0
52989,1,1,1,2,4,4,1,1,0
52989,2,1,1,1,4,4,2,12,10
53008,1,1,1,1,3,4,1,60,20
53008,2,1,2,2,3,4,1,0,0
53013,1,1,2,2,4,2,2,0,0
53013,3,1,2,2,4,4,1,0,0
53013,4,1,2,2,4,4,1,0,0
53081,3,1,2,2,2,1,3,0,10
53085,1,1,2,2,2,2,1,0,2
53085,2,1,2,1,2,3,1,0,0
53086,1,1,2,1,4,2,1,0,2
53108,1,1,2,1,3,4,3,0,14
53108,2,1,2,2,3,4,1,0,0
53109,2,1,2,2,4,4,1,0,0
53202,1,1,1,2,3,4,1,70,0
53202,2,1,2,1,2,4,4,0,40
53226,3,1,2,1,2,2,2,0,16
53234,1,1,1,1,2,1,2,60,35
53234,3,2,,,,,,0,0
53376,1,2,,,,,,0,10
53440,1,2,,,,,,0,52
53486,2,1,2,2,3,4,1,0,1
53495,2,1,2,2,4,4,1,0,0
53495,3,1,2,2,4,4,1,0,0
53504,1,1,2,2,5,4,1,0,15
53504,2,1,2,2,4,4,1,0,0
53520,1,1,2,2,1,2,1,0,0
53531,1,2,,,,,,0,20
53575,1,1,2,2,2,3,1,0,2
53575,2,1,2,2,4,3,1,0,0
53575,3,1,2,2,4,3,1,0,0
53596,1,1,1,2,4,4,2,12,0
53666,1,1,2,1,4,4,1,0,7
53666,2,2,,,,,,0,0
53780,1,1,2,2,4,4,1,0,0
53871,1,1,1,1,2,4,1,10,52
53871,2,1,2,2,4,4,1,0,0
53997,1,2,,,,,,0,0
53997,3,1,1,1,3,4,3,90,43
54008,3,1,2,2,4,4,1,0,0
54008,4,1,1,1,4,4,3,50,20
54021,1,2,,,,,,0,0
54182,1,1,2,2,4,4,1,0,0
54183,1,2,,,,,,0,2
54183,2,1,2,2,4,4,1,0,0
54278,2,1,1,1,3,4,1,50,36
54279,1,1,2,2,4,4,1,0,0
54368,1,1,2,1,2,4,2,0,10
54368,2,1,2,2,1,1,5,0,0
54527,1,2,,,,,,0,0
54527,2,1,2,2,2,4,1,0,15
54545,1,1,2,2,3,4,1,0,0
54588,1,2,,,,,,0,0
54588,2,1,2,2,4,4,1,0,0
54620,2,1,2,2,4,3,1,0,0
54632,1,1,2,2,4,4,1,0,0
54632,2,2,,,,,,0,0
54635,1,2,,,,,,0,0
54635,2,1,2,2,4,4,1,0,8
54693,2,1,2,2,2,4,1,0,0
54694,2,2,,,,,,0,0
54702,1,1,2,2,4,2,1,0,0
54702,2,1,2,2,4,3,1,0,0
54702,3,2,,,,,,0,0
54702,4,1,2,2,4,3,1,0,0
54949,1,2,1,,,,,2,0
55006,1,2,,,,,,0,0
55094,1,1,2,2,1,4,1,0,0
55094,2,1,2,2,4,4,1,0,0
55099,1,1,2,2,2,4,1,0,3
55118,1,1,2,2,4,4,1,0,0
55118,2,1,1,1,4,4,1,85,10
55205,1,1,2,2,1,2,1,0,20
55221,1,2,,,,,,0,0
55221,2,1,1,1,2,4,1,60,10
55221,3,1,2,2,4,4,1,0,0
55275,1,2,,,,,,0,0
55298,1,1,2,2,4,4,1,0,0
55298,2,1,2,2,4,4,1,0,0
55322,1,1,2,2,5,4,1,0,0
55349,2,1,1,1,4,4,1,1,1
55372,1,1,2,2,5,4,1,0,0
55379,1,1,1,1,2,4,1,72,40
55430,1,2,1,,,,,3,30
55620,1,2,,,,,,0,25
55694,2,1,2,2,3,3,1,0,0
55743,1,1,2,1,3,3,1,0,0
55743,2,2,1,,,,,1,0
55840,1,1,2,1,4,4,1,0,0
55840,2,1,2,1,2,3,1,0,3
56039,1,1,2,2,4,4,1,0,0
56080,1,2,,,,,,0,20
56080,2,2,,,,,,0,20
56080,3,2,,,,,,0,20
56080,4,2,,,,,,0,10
56165,2,2,,,,,,0,0
56165,3,1,1,1,4,4,1,50,1
56165,4,2,,,,,,0,0
56177,1,1,1,1,4,4,1,300,0
56177,2,1,2,2,4,4,1,0,0
56177,4,1,2,2,4,4,1,0,0
56261,1,2,1,,,,,20,10
56261,2,1,2,2,4,1,1,0,0
56330,1,1,2,2,5,2,1,0,0
56330,2,1,2,2,5,2,1,0,0
56465,1,1,1,2,4,4,1,6,0
56473,2,2,,,,,,0,0
56529,1,2,1,,,,,180,30
56533,1,1,2,2,4,4,1,0,0
56574,1,1,2,2,4,2,3,0,0
56582,1,1,2,2,4,3,1,0,0
56582,2,1,2,2,2,4,1,0,0
56603,1,1,2,2,4,4,1,0,0
56624,1,1,2,2,3,4,1,0,0
56624,2,1,2,2,4,4,1,0,0
56629,1,2,,,,,,0,0
56656,1,2,,,,,,0,6
56658,1,2,1,,,,,10,4
56696,1,2,,,,,,0,0
56706,1,1,2,2,4,4,4,0,0
56706,2,1,2,1,2,2,4,0,54
56706,4,1,2,1,3,4,4,0,2
56709,3,1,2,2,2,3,1,0,4
56709,4,1,1,1,4,4,1,96,1
56776,1,2,,,,,,0,0
56776,2,2,,,,,,0,4
56883,2,2,1,,,,,2,0
57027,1,2,,,,,,0,0
57042,1,1,2,2,4,3,1,0,0
57086,1,1,2,2,4,2,4,0,0
57094,3,2,,,,,,0,20
57115,2,1,1,1,4,4,1,72,10
57116,3,1,2,2,4,4,1,0,0
57122,1,1,2,2,4,4,1,0,0
57122,2,1,2,2,4,4,1,0,0
57126,1,1,2,2,4,4,1,0,5
57126,2,1,2,2,4,4,1,0,0
57142,1,1,2,2,2,4,1,0,0
57265,1,1,1,2,4,4,1,5,5
57374,1,1,2,2,2,4,1,0,0
57547,1,1,2,2,4,4,1,0,0
57547,3,1,2,2,4,3,1,0,0
57613,1,1,2,2,4,4,1,0,0
57613,2,1,2,2,4,4,1,0,0
57619,1,2,,,,,,0,0
57619,2,2,,,,,,0,0
57621,1,1,2,2,4,4,2,0,0
57621,2,1,2,2,4,4,1,0,0
57678,1,2,,,,,,0,10
57678,2,1,2,2,2,4,1,0,0
57680,1,1,2,2,4,2,1,0,0
57680,2,1,2,2,4,3,1,0,0
57692,1,2,,,,,,0,0
57692,2,1,2,2,3,4,1,0,0
57779,1,1,2,2,2,2,1,0,2
57785,1,1,1,2,2,4,2,,0
57785,2,1,2,2,5,4,2,0,30
57785,3,1,2,1,2,2,2,0,0
57786,1,1,2,2,4,1,1,0,0
57786,2,1,2,2,4,3,1,0,0
57810,3,1,2,2,2,2,2,0,0
57810,4,2,,,,,,0,0
57815,1,1,2,2,1,2,2,0,2
57915,2,1,2,1,1,4,5,0,20
57962,1,1,2,2,1,4,1,0,0
57962,2,1,2,2,4,2,1,0,0
58002,3,2,,,,,,0,0
58053,1,1,2,2,2,4,1,0,0
58055,1,1,1,2,1,2,5,1,0
58055,2,1,2,2,4,3,1,0,0
58225,2,1,2,2,4,4,1,0,0
58253,3,1,2,2,4,3,1,0,0
58365,1,1,2,2,4,2,1,0,0
58366,1,1,2,2,4,2,1,0,0
60002,3,1,2,1,2,4,2,0,30
60034,1,1,2,2,4,4,1,0,0
60034,2,1,2,2,4,4,1,0,0
60069,1,2,1,,,,,200,15
60106,1,1,1,1,3,3,1,40,40
60106,2,1,2,2,2,4,1,0,0
60131,1,1,2,2,4,3,1,0,0
91001,1,1,2,1,4,4,1,0,2
91003,1,1,2,2,2,4,1,0,0
91003,2,1,2,2,4,4,1,0,0
91004,1,2,,,,,,0,2
91008,1,2,,,,,,0,6
91008,2,2,,,,,,0,6
91009,1,1,2,2,4,3,1,0,0
91018,1,1,1,1,4,4,1,150,35
91020,1,1,2,2,3,2,1,0,0
91020,2,1,2,2,4,4,1,0,0
91028,1,2,,,,,,0,5
91028,2,2,1,,,,,2,10
91032,1,2,,,,,,0,15
91034,1,2,,,,,,0,10
91034,2,1,2,2,4,3,1,0,0
91035,1,1,2,2,4,1,1,0,0
91035,2,1,2,2,4,3,1,0,0
91037,1,1,1,1,4,4,1,30,10
91040,1,1,2,2,1,2,2,0,0
91040,2,1,2,2,2,2,1,0,0
91043,1,1,1,1,4,4,2,20,1
91046,1,2,,,,,,0,0
91050,1,2,,,,,,0,0
91053,2,1,2,2,1,4,1,0,0
91057,1,1,2,1,1,4,1,0,15
91057,2,2,,,,,,0,15
91058,1,1,2,2,4,4,1,0,0
91067,1,1,2,2,4,4,1,0,0
91068,1,1,2,2,2,3,1,0,0
91068,2,1,2,2,4,3,1,0,0
91069,1,1,2,2,4,4,1,0,0
91074,1,1,2,1,2,1,2,0,5
91074,2,1,2,1,2,4,1,0,4
91075,1,2,,,,,,0,0
91075,2,2,,,,,,0,0
91076,1,2,,,,,,0,3
91076,2,1,1,1,1,4,1,120,20
91078,1,1,2,2,4,2,1,0,0
91078,2,1,2,2,3,2,1,0,0
91079,1,1,2,2,3,3,1,0,0
91079,2,1,2,2,3,3,1,0,0
91087,1,1,2,2,4,4,1,0,0
91087,2,1,2,2,4,4,1,0,0
91089,1,1,2,2,4,3,1,0,0
91095,1,1,1,1,2,3,2,100,50
91096,1,1,2,2,2,1,1,0,8
91101,1,1,2,2,4,2,1,0,0
91101,2,1,2,2,3,4,1,0,0
104002,1,1,2,2,2,4,1,0,0
104002,2,1,2,2,1,4,1,0,0
106051,1,1,2,2,2,4,1,0,0
106051,2,1,2,2,4,4,1,0,0
117054,1,1,2,2,4,4,1,0,0
117054,2,1,2,2,4,3,2,0,0
119079,3,1,2,2,1,3,1,0,0
121031,1,1,2,2,4,4,5,0,2
123002,2,1,1,1,2,4,1,48,28
123008,1,1,2,1,2,3,1,0,30
123070,1,2,,,,,,0,0
123070,2,1,2,1,2,4,1,0,3
123079,1,1,2,2,4,4,1,0,0
123082,1,1,2,2,4,4,1,0,0
123082,2,1,2,2,4,4,1,0,0
123084,1,2,,,,,,0,0
125038,1,1,2,2,1,4,1,0,30
131087,1,1,2,1,5,4,1,0,46
136007,1,1,1,2,1,3,2,2,1
136007,3,1,2,2,4,4,1,0,0
136007,4,1,2,2,3,4,1,0,0
136007,5,1,2,2,4,3,1,0,0
136007,6,1,2,1,2,4,2,0,5
136040,1,1,2,2,4,3,2,0,0
136063,1,1,2,1,2,3,2,0,4
138091,1,2,,,,,,0,0
138091,3,2,,,,,,0,0
145007,1,2,,,,,,0,3
145007,2,2,,,,,,0,0
147034,3,1,2,2,4,2,1,0,0
147041,1,1,2,2,4,4,1,0,2
147071,1,1,2,2,4,1,1,0,3
147071,3,1,2,1,2,4,1,0,10
147073,1,1,2,1,2,3,3,0,40
147078,3,2,1,,,,,10,60
152075,1,1,2,2,2,3,1,0,0
159057,1,1,2,2,4,4,1,0,0
159057,2,1,2,2,4,4,1,0,0
160057,1,1,1,2,4,4,1,18,0
163044,3,1,1,1,4,4,1,21,4
176011,1,2,,,,,,0,0
176011,2,1,2,2,2,3,1,0,0
176011,3,1,2,2,2,3,1,0,0
176040,2,1,1,2,2,2,2,150,0
176040,3,1,1,2,3,2,2,80,0
176040,4,1,2,2,3,4,1,0,0
176044,1,1,1,1,1,4,2,60,15
176044,2,1,2,2,4,4,1,0,0
176061,3,1,2,2,4,4,4,0,0
178087,1,1,2,1,2,4,1,0,4
178087,2,1,2,2,4,4,1,0,0
185067,1,1,2,2,4,4,1,0,0
185067,2,1,2,2,4,3,1,0,0
188054,1,1,2,1,4,3,3,0,45
188054,2,2,,,,,,0,45
193010,1,2,,,,,,0,0
193082,1,1,1,2,2,1,2,2,2
193082,2,1,2,1,1,4,1,0,2
196076,3,1,1,1,2,4,3,15,9
202173,1,2,,,,,,0,0
202173,2,1,2,2,2,4,1,0,0
211021,1,1,2,2,5,2,1,0,0
215016,1,2,,,,,,0,0
215016,3,1,2,1,1,3,4,0,30
215023,3,2,1,,,,,200,0
217081,1,1,1,2,1,4,1,30,0
217081,2,1,2,2,3,4,1,0,0
224028,1,1,2,2,1,3,3,0,0
224028,2,1,1,1,2,4,3,15,20
225038,1,2,,,,,,0,52
229069,1,1,2,2,3,4,1,0,2
229069,2,1,2,2,3,4,1,0,0
230037,1,1,2,2,3,4,1,0,2
230037,2,1,2,2,4,4,1,0,0
230039,1,1,1,1,2,4,2,24,36
230039,2,1,2,2,4,3,1,0,0
230060,2,1,2,2,4,4,1,0,0
230087,2,1,2,2,4,3,1,0,4
230087,3,1,2,2,3,3,1,0,4
236008,1,1,2,2,5,4,1,0,0
236008,2,1,2,2,5,4,1,0,0
237003,1,1,2,2,4,4,1,0,0
237003,2,1,2,2,4,4,1,0,0
238055,1,1,2,2,1,4,1,0,0
238055,3,1,1,1,4,4,2,40,40
238055,4,1,2,2,2,4,1,0,0
243067,1,1,2,2,4,4,4,0,0
243067,2,2,1,,,,,3,0
244013,1,1,2,2,4,4,1,0,0
244013,2,1,2,2,5,4,3,0,0
244041,1,1,2,2,4,4,1,0,0
244058,1,1,2,2,4,4,1,0,0
250054,3,1,2,2,4,4,1,0,0
250056,1,1,2,2,4,4,1,0,4
256041,1,1,2,2,3,3,1,0,0
256041,4,1,2,2,2,3,1,0,0
264008,1,2,1,,,,,100,60
264008,2,2,,,,,,0,50
264039,1,1,2,2,1,3,1,0,0
264039,2,1,1,1,1,3,1,20,10
264064,1,2,,,,,,0,0
264064,2,1,2,2,4,4,1,0,0
266016,1,1,1,1,2,4,1,30,10
266016,2,1,2,2,3,3,1,0,0
266018,2,1,1,2,3,4,3,30,0
266043,2,1,2,2,5,3,1,0,0
267022,1,1,1,1,1,4,3,10,9
282022,3,1,2,2,4,4,1,0,0
282022,5,1,2,2,4,4,1,0,0
282081,1,2,,,,,,0,0
282083,1,1,2,2,1,4,3,0,0
282089,1,2,,,,,,0,3
284086,2,1,2,2,2,4,1,0,0
289002,1,1,2,2,2,4,1,0,0
289021,1,2,,,,,,0,0
289038,1,1,2,1,3,2,2,0,0
289059,1,2,,,,,,0,52
289059,2,2,,,,,,0,52
289063,1,2,,,,,,0,0
289075,1,1,2,2,1,4,1,0,0
289075,2,1,2,2,1,4,1,0,0
289075,3,1,2,2,1,4,1,0,0
289082,1,2,,,,,,0,0
294039,2,2,,,,,,0,10
294039,3,1,1,1,4,4,1,60,35
294039,4,1,2,1,2,4,1,0,6
299055,1,1,2,1,4,3,1,0,3
310002,1,1,2,2,4,3,1,0,0
310077,1,1,2,2,5,4,1,0,0
314010,1,1,2,2,5,4,1,0,0
314010,3,1,2,2,4,4,1,0,0
314010,4,1,2,2,4,4,1,0,0
314024,1,1,2,2,4,4,1,0,0
314024,2,1,2,2,4,4,1,0,0
314036,1,2,,,,,,0,4
314036,2,2,,,,,,0,0
320025,3,1,2,2,3,3,1,0,0
321062,1,1,2,2,2,2,1,0,0
321062,2,2,,,,,,0,0
321067,1,1,1,2,2,2,1,,0
321067,2,1,2,2,2,2,1,0,0
332080,1,1,2,2,4,2,1,0,0
332080,3,1,2,2,4,4,1,0,0
332080,4,1,1,2,4,4,1,,0
339064,1,1,2,2,4,4,1,0,0
339064,2,1,2,2,1,4,1,0,0
355056,3,1,2,2,4,3,1,0,0
355056,4,1,1,2,3,3,4,30,6
355057,1,1,2,2,2,3,5,0,0
355057,2,1,2,2,3,2,1,0,0
355077,1,1,1,2,1,2,1,40,10
355077,2,1,2,2,4,4,1,0,0
355089,1,1,2,2,4,3,1,0,0
364310,1,2,,,,,,0,2
364310,2,1,2,2,1,3,1,0,0
366001,1,1,2,1,4,3,1,0,2
366063,1,1,2,2,4,4,1,0,0
366063,2,2,,,,,,0,0
366064,1,1,2,2,4,3,1,0,0
366064,3,1,2,2,2,4,1,0,0
366088,1,1,2,1,2,4,1,0,5
368078,3,1,2,2,2,3,1,0,0
368079,1,1,2,2,2,3,1,0,0
368079,4,2,,,,,,0,0
369017,1,1,1,2,5,3,3,7,50
369056,1,1,2,1,2,2,1,0,40
369056,2,1,2,1,2,2,1,0,40
369056,3,1,2,1,2,2,1,0,0
369056,4,1,2,2,2,2,1,0,0
372062,1,2,,,,,,0,0
372062,2,2,,,,,,0,0
389045,1,1,1,2,4,3,1,300,0
389045,2,2,,,,,,0,0
389066,1,2,,,,,,0,10
389066,2,1,2,2,5,4,1,0,0
389084,1,2,,,,,,0,0
500004,5,1,2,2,4,4,1,0,0
500007,1,1,2,2,4,4,1,0,0
500007,3,1,2,2,4,4,1,0,0
500007,5,1,2,1,4,4,1,0,10
500014,1,1,2,2,4,4,3,0,0
500014,3,1,2,2,2,4,1,0,0
500014,4,1,2,2,4,4,3,0,0
500019,1,1,2,2,2,4,1,0,0
500026,1,1,2,2,2,3,1,0,0
500026,2,1,2,2,2,2,4,0,4
500027,1,1,2,2,2,2,1,0,0
500041,1,1,2,2,1,3,1,0,0
500064,1,1,1,2,4,4,1,70,2
500067,3,1,2,2,4,3,1,0,0
500077,1,1,2,2,1,2,1,0,0
500079,1,1,1,1,4,4,1,60,24
500079,2,1,1,1,4,4,1,80,0
500082,3,1,2,2,4,4,1,0,0
500086,1,1,2,2,5,4,1,0,0
500086,2,1,2,2,4,4,1,0,0
500090,3,2,,,,,,0,6
500092,3,1,2,2,4,4,1,0,0
500095,2,1,2,1,2,2,1,0,8
500099,1,1,2,2,3,4,1,0,0
500103,1,1,2,2,4,2,1,0,0
500132,1,1,2,2,4,4,1,0,0
500134,1,2,,,,,,0,0
500134,2,1,2,2,4,4,1,0,0
500134,3,1,2,2,1,4,1,0,10
500144,1,1,2,1,2,4,1,0,25
500144,2,1,2,1,5,4,1,0,50
500153,1,1,2,2,2,2,1,0,4
500154,3,1,2,2,3,2,1,0,0
500174,1,1,2,2,1,4,1,0,0
500180,1,1,1,2,4,4,1,70,0
500192,1,1,2,2,2,2,1,0,0
500192,2,1,2,2,2,3,1,0,0
500223,1,1,2,2,4,4,1,0,0
500223,2,1,2,2,4,4,1,0,6
500223,4,1,2,2,4,4,1,0,0
500275,1,1,1,2,2,3,2,300,5
500275,2,1,2,2,2,3,1,0,5
500275,4,1,1,1,2,2,2,300,5
500280,1,1,2,2,5,4,1,0,0
500293,1,1,2,2,3,3,1,0,0
500293,2,1,2,2,3,3,1,0,0
500305,1,1,2,2,4,2,1,0,0
500305,2,1,2,2,4,4,1,0,0
500320,1,1,2,2,2,2,1,0,3
500320,2,1,2,2,4,2,1,0,0
500335,3,1,2,2,2,3,1,0,0
500337,1,1,2,2,3,4,1,0,0
500337,2,1,2,2,3,3,3,0,0
500337,3,1,2,2,3,3,3,0,0
500340,1,1,2,2,4,1,1,0,0
500340,2,2,,,,,,0,0
500347,1,1,1,1,1,3,3,100,30
500349,1,1,2,2,3,3,1,0,0
500349,2,1,2,2,4,3,1,0,0
500355,1,1,1,1,1,2,2,30,5
500362,1,1,2,2,2,2,2,0,0
500362,2,1,2,2,2,4,2,0,0
500367,1,2,,,,,,0,0
500367,2,1,2,2,4,4,1,0,0
500369,1,1,1,1,1,4,5,100,60
500375,1,1,2,2,4,3,1,0,0
500375,2,1,2,2,1,3,5,0,0
500381,1,1,2,2,4,2,1,0,0
500384,1,1,1,2,4,3,1,300,0
500388,1,2,,,,,,0,6
500413,1,1,2,2,2,4,1,0,0
500413,2,1,2,2,2,2,5,0,0
500420,1,1,2,2,2,4,1,0,0
500422,2,1,2,2,4,2,5,0,0
500422,3,1,2,2,4,2,5,0,0
500434,1,1,2,2,4,4,1,0,0
500436,1,1,1,2,4,4,1,60,2
500436,2,1,2,2,4,4,1,0,0
500447,1,1,2,2,3,4,1,0,0
500447,2,1,2,2,4,4,1,0,0
500452,1,1,2,2,3,4,1,0,0
500456,1,2,,,,,,0,0
500456,3,1,2,2,4,4,1,0,0
500459,1,1,2,2,4,4,1,0,0
500465,2,1,2,2,4,4,1,0,0
500477,1,2,,,,,,0,0
500477,2,1,2,2,3,3,1,0,0
500481,1,1,2,2,2,4,1,0,0
500483,1,1,1,2,4,4,1,20,0
500483,2,1,2,2,4,4,1,0,0
500484,1,2,,,,,,0,0
500489,1,2,,,,,,0,0
500511,1,2,,,,,,0,0
500511,2,1,2,2,3,3,3,0,0
500531,1,1,1,2,3,3,1,,0
500533,1,1,2,2,2,4,1,0,0
500533,2,1,2,2,2,4,1,0,0
500533,3,1,2,2,2,4,1,0,0
500537,2,1,2,2,4,4,1,0,0
500546,1,1,2,2,4,3,1,0,0
500559,3,1,2,2,4,4,1,0,4
500562,1,1,1,2,2,3,3,100,0
500573,1,1,1,1,2,3,3,40,6
500573,2,1,2,2,4,3,1,0,0
500581,1,2,,,,,,0,5
500581,2,1,2,2,2,3,1,0,2
500582,1,1,2,2,2,3,1,0,0
500582,2,1,2,2,2,4,1,0,3
500586,3,1,2,2,2,3,1,0,0
500589,1,1,2,2,2,3,1,0,0
500590,1,1,2,2,2,4,1,0,4
500590,2,1,2,2,2,4,1,0,4
500591,1,1,2,2,5,3,1,0,0
500591,2,1,2,2,5,3,1,0,0
500592,1,1,1,2,2,4,3,30,10
500592,2,1,2,2,3,3,1,0,2
500596,1,1,2,2,4,2,1,0,0
500596,2,1,2,2,4,3,1,0,0
500611,1,1,2,2,2,2,1,0,6
500620,1,1,2,2,4,1,1,0,0
500624,1,2,,,,,,0,0
500624,2,2,1,,,,,10,10
500628,1,1,2,2,4,1,1,0,0
500634,1,1,2,2,3,2,1,0,1
500636,1,1,2,2,4,3,1,0,0
500636,2,1,2,1,2,3,2,0,10
500642,1,1,2,2,4,2,1,0,0
500648,1,1,1,1,4,4,1,1,10
500648,2,1,2,2,1,4,1,0,0
500653,1,1,2,2,4,4,4,0,2
500654,1,1,2,2,4,2,5,0,0
500654,2,1,2,2,4,4,3,0,0
500657,1,1,2,2,3,2,1,0,0
500657,2,1,2,2,3,3,1,0,0
500658,1,1,2,1,5,3,1,0,52
500658,2,1,2,1,5,4,1,0,52
500665,1,1,2,1,5,4,4,0,52
500665,2,2,,,,,,0,52
500665,3,1,2,1,5,4,4,0,52
500665,4,1,2,2,2,4,1,0,0
500669,1,2,,,,,,0,0
500669,2,1,2,2,2,4,3,0,0
500679,1,1,2,2,4,3,1,0,0
500679,2,1,2,2,4,4,1,0,0
500689,1,1,2,2,4,4,1,0,0
500704,1,1,2,2,3,2,1,0,0
500704,2,1,2,2,2,3,1,0,0
500725,1,1,2,2,4,3,1,0,0
500725,2,1,2,2,4,3,1,0,0
500726,1,1,2,2,1,4,2,0,0
500726,2,1,1,1,1,4,2,60,30
500736,1,1,1,1,1,4,2,50,40
500736,2,1,2,2,4,4,1,0,0
500745,1,1,2,2,2,4,1,0,3
500745,2,1,2,2,4,4,1,0,0
500751,1,1,2,2,5,2,1,0,0
500751,2,1,2,1,2,4,1,0,0
500763,3,1,2,2,4,3,1,0,0
500791,2,1,2,2,2,4,1,0,0
500791,3,1,2,2,3,4,1,0,0
500791,4,1,2,2,2,4,1,0,0
500818,1,2,1,,,,,180,25
500996,1,1,2,2,2,1,5,0,0
500996,2,1,2,2,2,4,1,0,0
501006,1,1,2,2,4,2,1,0,0
501006,2,1,2,2,4,2,1,0,0
501015,1,1,2,2,5,2,1,0,0
501015,2,1,2,2,5,3,1,0,0
501059,1,1,2,1,2,3,5,0,4
501075,1,1,2,2,4,4,1,0,0
501075,2,1,2,2,4,4,1,0,0
501082,1,1,2,2,3,4,1,0,0
501082,2,1,2,2,4,4,1,0,0
501089,1,1,2,2,4,4,1,0,0
501089,2,1,2,2,4,4,1,0,0
501090,1,1,2,2,2,3,1,0,0
501090,2,1,2,2,1,3,1,0,0
501104,1,1,2,2,4,3,1,0,0
501110,1,2,1,,,,,1,0
501115,1,2,,,,,,0,0
501127,1,1,2,1,4,1,1,0,15
501127,2,1,2,1,4,1,1,0,15
501132,1,1,2,1,2,3,2,0,10
501217,1,1,2,2,2,2,1,0,0
501217,2,1,2,2,4,4,1,0,0
501218,1,1,2,2,2,4,1,0,0
501218,2,1,2,2,2,4,1,0,0
501225,1,2,,,,,,0,0
501226,2,2,,,,,,0,0
501226,3,1,2,2,4,4,1,0,0
501229,1,1,2,2,2,4,1,0,0
501229,2,1,2,2,4,4,1,0,0
501291,1,1,2,2,4,3,1,0,0
501291,2,1,2,2,4,3,1,0,0
501299,1,1,2,2,4,4,1,0,0
501303,2,1,2,2,4,4,1,0,0
501309,1,1,2,2,5,4,1,0,0
501309,2,1,2,2,4,4,1,0,0
501312,1,1,2,2,4,4,4,0,0
501312,3,2,,,,,,0,40
501315,1,2,,,,,,0,0
501317,1,2,,,,,,0,0
501325,1,1,2,2,4,3,1,0,0
501325,2,1,2,2,4,2,1,0,0
501328,1,1,2,2,2,4,1,0,0
501328,2,1,2,2,4,4,4,0,0
501348,1,1,2,2,4,1,1,0,0
501374,1,1,1,1,2,4,5,80,35
501374,2,2,,,,,,0,0
501383,2,1,2,2,5,4,4,0,0
501393,1,1,2,2,4,4,1,0,0
501393,2,2,,,,,,0,0
501400,1,1,2,2,2,2,1,0,0
501404,1,1,2,2,4,3,1,0,0
501404,2,1,2,2,5,4,1,0,0
501418,1,1,2,2,4,3,1,0,0
501418,2,1,2,2,4,3,1,0,0
501428,1,1,2,2,2,4,1,0,0
501428,2,1,2,2,2,4,1,0,0
501432,1,1,1,1,2,3,3,22,12
501443,1,1,2,1,2,3,4,0,0
501443,2,2,1,,,,,2,0
501459,1,2,1,,,,,20,0
501470,1,1,2,2,2,3,1,0,0
501485,1,2,,,,,,0,0
501485,2,2,1,,,,,1,0
501495,1,1,2,2,2,2,5,0,0
501505,1,1,2,2,4,4,1,0,0
501505,2,1,2,2,4,4,1,0,0
501514,1,1,2,2,2,2,1,0,0
501514,2,1,2,2,2,2,1,0,0
501530,1,1,2,2,2,2,1,0,0
501536,2,1,2,2,4,4,1,0,0
501541,1,2,,,,,,0,5
501541,2,1,2,2,2,1,1,0,0
501543,1,1,2,2,4,4,1,0,0
501543,2,1,2,2,4,4,1,0,0
501553,1,2,,,,,,0,0
501558,1,1,2,2,2,2,1,0,0
501558,2,1,2,2,4,3,1,0,0
501559,1,1,1,1,2,2,1,,50
501569,1,1,1,2,4,2,1,5,5
501569,2,1,2,2,3,4,1,0,2
501575,1,1,1,1,2,4,5,100,10
501575,2,1,2,2,5,3,1,0,0
501576,1,2,,,,,,0,0
501580,1,1,2,2,2,2,1,0,0
501580,3,1,1,2,5,4,1,,0
501580,4,1,1,2,5,4,1,,0
501585,1,1,2,2,4,2,1,0,0
501588,3,1,1,1,3,3,1,,0
501588,4,1,1,1,3,3,1,,0
501591,1,1,2,2,4,4,1,0,0
501591,2,1,2,2,4,4,1,0,0
501616,1,1,1,1,2,2,2,,0
501616,2,1,1,1,4,4,1,,0
501619,1,2,,,,,,0,0
501619,2,1,2,2,4,3,1,0,0
501621,1,2,,,,,,0,0
501635,1,1,2,2,4,4,1,0,0
501641,1,2,1,,,,,100,50
501641,2,1,2,2,4,4,1,0,0
501644,1,1,2,2,4,4,1,0,0
501647,1,1,2,2,3,4,1,0,18
501647,2,1,2,2,2,4,1,0,0
501653,1,1,2,2,3,2,1,0,0
501664,1,1,1,1,2,4,1,,
501664,2,1,1,1,4,4,1,,0
501682,1,1,2,2,1,2,2,0,0
501682,2,1,2,2,4,2,2,0,0
501690,1,1,1,1,1,3,2,,20
501694,1,1,2,2,4,4,1,0,0
501694,2,1,2,2,4,4,1,0,0
501697,1,1,1,2,2,4,1,3,2
501697,2,1,2,2,4,4,1,0,0
501697,3,1,2,2,4,4,1,0,0
501703,1,1,2,2,4,1,1,0,0
501703,2,1,2,2,2,4,1,0,0
501707,1,1,2,2,4,3,1,0,0
501713,1,2,,,,,,0,0
501722,1,1,1,1,5,3,5,30,35
501740,1,1,2,2,2,2,1,0,0
501740,2,2,,,,,,0,10
501749,1,2,,,,,,0,0
501749,2,2,,,,,,0,0
501763,1,2,,,,,,0,0
501769,2,1,2,2,1,4,1,0,5
501769,3,1,2,2,1,4,1,0,0
501777,1,2,,,,,,0,2
501777,2,1,2,2,4,4,1,0,0
501785,1,1,2,2,4,2,4,0,0
501785,2,1,2,2,2,2,1,0,0
501830,1,1,1,2,4,4,1,,0
501841,1,1,1,2,2,4,1,,0
501841,2,1,1,2,4,4,1,,0
501868,1,2,,,,,,0,0
501868,2,1,2,2,2,3,1,0,0
501875,1,1,2,2,5,3,1,0,0
501879,1,1,2,2,4,4,1,0,0
501881,1,2,,,,,,0,0
501881,2,2,,,,,,0,0
501881,3,2,,,,,,0,0
501919,1,1,1,2,1,1,5,3,5
501919,2,1,2,2,1,4,2,0,0
501971,1,2,,,,,,0,0
501971,2,1,2,2,1,4,1,0,0
501978,1,2,1,,,,,100,50
501978,2,2,1,,,,,20,20
501983,1,2,,,,,,0,0
501983,2,1,2,2,4,2,1,0,0
502005,1,1,2,2,4,4,1,0,0
502090,1,1,1,2,4,4,1,,0
502091,1,1,2,2,2,4,1,0,0
502097,1,1,1,2,2,2,1,10,5
502097,2,1,1,1,4,4,1,,0
502114,1,2,,,,,,0,2
502117,1,1,1,2,2,4,3,104,0
502189,1,2,,,,,,0,0
502189,2,1,2,2,4,2,1,0,0
502192,1,1,2,2,2,4,1,0,0
502192,2,1,2,1,4,4,1,0,30
502217,1,1,1,1,5,4,3,,20
502217,2,1,2,2,4,4,1,0,0
502224,1,2,,,,,,0,0
502224,2,2,,,,,,0,0
502225,2,1,2,2,4,4,1,0,0
502225,3,1,2,2,4,4,1,0,0
502225,4,1,1,1,4,4,1,3,10
502229,2,1,2,2,4,4,1,0,0
502232,1,1,2,2,2,2,1,0,0
502232,3,1,2,2,2,1,1,0,0
502232,4,1,2,2,2,2,1,0,0
502233,1,1,2,2,2,4,1,0,0
502233,2,1,2,2,3,3,1,0,0
502233,3,1,2,2,3,4,1,0,0
502233,4,1,2,2,2,4,1,0,0
502235,1,1,2,2,2,2,1,0,0
502235,2,1,2,2,2,3,1,0,0
502238,1,2,,,,,,0,0
502238,3,2,,,,,,0,0
502247,1,1,1,2,4,4,3,,0
502247,2,1,2,2,4,4,1,0,0
502252,3,1,2,2,3,4,1,0,0
502252,4,1,2,2,4,4,1,0,0
502253,1,1,2,2,2,3,1,0,0
502253,3,1,2,2,2,3,1,0,0
502253,4,1,2,2,2,4,1,0,0
502261,1,1,2,2,2,1,2,0,0
502267,1,2,,,,,,0,1
502267,2,2,,,,,,0,1
502277,1,1,2,2,4,3,1,0,0
502277,3,1,2,2,4,3,1,0,0
502277,4,1,2,2,4,3,1,0,0
502300,3,1,2,2,4,2,1,0,0
502304,3,1,2,1,3,2,3,0,10
502314,1,1,2,2,2,3,4,0,0
502314,2,1,2,2,2,3,4,0,0
502349,1,1,2,2,1,4,1,0,0
502349,2,1,2,2,3,4,1,0,0
502354,1,1,2,2,5,1,1,0,0
502356,1,1,1,1,2,4,1,40,40
502361,1,1,1,2,2,1,1,,0
502365,1,2,,,,,,0,0
502368,1,1,2,2,3,3,1,0,0
502379,2,1,2,2,3,3,1,0,5
502389,1,2,,,,,,0,10
502398,2,2,,,,,,0,0
502398,3,1,2,2,4,3,1,0,0
502399,2,1,2,2,4,4,1,0,0
502400,1,1,2,2,4,1,1,0,0
502400,2,1,2,2,4,4,1,0,0
502412,1,1,1,2,1,3,2,10,0
502422,1,1,2,1,4,1,5,0,60
502430,2,1,1,1,4,4,3,60,15
502430,3,1,2,2,4,4,1,0,0
502432,3,1,2,2,3,3,1,0,2
502432,4,1,2,2,4,3,1,0,0
502434,1,2,,,,,,0,20
502437,1,2,,,,,,0,0
502454,1,1,2,2,4,3,1,0,0
502454,2,1,2,2,4,3,1,0,0
502454,4,1,2,2,1,3,2,0,5
502479,1,1,2,2,4,1,1,0,0
502479,2,1,2,2,3,3,1,0,0
502509,1,1,1,2,4,4,1,300,3
502509,3,1,2,2,4,4,1,0,0
502530,1,2,1,,,,,2,0
502530,2,1,2,2,4,4,1,0,0
502537,1,1,2,2,4,4,1,0,0
502545,2,1,2,2,4,4,1,0,10
502546,1,2,,,,,,0,0
502547,1,2,1,,,,,200,26
502554,1,1,2,2,4,4,1,0,0
502560,1,2,,,,,,0,2
502611,1,1,1,2,4,4,1,,3
502664,1,1,2,2,4,4,1,0,0
502664,2,1,1,1,1,3,2,20,20
502680,1,1,2,2,3,4,3,0,0
502680,2,1,2,2,4,4,1,0,0
502680,3,1,2,2,4,2,1,0,0
502681,1,1,2,2,1,2,1,0,0
502683,1,1,1,1,1,4,3,12,28
502683,2,1,2,2,4,4,1,0,0
502687,1,1,2,2,1,3,1,0,0
502687,2,1,2,2,4,2,1,0,0
502705,1,1,2,2,1,4,1,0,0
502705,2,1,2,2,1,2,1,0,0
502711,1,1,2,2,4,2,1,0,0
502711,2,1,2,2,4,4,1,0,0
502723,1,1,2,2,4,2,1,0,0
502723,2,1,2,2,4,2,1,0,0
502754,1,1,1,1,4,4,3,60,36
502754,2,1,2,1,4,4,1,0,24
502754,3,1,2,1,2,4,1,0,10
502754,4,1,2,2,4,4,1,0,1
502770,1,2,,,,,,0,10
502770,2,2,,,,,,0,5
502785,1,2,,,,,,0,0
502785,2,1,2,2,4,2,1,0,0
502786,2,1,2,2,4,4,1,0,0
502793,1,2,,,,,,0,0
502810,1,2,,,,,,0,0
502810,2,1,1,1,1,4,2,100,25
502853,3,1,2,2,2,4,1,0,0
502853,4,1,2,2,2,2,1,0,0
502854,1,1,2,2,4,4,3,0,0
502854,2,2,,,,,,0,0
502855,1,1,2,2,4,3,1,0,0
502855,2,1,2,2,4,3,1,0,0
502862,3,1,2,2,2,2,1,0,0
502923,1,1,1,1,3,4,1,42,5
502927,1,1,2,2,3,3,1,0,3
502927,2,1,2,2,4,4,1,0,0
502965,1,1,2,2,4,4,1,0,0
502965,2,1,2,2,2,3,4,0,8
502980,1,1,2,2,4,4,1,0,0
503015,1,2,,,,,,0,0
503015,2,1,2,2,4,4,1,0,0
503016,1,1,2,2,4,1,5,0,0
503025,1,1,1,2,4,4,1,6,0
503025,2,1,2,2,4,4,1,0,0
503029,3,1,2,2,4,4,1,0,0
503031,1,1,2,2,4,4,1,0,0
503034,1,2,,,,,,0,2
503057,1,2,,,,,,0,15
503057,2,1,2,2,2,3,2,0,20
503069,1,1,2,2,2,2,1,0,0
503072,1,2,,,,,,0,5
503075,2,1,2,2,3,2,1,0,0
503112,1,2,,,,,,0,0
503149,1,2,,,,,,0,0
503149,2,1,2,2,3,2,1,0,0
503154,1,1,2,1,4,1,1,0,10
503173,1,2,1,,,,,60,0
503177,1,1,2,2,2,4,3,0,0
503177,3,1,2,2,2,4,3,0,5
503258,1,2,,,,,,0,0
503260,1,2,,,,,,0,12
503260,2,1,1,2,4,1,1,5,11
503268,1,2,,,,,,0,0
503280,1,1,2,2,5,4,2,0,0
503289,1,2,,,,,,0,5
503289,2,1,2,2,4,4,1,0,0
503293,1,1,2,2,2,3,1,0,0
503293,2,1,2,2,1,1,1,0,0
503303,1,1,2,2,4,2,1,0,4
503309,1,1,1,2,3,3,1,365,36
503313,1,1,2,2,4,2,1,0,0
503313,2,1,2,2,4,4,1,0,0
503320,2,1,2,2,4,2,4,0,0
503332,1,1,2,2,4,2,1,0,0
503342,1,1,1,1,1,4,1,120,15
503365,1,1,2,2,4,2,1,0,0
503366,1,2,,,,,,0,40
503366,2,2,,,,,,0,0
503369,1,1,2,1,4,4,1,0,25
503376,1,2,,,,,,0,0
503393,1,2,1,,,,,4,5
503429,1,1,2,2,2,4,1,0,0
503431,3,1,1,2,3,4,1,10,0
503435,1,1,2,2,4,3,1,0,0
503435,2,1,2,2,2,3,1,0,0
503441,2,1,2,2,4,4,1,0,0
503441,4,1,2,1,2,4,3,0,3
503448,1,1,2,2,4,4,1,0,0
503468,1,1,2,2,2,2,3,0,0
503481,1,2,,,,,,0,0
503481,2,2,,,,,,0,0
503490,1,1,2,2,4,4,1,0,0
503506,1,1,2,2,3,1,1,0,0
503506,2,2,,,,,,0,0
503513,1,1,2,2,4,2,2,0,0
503530,1,2,,,,,,0,0
503530,2,1,2,2,4,3,1,0,0
503532,3,2,,,,,,0,0
503532,4,1,2,2,4,4,1,0,0
503532,5,1,2,2,4,4,1,0,0
503547,1,1,2,1,4,1,1,0,5
503547,2,1,2,1,4,1,1,0,5
503551,1,1,1,2,5,4,3,30,0
503560,1,1,2,2,4,4,1,0,0
503560,2,1,2,2,4,4,1,0,0
503578,1,1,1,1,2,2,5,15,15
503578,2,1,2,2,3,4,1,0,0
503580,1,1,2,2,3,4,1,0,0
503580,2,1,2,2,4,4,1,0,0
503593,1,1,1,1,4,4,2,48,4
503593,2,1,2,2,4,4,2,0,0
503624,1,1,2,2,4,2,1,0,0
503626,1,1,2,2,1,4,1,0,0
503626,3,1,2,2,4,4,1,0,0
503626,4,1,2,2,2,4,1,0,0
503629,1,1,2,2,4,4,1,0,0
503629,2,1,2,2,4,3,2,0,0
503633,1,1,2,2,4,2,1,0,0
503633,2,1,2,2,4,4,1,0,0
503639,1,1,2,1,5,4,1,0,12
503639,2,1,2,2,5,4,1,0,0
503645,4,1,2,2,4,4,1,0,0
503674,1,1,1,1,1,2,1,40,13
503674,2,1,2,2,3,3,1,0,0
503698,1,1,2,2,2,4,1,0,0
503698,2,1,2,2,4,4,1,0,0
503728,1,1,2,2,1,4,1,0,0
503728,2,2,,,,,,0,20
503742,1,1,2,2,3,1,1,0,0
503742,2,1,2,2,4,4,1,0,0
503747,2,1,2,2,4,4,1,0,0
503747,3,1,2,2,4,4,1,0,2
503786,3,1,2,2,4,4,1,0,10
503789,1,2,,,,,,0,0
503789,3,2,,,,,,0,0
503792,2,2,1,,,,,2,0
503795,3,1,2,2,4,4,1,0,0
503795,4,1,2,2,4,4,2,0,12
503798,2,1,2,2,4,4,1,0,0
503798,3,1,2,2,4,4,1,0,0
503804,3,2,,,,,,0,0
503807,1,1,1,2,3,4,5,6,2
503820,1,1,2,2,4,4,1,0,0
503832,1,1,2,2,1,1,1,0,0
503832,2,1,2,2,2,4,1,0,0
503840,1,2,,,,,,0,0
503855,1,1,2,2,4,4,1,0,0
503870,1,1,1,2,4,3,1,30,0
503870,2,1,2,2,4,2,1,0,1
503875,2,1,1,1,4,4,3,80,10
503875,3,1,2,2,4,4,1,0,0
503878,1,1,2,2,4,1,3,0,0
503878,2,1,1,1,2,4,2,80,30
503882,1,1,2,2,4,4,1,0,0
503903,1,2,,,,,,0,3
503908,1,1,2,2,4,2,1,0,0
503915,2,1,2,2,4,4,1,0,0
503915,3,1,2,2,4,4,1,0,0
503920,3,1,2,2,2,4,3,0,0
503920,4,1,1,2,4,4,3,25,0
503922,1,1,1,1,1,2,1,290,55
503922,2,1,1,1,2,4,1,290,55
503937,1,1,2,2,2,3,3,0,0
503939,1,1,2,2,4,3,1,0,0
503950,1,1,2,2,4,4,1,0,0
503950,2,1,2,2,4,4,3,0,0
503959,1,1,2,2,3,4,1,0,0
504007,1,2,,,,,,0,0
504012,1,1,2,2,5,2,2,0,0
504025,1,1,2,1,4,4,1,0,0
504025,2,1,2,2,2,4,4,0,0
504025,4,2,,,,,,0,0
504046,2,1,2,2,4,3,1,0,0
504046,3,1,2,2,4,3,1,0,0
504049,1,1,2,2,2,4,1,0,0
504049,2,1,2,2,2,4,1,0,0
504062,1,1,2,2,4,2,1,0,0
504062,2,1,1,1,2,4,3,120,36
504068,1,1,2,2,2,4,1,0,0
504068,2,1,2,2,2,4,5,0,0
504081,1,1,1,1,4,4,4,4,12
504083,1,1,2,2,5,4,5,0,0
504086,2,2,,,,,,0,10
504100,1,1,2,1,4,3,1,0,50
504103,3,1,2,2,4,4,1,0,0
504110,1,2,1,,,,,15,1
504129,1,1,1,2,4,4,1,200,0
504129,2,1,2,2,1,4,1,0,0
504129,3,1,2,1,4,4,1,0,0
504129,4,1,2,2,4,4,1,0,0
504140,2,1,2,2,4,4,1,0,0
504157,1,1,2,2,4,1,1,0,0
504168,1,1,2,1,1,2,1,0,20
504168,2,1,1,1,2,4,1,50,20
504173,1,1,2,2,2,4,1,0,0
504174,1,1,2,2,4,4,1,0,0
504186,1,1,1,1,4,4,2,50,30
504201,1,1,2,2,4,2,1,0,0
504201,2,2,,,,,,0,2
504209,1,1,2,1,4,1,1,0,10
504209,2,1,2,2,4,4,2,0,0
504224,1,1,2,2,3,4,1,0,0
504241,1,1,2,2,4,4,1,0,0
504248,1,1,2,1,2,3,2,0,0
504253,1,1,2,1,3,4,1,0,50
504257,3,1,2,2,4,4,1,0,0
504260,1,1,2,2,4,3,2,0,0
504271,1,1,1,1,4,4,2,48,27
504284,2,1,2,2,4,4,1,0,0
504289,1,1,2,2,4,4,1,0,0
504289,3,1,2,2,4,4,1,0,0
504322,1,1,2,2,5,4,1,0,0
504322,2,1,2,2,5,4,1,0,0
504322,3,1,2,2,5,4,1,0,0
504331,1,1,2,2,4,4,1,0,0
504341,1,1,2,1,5,3,1,0,10
504341,2,1,2,1,3,1,1,0,10
504343,1,1,2,2,5,4,1,0,0
504343,2,1,2,2,5,4,1,0,0
504343,3,1,2,2,5,4,1,0,0
504346,1,1,2,2,4,4,1,0,0
504346,4,1,2,2,4,4,1,0,0
504348,1,1,2,2,4,4,1,0,0
504348,2,1,2,2,4,4,1,0,0
504348,4,1,1,2,3,3,3,30,20
504350,1,1,2,2,4,3,1,0,0
504351,1,1,2,2,4,1,1,0,0
504353,1,1,2,2,2,3,3,0,15
504353,2,1,2,2,4,4,1,0,0
504354,3,1,2,2,2,4,1,0,0
504356,1,1,2,2,4,4,1,0,0
504356,2,1,2,1,4,4,1,0,20
504357,3,1,2,2,4,3,1,0,0
504358,3,1,2,2,4,4,1,0,0
504363,3,1,2,2,4,4,1,0,0
504363,4,1,2,2,4,4,1,0,0
504373,1,1,2,2,5,3,1,0,0
504373,3,1,2,2,2,3,1,0,0
504423,1,2,,,,,,0,10
504424,1,2,,,,,,0,2
504424,3,1,2,2,4,4,1,0,0
504431,1,2,,,,,,0,30
504431,2,1,2,2,4,4,1,0,0
504432,3,1,2,1,4,3,1,0,2
504436,1,1,2,1,4,4,1,0,6
504436,2,1,2,1,4,4,1,0,6
504436,3,1,1,2,4,3,5,40,0
504437,1,1,2,2,4,2,1,0,0
504437,2,1,1,1,4,4,3,12,2
504482,1,1,2,2,4,2,1,0,0
504482,2,1,2,2,4,4,1,0,0
504482,3,1,2,2,4,4,1,0,0
504483,1,1,2,2,3,4,2,0,0
504483,2,1,2,2,3,4,1,0,0
504494,1,1,2,2,2,3,1,0,0
504501,1,2,1,,,,,60,0
504504,1,2,,,,,,0,0
504512,1,2,1,,,,,100,60
504512,2,1,2,2,4,4,4,0,0
504514,1,1,1,1,2,4,1,345,60
504539,1,2,,,,,,0,5
504539,3,2,,,,,,0,0
504539,4,2,,,,,,0,10
504541,1,2,,,,,,0,2
504541,3,1,2,2,2,4,2,0,0
504541,4,1,2,2,2,4,2,0,0
504551,2,1,2,2,4,4,1,0,0
504551,3,1,2,2,4,4,1,0,0
504556,1,1,1,1,1,4,1,120,16
504558,3,1,2,2,4,3,1,0,0
504562,2,2,,,,,,0,0
504570,3,1,1,2,3,4,1,2,0
504570,4,1,2,2,4,4,1,0,0
504587,1,2,1,,,,,20,5
504602,1,2,,,,,,0,0
504607,1,1,2,2,4,4,1,0,0
504607,2,1,2,2,4,4,1,0,0
504611,1,2,,,,,,0,0
504611,2,1,2,2,4,4,1,0,0
504618,2,2,,,,,,0,0
504618,3,1,2,1,1,4,1,0,0
504637,1,2,,,,,,0,0
504637,2,1,2,2,4,3,1,0,0
504654,1,1,2,2,4,4,1,0,0
504654,2,2,,,,,,0,0
504656,1,1,1,1,4,4,5,15,5
504672,1,1,2,1,3,4,1,0,4
504678,1,1,2,2,3,1,4,0,0
504697,1,1,2,2,4,4,1,0,0
504708,3,1,2,2,4,4,1,0,0
504709,3,1,2,2,3,3,1,0,1
504713,1,2,,,,,,0,0
504713,2,2,,,,,,0,0
504725,1,1,1,2,4,4,3,78,0
504725,2,1,2,2,4,2,1,0,0
504728,3,1,2,2,4,4,1,0,0
504730,1,2,,,,,,0,0
504751,1,2,,,,,,0,0
504751,2,2,,,,,,0,0
504751,3,1,2,2,2,3,1,0,0
504758,1,1,1,1,1,4,1,5,15
504786,1,1,2,2,4,4,1,0,0
504786,2,1,2,2,4,4,1,0,0
504791,1,1,2,1,2,3,2,0,45
504889,1,1,2,2,5,2,1,0,0
504893,1,1,2,2,4,4,1,0,0
504913,1,1,2,1,4,4,1,0,36
504918,2,1,2,2,5,3,1,0,0
504922,1,2,1,,,,,5,1
504922,2,1,2,2,4,4,1,0,0
504924,1,2,,,,,,0,0
504924,2,1,2,2,4,4,1,0,0
504925,1,1,2,2,2,4,1,0,0
504925,3,1,2,2,2,4,1,0,0
504943,1,1,2,2,4,4,1,0,0
504944,1,1,2,2,3,4,4,0,5
504944,2,1,2,2,4,3,1,0,0
504946,1,1,2,2,4,1,1,0,0
504959,1,1,2,2,4,1,1,0,4
504959,2,1,2,1,4,4,2,0,20
504985,1,2,,,,,,0,0
504985,2,2,,,,,,0,0
504986,1,2,,,,,,0,5
505003,1,2,,,,,,0,0
505003,2,1,2,2,4,4,4,0,6
505003,3,1,2,1,4,4,1,0,16
505018,1,1,1,1,4,4,1,240,30
505018,3,1,1,2,4,4,1,5,0
505031,1,2,,,,,,0,0
505045,1,1,2,2,2,2,1,0,0
505045,2,2,1,,,,,30,50
505084,1,1,1,2,4,4,3,50,0
505084,3,1,2,2,4,4,2,0,0
505084,5,1,2,2,4,4,2,0,0
505094,2,1,2,2,4,4,1,0,0
505105,1,1,1,2,4,1,1,260,0
505117,1,2,,,,,,0,0
505117,3,2,,,,,,0,0
505122,1,1,2,2,4,4,1,0,0
505176,3,1,2,2,3,4,1,0,0
505199,1,1,2,2,4,3,1,0,0
505199,2,1,2,2,3,4,1,0,0
505217,1,1,1,1,2,4,1,8,2
505220,3,1,2,2,4,4,1,0,0
505222,3,1,2,2,3,4,1,0,0
505226,3,1,2,2,2,4,1,0,0
505233,1,1,2,2,4,3,1,0,0
505241,1,2,,,,,,0,0
505243,1,1,1,2,1,2,1,5,4
505243,3,1,2,2,4,4,1,0,0
505245,3,2,,,,,,0,0
505245,4,1,2,2,4,3,1,0,0
505273,1,1,2,1,4,4,1,0,50
505273,2,1,2,1,4,4,1,0,50
505273,4,1,2,2,4,4,1,0,0
505278,1,2,,,,,,0,0
505280,1,1,2,2,4,4,1,0,0
505285,3,1,1,1,2,3,1,1,4
505297,3,1,2,2,4,4,1,0,0
505297,4,1,2,2,2,4,1,0,0
505299,1,2,,,,,,0,0
505299,2,1,2,2,2,4,1,0,0
505299,3,1,2,2,2,4,1,0,0
505300,2,1,2,1,4,3,1,0,50
505300,3,1,2,2,2,4,1,0,0
505307,3,1,2,2,4,4,1,0,0
505318,1,2,,,,,,0,0
505318,2,1,2,2,4,2,1,0,0
505323,1,1,2,2,4,4,1,0,0
505323,2,2,1,,,,,40,0
505323,3,1,2,2,4,4,1,0,0
505333,1,2,,,,,,0,0
505333,3,2,,,,,,0,0
505333,4,1,2,2,3,4,1,0,0
505334,2,1,2,2,4,4,1,0,0
505342,2,1,2,2,2,4,1,0,0
505358,1,1,2,2,4,4,1,0,0
505358,2,1,2,2,4,4,1,0,0
505362,1,1,2,2,4,4,1,0,0
505378,1,1,2,2,4,4,1,0,0
505378,2,1,1,1,2,3,1,10,10
505390,1,1,2,2,1,4,1,0,3
505390,2,1,2,2,4,4,1,0,0
505393,2,1,1,2,4,4,2,60,0
505398,2,1,1,1,3,4,2,80,40
505406,1,1,2,2,4,4,1,0,0
505408,2,1,2,2,4,2,3,0,0
505409,1,1,2,2,4,4,1,0,0
505409,2,2,,,,,,0,0
505420,3,1,2,2,2,4,1,0,4
505421,1,1,2,2,3,1,2,0,0
505424,1,1,1,1,4,4,5,50,36
505424,2,1,2,2,3,2,1,0,0
505425,1,1,2,2,4,4,5,0,0
505436,1,1,1,2,2,2,3,5,8
505436,2,1,2,2,3,4,1,0,0
505452,1,1,2,2,3,4,1,0,2
505452,2,1,2,2,1,4,1,0,0
505453,1,1,2,2,4,1,2,0,0
505453,2,2,,,,,,0,0
505463,2,2,,,,,,0,0
505467,1,1,2,1,4,4,1,0,25
505471,1,1,1,1,3,4,1,96,60
505488,1,1,2,2,4,4,1,0,0
505498,3,1,1,1,4,4,1,85,25
505513,1,2,,,,,,0,0
505516,1,1,1,1,3,4,3,100,14
505516,2,1,2,2,4,4,1,0,0
505516,3,1,2,2,4,4,2,0,0
505517,1,1,2,2,2,3,2,0,0
505517,2,1,2,2,4,4,1,0,0
505522,1,1,2,2,4,3,1,0,0
505522,2,1,2,2,4,4,1,0,0
505534,1,1,2,2,4,4,1,0,0
505537,1,1,2,2,4,4,1,0,0
505537,2,1,2,2,4,4,1,0,0
505553,1,1,2,2,3,2,1,0,0
505555,1,1,2,2,1,3,2,0,0
505555,2,1,2,2,3,4,1,0,0
505556,2,1,2,2,4,4,1,0,0
505574,1,1,2,2,4,4,1,0,0
505576,2,1,1,2,4,3,2,,0
505581,1,1,2,2,4,4,1,0,0
505581,2,1,2,2,2,4,4,0,0
505594,1,1,2,2,3,3,4,0,0
505602,1,1,2,2,4,4,1,0,0
505606,1,1,2,2,4,3,1,0,0
505606,2,1,2,2,4,4,1,0,0
505631,1,1,1,1,2,3,1,20,3
505631,2,2,,,,,,0,30
505641,1,1,1,1,2,4,3,15,12
505658,1,1,2,2,4,4,1,0,0
505659,1,1,1,1,4,4,1,88,22
505659,2,1,2,2,4,4,1,0,0
505659,3,1,2,2,4,4,1,0,0
505665,1,1,2,2,2,2,4,0,0
505665,2,1,2,2,4,4,1,0,0
505672,1,2,,,,,,0,0
505672,2,1,2,2,4,4,1,0,0
505673,1,1,2,2,4,4,1,0,0
505673,2,1,2,2,4,4,1,0,0
505673,3,1,2,2,4,4,1,0,0
505674,1,1,2,2,5,2,4,0,0
505674,2,1,2,2,5,2,4,0,0
505683,1,1,2,2,5,4,5,0,0
505709,1,1,2,2,4,3,1,0,0
505709,2,1,2,2,4,2,2,0,0
505710,1,1,2,2,3,4,1,0,0
505716,1,1,2,2,4,4,1,0,0
505716,2,1,2,2,1,3,1,0,0
505724,1,1,2,2,4,2,1,0,0
505724,2,1,2,2,4,2,1,0,0
505726,1,1,2,2,4,1,5,0,0
505726,2,1,2,2,4,1,5,0,0
505726,3,1,2,2,4,1,5,0,0
505734,1,2,,,,,,0,0
505734,2,1,2,2,2,3,1,0,0
505749,1,1,2,2,2,4,1,0,0
505749,2,2,,,,,,0,15
505754,2,1,2,2,2,3,1,0,0
505754,3,1,2,2,4,4,1,0,0
505766,1,1,2,2,2,3,4,0,0
505766,2,2,,,,,,0,25
505768,1,1,2,2,2,2,2,0,2
505768,2,1,2,2,2,3,1,0,0
505785,1,1,2,2,1,3,1,0,0
505785,2,2,,,,,,0,0
505787,1,1,1,1,2,3,2,40,30
505787,2,1,1,1,3,3,2,40,30
505798,1,1,2,2,2,1,4,0,0
505798,2,1,2,2,3,3,2,0,0
505818,1,1,2,2,4,2,1,0,0
505818,2,1,2,2,4,4,1,0,0
505825,1,2,1,,,,,5,5
505825,3,2,1,,,,,5,2
505834,1,1,2,2,4,2,2,0,0
505834,2,1,2,2,4,3,1,0,0
505849,3,1,2,2,4,4,1,0,0
505849,4,1,2,2,4,3,1,0,0
505850,2,1,2,2,1,2,2,0,0
505859,1,1,2,2,4,4,1,0,0
505859,2,2,,,,,,0,0
505860,1,1,2,2,1,2,1,0,0
505860,2,1,2,2,4,3,1,0,0
505862,1,2,,,,,,0,0
505862,2,1,2,2,2,4,1,0,0
505863,1,1,2,1,2,1,2,0,3
505865,1,1,1,2,3,3,1,,0
505869,1,1,1,1,2,4,2,8,10
505871,1,1,2,2,4,4,1,0,0
505871,3,1,2,2,4,4,1,0,0
505873,1,2,1,,,,,20,30
505873,2,1,2,2,4,4,1,0,0
505875,1,1,2,2,1,2,1,0,0
505875,2,1,2,2,4,4,2,0,0
505885,2,1,2,2,4,4,1,0,0
505887,4,1,2,2,4,3,1,0,3
505889,1,1,2,2,4,2,1,0,0
505889,2,1,2,2,4,2,1,0,0
505892,1,2,,,,,,0,0
505892,2,1,2,1,4,3,1,0,0
505911,1,1,2,2,4,4,5,0,0
505911,2,1,2,2,4,3,5,0,0
505913,1,1,2,2,1,3,1,0,15
505913,2,2,,,,,,0,0
505914,1,1,2,2,4,4,1,0,0
505914,2,1,2,2,2,3,4,0,0
505934,1,1,2,2,4,4,3,0,3
505934,2,1,1,1,5,2,5,4,35
505936,1,1,2,2,2,2,4,0,0
505936,2,1,2,2,3,2,4,0,0
505939,1,2,,,,,,0,0
505940,1,1,2,2,1,4,4,0,0
505940,2,1,2,2,3,2,5,0,0
505947,1,1,2,2,4,1,3,0,0
505947,2,2,,,,,,0,0
505956,1,1,2,2,4,2,1,0,0
505956,2,1,2,2,2,2,1,0,0
505959,1,1,2,2,3,2,1,0,0
505982,1,1,2,2,2,2,4,0,2
505984,1,1,2,2,4,4,1,0,0
505984,2,1,2,2,4,4,1,0,0
505984,3,1,2,2,4,4,1,0,0
505992,1,1,2,2,4,4,1,0,0
505992,2,1,2,2,4,4,1,0,0
506000,1,2,,,,,,0,0
506000,2,1,2,2,4,2,1,0,0
506024,1,2,,,,,,0,0
506024,2,1,2,2,4,4,1,0,0
506025,2,1,2,2,2,3,1,0,0
506025,3,1,1,1,1,3,5,30,10
506025,4,2,,,,,,0,0
506031,1,1,2,2,4,2,1,0,0
506031,2,1,2,2,4,4,1,0,0
506031,3,1,2,2,3,4,1,0,0
506033,1,1,2,2,4,4,1,0,0
506050,2,1,2,2,2,4,1,0,0
506050,3,1,2,2,3,3,1,0,0
506050,4,1,2,2,3,4,3,0,0
506052,1,1,2,2,4,2,5,0,0
506053,1,2,,,,,,0,0
506053,2,1,1,2,2,1,3,60,2
506053,3,1,2,2,2,4,3,0,0
506068,1,2,,,,,,0,0
506068,2,2,,,,,,0,20
506069,1,1,2,2,4,3,2,0,0
506069,2,2,1,,,,,1,3
506072,1,1,1,1,2,2,2,4,6
506072,2,1,2,2,4,3,2,0,0
506074,1,1,1,2,1,4,1,20,0
506074,2,1,2,2,2,4,1,0,0
506093,2,2,,,,,,0,0
506093,3,1,1,1,4,4,1,12,12
506095,1,1,2,2,4,4,1,0,0
506095,2,1,2,2,4,4,1,0,0
506098,1,1,2,1,1,2,4,0,25
506098,2,1,2,1,1,2,4,0,25
506107,1,1,1,1,4,3,1,25,6
506107,2,1,2,2,3,3,1,0,0
506107,3,1,2,2,4,3,1,0,0
506114,1,1,2,2,1,2,1,0,0
506114,2,1,2,2,3,3,1,0,0
506115,1,1,2,2,4,4,1,0,0
506126,4,1,2,2,4,3,1,0,0
506128,1,1,2,2,4,3,1,0,0
506133,1,2,1,,,,,15,10
506134,1,2,,,,,,0,0
506134,2,1,2,2,4,4,1,0,0
506153,2,1,2,2,4,4,4,0,0
506157,3,1,2,2,4,4,1,0,0
506179,2,1,2,2,2,4,1,0,0
506180,1,2,,,,,,0,4
506184,1,1,1,1,2,3,1,2,3
506184,2,1,2,2,3,4,1,0,0
506184,3,1,2,1,3,3,1,0,50
506184,4,1,2,2,4,4,1,0,0
506184,5,1,2,2,4,4,5,0,0
506190,1,2,,,,,,0,0
506190,3,1,2,2,4,4,1,0,0
506190,4,2,1,,,,,10,10
506203,1,2,,,,,,0,5
506203,2,2,,,,,,0,2
506218,3,1,2,2,4,2,1,0,0
506282,2,1,2,2,4,4,1,0,0
506282,3,1,2,2,4,4,1,0,0
506293,1,1,1,1,4,4,1,90,60
506293,2,1,2,2,4,4,1,0,0
506294,3,1,2,2,4,2,2,0,0
506294,4,1,2,2,4,4,2,0,0
506297,1,1,2,2,4,4,1,0,0
506297,2,1,2,2,4,4,1,0,0
506297,3,1,2,2,4,4,1,0,0
506297,4,1,2,2,4,4,1,0,0
506352,1,1,2,2,4,1,1,0,0
506377,1,2,,,,,,0,0
506377,3,1,2,2,4,4,1,0,0
506380,1,1,2,2,4,4,1,0,0
506385,3,1,2,2,3,4,1,0,0
506389,1,1,1,1,5,3,1,320,30
506389,2,1,2,2,5,4,1,0,0
506389,3,1,2,2,4,3,1,0,0
506393,1,1,2,2,5,4,4,0,0
506393,5,1,2,1,2,4,1,0,5
506399,1,2,1,,,,,250,0
506399,2,1,2,2,4,4,1,0,0
506402,2,1,2,2,5,3,1,0,0
506405,1,1,1,2,2,4,1,3,1
506405,2,1,2,1,3,4,2,0,2
506410,1,2,,,,,,0,0
506410,2,1,2,2,4,3,1,0,0
506416,1,1,2,2,4,3,1,0,0
506416,2,1,2,2,4,3,2,0,0
506425,1,1,1,2,2,4,1,5,5
506429,1,1,2,2,2,1,1,0,0
506429,2,1,2,2,2,2,1,0,0
506430,1,2,1,,,,,1,5
506430,2,1,2,2,4,3,1,0,5
506430,3,1,2,2,4,3,1,0,0
506432,1,2,1,,,,,5,0
506433,2,1,2,2,3,4,1,0,0
506439,1,1,2,2,4,4,1,0,0
506455,2,1,1,2,1,4,1,,10
506455,3,1,2,1,1,4,4,0,15
506456,1,2,,,,,,0,5
506456,2,1,2,2,2,4,1,0,0
506456,3,2,,,,,,0,0
506456,4,1,1,2,4,4,3,90,0
506458,1,1,2,2,2,4,1,0,3
506458,2,1,2,2,5,4,1,0,0
506471,2,1,2,2,4,3,1,0,0
506471,3,1,2,2,4,3,1,0,0
506471,4,2,,,,,,0,0
506472,1,1,2,2,2,4,1,0,0
506490,3,1,2,2,1,2,1,0,0
506490,4,1,1,2,5,4,1,60,0
506492,1,1,2,2,4,3,1,0,0
506507,1,1,2,2,3,4,1,0,0
506514,1,2,1,,,,,4,30
506517,1,1,2,2,4,3,1,0,0
506517,2,1,2,2,4,4,1,0,0
506518,1,1,2,2,4,4,1,0,0
506518,2,1,2,2,4,4,1,0,0
506519,3,1,2,1,4,4,1,0,10
506519,4,1,2,2,4,4,1,0,0
506520,1,1,2,2,4,4,4,0,0
506520,2,1,2,2,4,4,1,0,0
506521,1,1,2,2,3,4,1,0,0
506521,2,1,2,2,4,4,1,0,0
506521,3,1,2,2,4,4,1,0,0
506522,1,1,2,2,4,4,1,0,0
506527,3,1,2,1,4,4,1,0,10
506530,1,1,1,1,4,4,1,,4
506530,2,1,2,2,4,2,1,0,0
506549,2,1,2,2,5,4,1,0,0
506555,1,1,2,2,5,4,1,0,0
506557,2,1,1,2,4,4,1,8,0
506570,2,1,2,2,4,4,1,0,0
506570,3,1,1,2,4,4,3,,0
506572,3,1,2,2,3,4,3,0,0
506574,1,1,2,2,5,4,1,0,0
506590,1,1,2,1,3,1,1,0,0
506599,1,1,2,2,4,3,1,0,0
506599,2,1,2,2,3,2,1,0,0
506602,1,1,2,2,4,4,1,0,0
506602,2,1,2,2,4,4,1,0,0
506602,3,1,2,2,4,4,1,0,0
506607,1,1,2,2,4,4,1,0,0
506610,1,1,2,1,1,4,5,0,0
506615,1,1,2,2,4,3,1,0,0
506619,2,1,2,1,4,4,1,0,1
506624,1,1,1,1,2,4,2,100,20
506624,2,1,2,2,4,4,1,0,0
506628,1,1,1,2,4,4,1,,0
506628,2,1,1,1,4,4,1,,0
506630,1,1,2,2,3,4,1,0,0
506630,2,1,2,2,3,4,1,0,0
506632,1,1,2,2,2,3,1,0,0
506645,2,1,2,2,4,4,1,0,0
506651,1,1,2,2,4,4,1,0,0
506651,2,1,2,2,4,4,1,0,0
506652,1,1,1,1,4,4,3,80,20
506654,1,1,2,2,1,3,2,0,0
506654,2,1,2,2,3,4,1,0,0
506655,1,1,2,2,4,4,1,0,0
506655,2,1,2,2,4,4,1,0,0
506658,2,2,,,,,,0,0
506659,1,1,1,1,2,3,1,15,2
506665,1,2,,,,,,0,0
506665,2,1,2,2,4,4,1,0,0
506668,1,1,1,1,3,3,1,,25
506674,1,2,,,,,,0,0
506676,1,1,1,2,3,4,1,,0
506676,2,1,1,2,3,4,1,,0
506677,1,1,1,1,1,3,1,44,0
506677,2,1,2,2,2,3,1,0,0
506680,3,1,2,2,3,3,1,0,0
506682,1,1,2,2,4,1,1,0,0
506686,1,1,2,2,4,4,2,0,0
506686,2,1,2,2,4,4,2,0,0
506688,1,1,1,1,2,4,2,60,50
506688,2,1,2,2,5,4,2,0,0
506689,2,2,,,,,,0,0
506692,1,1,2,2,3,3,1,0,0
506692,2,1,2,2,3,3,1,0,0
506692,3,1,2,2,4,3,1,0,0
506692,4,1,2,2,4,3,1,0,0
506698,1,2,,,,,,0,0
506698,2,1,1,2,2,4,2,10,10
506705,1,1,2,2,2,2,1,0,0
506705,2,1,2,2,4,3,1,0,4
506710,1,1,2,2,2,3,2,0,0
506713,1,1,2,2,4,3,1,0,0
506713,2,1,2,2,3,2,1,0,0
506718,1,2,1,,,,,10,0
506723,1,2,,,,,,0,0
506723,2,2,1,,,,,1,0
506723,3,1,2,2,4,4,1,0,0
506728,1,2,,,,,,0,0
506734,1,1,2,2,3,4,1,0,0
506734,2,1,2,2,3,4,1,0,0
506736,2,1,2,2,3,4,1,0,0
506746,1,1,2,2,1,4,1,0,0
506750,1,1,2,1,2,2,1,0,20
506750,2,2,,,,,,0,20
506759,1,2,,,,,,0,0
506759,3,1,2,1,2,4,4,0,18
506763,1,1,2,2,4,4,1,0,0
506763,2,1,2,2,3,4,1,0,0
506764,1,1,2,2,2,1,1,0,0
506764,2,1,2,2,3,4,1,0,0
506765,1,1,2,2,1,4,1,0,0
506769,1,2,,,,,,0,0
506772,2,1,2,2,3,2,1,0,0
506777,1,2,,,,,,0,0
506784,1,2,,,,,,0,30
506784,2,2,,,,,,0,32
506798,1,1,1,1,4,4,1,300,42
506798,2,1,2,2,4,4,1,0,0
506798,4,1,2,2,4,4,1,0,0
506804,1,1,2,2,4,3,1,0,0
506804,2,1,2,2,4,4,1,0,0
506805,1,2,,,,,,0,0
506805,2,1,2,2,4,3,1,0,0
506816,1,2,1,,,,,1,0
506822,1,1,2,2,4,3,1,0,0
506822,2,1,2,2,4,2,1,0,0
506828,4,1,2,2,4,4,1,0,0
506837,1,1,2,2,5,3,1,0,0
506849,1,1,2,1,1,2,4,0,4
506867,1,1,2,2,4,4,1,0,0
506867,2,1,2,2,4,4,1,0,0
506870,1,2,,,,,,0,0
506886,2,1,2,1,4,4,1,0,48
506886,3,1,2,2,4,4,1,0,0
506889,3,2,,,,,,0,0
506920,1,1,2,2,4,3,1,0,0
506920,2,1,2,2,4,3,1,0,0
506923,2,1,1,2,4,4,1,48,0
506925,2,1,2,2,4,3,1,0,0
506934,1,2,,,,,,0,0
506934,2,1,2,2,4,4,1,0,0
506946,1,1,2,2,4,3,1,0,0
506960,1,1,2,1,4,4,3,0,12
506960,2,1,2,2,4,4,1,0,0
506960,4,1,2,2,4,4,1,0,0
506960,5,1,2,2,4,4,1,0,0
506962,1,1,1,1,3,4,3,70,8
506966,2,1,2,2,3,4,1,0,0
506968,2,1,2,2,4,4,1,0,0
506969,1,2,1,,,,,6,8
506971,2,1,2,2,3,4,1,0,0
506971,3,1,2,2,3,4,1,0,0
506972,1,1,2,2,4,4,1,0,0
506976,1,1,1,1,4,2,1,,2
506978,1,1,2,2,1,2,4,0,22
506980,1,1,2,2,3,4,1,0,0
506980,3,1,2,2,2,4,1,0,0
506980,4,1,2,2,2,4,1,0,0
506981,3,1,2,2,3,4,1,0,0
506983,1,1,2,2,3,4,1,0,0
507012,2,1,2,2,3,4,1,0,0
507019,1,1,2,2,1,2,1,0,0
507019,2,1,2,2,4,4,1,0,0
507023,2,1,2,2,4,4,1,0,0
507034,1,1,1,2,2,4,1,,1
507034,2,1,2,2,4,4,1,0,0
507056,1,1,2,2,2,4,1,0,5
507056,2,1,2,2,4,4,1,0,0
507066,4,1,2,2,4,4,1,0,0
507066,5,1,2,2,4,4,1,0,0
507083,3,2,,,,,,0,0
507083,4,1,1,1,2,4,3,180,24
507089,1,1,2,1,1,4,1,0,30
507099,1,1,2,2,2,3,1,0,0
507105,3,1,2,2,2,2,1,0,0
507109,1,1,2,2,2,2,1,0,0
507109,2,1,2,2,5,4,2,0,0
507121,1,1,2,2,4,4,2,0,0
507121,2,1,2,2,5,4,1,0,0
507121,3,1,2,2,3,4,1,0,0
507141,1,2,,,,,,0,0
507141,2,1,2,2,4,2,1,0,0
507147,1,1,2,2,4,4,1,0,2
507147,2,1,2,2,4,4,1,0,0
507151,1,1,2,2,3,2,4,0,0
507156,1,1,2,2,4,4,1,0,0
507156,2,1,2,2,4,4,1,0,0
507169,1,2,,,,,,0,20
507170,3,2,,,,,,0,20
507175,1,1,1,1,3,4,1,50,20
507175,3,1,2,2,3,4,1,0,0
507190,1,2,,,,,,0,0
507199,1,2,,,,,,0,0
507199,2,1,2,2,4,2,1,0,0
507204,1,1,2,2,1,3,1,0,0
507232,1,1,2,2,5,4,1,0,0
507232,2,1,1,2,3,4,1,30,1
507232,3,1,2,2,4,4,1,0,0
507243,1,1,2,2,4,4,1,0,0
507246,2,1,2,2,4,4,1,0,0
507248,1,2,,,,,,0,0
507255,3,1,2,2,3,2,1,0,0
507255,4,1,2,2,4,2,1,0,0
507260,1,1,2,2,1,3,1,0,0
507279,3,1,2,2,4,4,1,0,0
507279,4,1,2,2,4,4,1,0,0
507285,1,1,2,2,4,3,1,0,2
507285,2,1,1,1,2,3,4,10,4
507287,2,1,2,2,2,2,1,0,0
507294,1,1,1,2,4,4,5,,0
507294,2,1,2,1,3,3,1,0,5
507299,1,1,2,2,3,3,1,0,0
507299,2,1,2,2,4,4,1,0,0
507303,1,1,2,2,3,4,1,0,0
507303,2,1,2,1,2,4,1,0,3
507303,3,1,2,2,4,3,1,0,0
507304,1,1,1,1,5,4,1,45,30
507305,1,1,2,2,4,4,1,0,0
507305,2,1,2,2,4,4,1,0,0
507315,1,1,2,2,2,3,1,0,0
507315,3,1,2,2,4,4,1,0,0
507316,2,1,2,2,3,4,1,0,0
507329,1,1,2,2,2,3,2,0,5
507329,2,1,2,2,2,4,1,0,0
507331,1,2,,,,,,0,0
507332,1,2,,,,,,0,10
507332,2,1,1,1,4,4,1,80,22
507336,1,1,2,1,2,4,1,0,10
507336,2,1,2,2,4,4,1,0,0
507349,1,1,2,2,4,4,1,0,0
507349,2,1,2,2,4,4,1,0,0
507349,3,2,,,,,,0,5
507357,1,1,1,2,4,4,4,15,2
507357,2,1,1,1,4,4,2,2,2
507359,3,2,1,,,,,6,10
507360,1,2,,,,,,0,0
507360,2,1,2,2,4,4,1,0,0
507367,1,1,1,1,1,4,4,7,15
507372,1,1,2,2,2,3,1,0,0
507373,1,1,2,2,4,1,1,0,0
507374,2,1,2,2,3,4,1,0,0
507375,3,1,2,2,2,2,1,0,0
507377,2,1,2,2,2,3,1,0,0
507377,3,1,2,2,3,3,1,0,0
507379,1,1,2,1,1,3,1,0,30
507379,2,1,2,1,2,3,1,0,25
507385,1,1,2,1,2,3,1,0,2
507385,2,1,2,2,4,4,1,0,0
507398,3,1,2,2,3,4,1,0,0
507398,4,1,2,2,4,3,1,0,0
507399,1,1,2,2,1,4,1,0,20
507400,1,1,2,2,4,4,1,0,0
507402,1,1,2,2,5,2,1,0,0
507402,2,1,1,2,5,2,1,10,20
507403,1,2,,,,,,0,50
507403,2,1,2,2,4,4,1,0,0
507403,3,1,2,1,2,4,1,0,10
507405,1,1,2,1,4,4,1,0,60
507405,2,1,1,1,4,3,2,200,20
507409,1,1,2,2,5,1,1,0,0
507421,3,1,2,2,2,4,1,0,4
507425,1,1,2,1,3,4,1,0,22
507425,2,1,2,2,2,2,1,0,6
507431,1,1,2,2,1,4,1,0,0
507431,2,2,,,,,,0,0
507438,1,1,2,2,1,3,1,0,2
507443,2,1,2,1,3,4,2,0,50
507443,3,1,2,2,4,4,1,0,0
507444,1,1,2,1,3,4,1,0,8
507444,2,1,2,1,2,4,1,0,60
507451,2,1,2,2,1,4,1,0,0
507457,1,1,2,2,2,4,1,0,0
507457,2,1,2,1,1,4,2,0,20
507462,1,2,,,,,,0,0
507464,1,1,1,1,1,3,2,150,50
507466,1,1,1,1,3,4,1,75,30
507466,2,1,2,2,1,4,1,0,0
507469,1,1,2,1,2,4,1,0,30
507477,3,1,2,2,1,4,1,0,0
507500,1,1,2,2,4,3,1,0,0
507500,2,1,2,2,4,4,1,0,0
507501,1,1,1,2,4,3,1,25,0
507501,2,1,2,2,4,3,1,0,0
507503,1,1,2,2,4,4,1,0,0
507507,2,2,1,,,,,3,0
507513,1,1,2,2,4,4,1,0,0
507513,2,1,2,2,4,4,1,0,0
507518,1,1,2,2,4,4,1,0,0
507518,2,1,2,2,4,4,1,0,0
507518,3,1,1,1,4,4,1,300,50
507529,1,1,2,2,2,3,1,0,0
507529,2,1,2,2,2,4,1,0,0
507534,2,1,2,2,4,4,1,0,0
507538,1,1,1,2,5,4,3,220,0
507538,4,1,1,1,4,4,3,60,8
507559,1,1,2,2,4,4,1,0,0
507559,2,1,2,2,4,4,1,0,0
507565,3,1,1,2,2,4,1,60,6
507584,2,1,2,2,4,4,1,0,0
507584,3,1,2,2,4,2,1,0,0
507590,1,1,2,2,1,1,5,0,0
507590,2,1,2,2,4,4,1,0,0
507592,1,2,,,,,,0,0
507592,2,1,2,2,4,3,1,0,0
507595,1,1,2,2,4,3,1,0,0
507595,2,1,2,2,4,3,1,0,0
507596,1,1,2,2,4,3,2,0,0
507596,2,1,1,1,1,3,2,30,50
507598,1,1,2,2,4,4,4,0,0
507598,3,1,1,2,4,3,1,12,0
507605,3,1,2,2,4,3,1,0,0
507607,1,1,2,2,4,4,1,0,0
507617,1,1,2,2,4,2,1,0,0
507617,2,1,2,2,4,2,1,0,0
507622,1,1,2,2,4,4,1,0,0
507622,2,1,2,1,4,2,1,0,20
507625,1,1,2,2,4,2,1,0,0
507626,1,1,2,2,4,3,2,0,0
507626,2,1,2,2,4,3,2,0,0
507627,1,1,1,2,4,2,3,30,0
507627,2,1,2,1,4,2,1,0,40
507631,1,1,1,2,4,4,3,250,0
507631,3,1,1,2,4,4,1,250,0
507632,2,1,2,2,4,4,1,0,0
507636,1,1,2,2,3,4,1,0,0
507636,2,1,1,1,1,4,1,200,24
507640,2,1,2,2,4,1,1,0,0
507650,1,1,2,2,4,4,1,0,0
507650,3,1,2,2,4,4,1,0,0
507663,1,1,2,2,4,4,1,0,0
507664,2,1,2,2,1,4,1,0,0
507666,1,1,1,2,4,4,1,7,0
507666,2,2,,,,,,0,20
507674,1,1,2,2,2,4,3,0,0
507674,2,1,2,2,2,4,3,0,0
507675,2,1,2,2,4,4,1,0,0
507675,4,1,2,2,1,4,1,0,0
507691,1,1,2,2,4,4,1,0,0
507696,1,2,1,,,,,40,10
507703,1,1,2,1,4,4,2,0,16
507703,2,1,1,2,2,4,1,2,0
507712,1,1,2,2,4,4,1,0,0
507717,1,1,1,1,1,4,5,60,40
507717,2,1,2,2,2,4,1,0,0
507732,1,1,1,1,4,4,2,80,40
507743,1,1,2,2,4,4,2,0,0
507743,2,1,2,2,2,3,1,0,0
507745,1,1,1,1,3,4,2,100,48
507770,1,1,2,2,4,4,1,0,0
507774,1,1,2,2,3,4,1,0,0
507776,1,2,,,,,,0,4
507781,1,1,2,2,2,2,2,0,0
507781,2,1,2,1,2,2,2,0,10
507782,1,1,2,2,3,4,1,0,0
507782,3,1,2,2,4,4,1,0,0
507783,1,2,,,,,,0,5
507791,1,1,2,2,4,2,1,0,0
507791,2,1,2,2,4,1,1,0,0
507796,1,1,2,2,2,3,1,0,0
507798,1,1,2,1,4,3,1,0,24
507798,2,1,2,2,4,3,1,0,0
507800,1,1,2,2,3,4,1,0,0
507811,1,2,,,,,,0,0
507812,1,1,2,2,4,4,1,0,0
507812,2,1,1,1,1,1,1,,
507837,1,1,2,2,2,3,1,0,0
507854,1,1,2,2,3,4,1,0,0
507889,2,1,1,1,2,4,1,35,1
507895,1,1,2,2,4,4,1,0,0
507897,1,1,1,1,4,4,1,1,0
507900,1,1,1,1,5,4,2,40,0
507912,1,1,2,1,2,4,1,0,0
507913,1,1,2,2,4,4,1,0,0
507916,1,1,2,2,5,4,1,0,0
507920,1,1,1,1,3,4,1,2,2
507920,2,1,2,2,5,4,2,0,0
507921,1,1,1,1,4,4,3,80,50
507922,1,1,2,1,5,4,1,0,30
507922,3,1,1,2,3,4,1,10,0
507930,1,1,2,2,4,4,1,0,0
507945,2,1,2,2,4,4,1,0,0
507954,1,1,2,2,4,4,1,0,0
507954,2,1,2,1,4,4,1,0,45
507962,1,1,2,2,3,4,1,0,0
507962,2,1,2,2,2,4,1,0,0
507969,1,1,2,1,1,3,5,0,15
507984,1,1,2,2,4,2,1,0,0
507984,2,1,1,2,4,4,1,3,0
507998,1,1,2,2,4,4,1,0,0
507998,2,1,2,2,2,3,1,0,0
508000,1,1,2,2,3,4,1,0,0
508015,1,1,2,2,3,4,1,0,0
508022,1,1,2,2,2,2,1,0,0
508022,2,1,2,2,4,4,1,0,0
508024,1,2,,,,,,0,25
508042,1,1,2,2,4,4,1,0,0
508042,2,2,,,,,,0,0
508046,1,2,,,,,,0,60
508046,2,2,,,,,,0,60
508046,3,2,,,,,,0,60
508046,4,2,,,,,,0,60
508048,1,1,2,2,4,3,1,0,0
508081,1,1,2,2,3,4,1,0,0
508157,1,1,2,2,4,4,1,0,0
508165,1,1,2,2,5,3,5,0,0
508172,1,2,1,,,,,10,10
508172,2,1,2,2,4,2,1,0,0
508177,1,1,2,2,2,2,1,0,0
508180,1,2,,,,,,0,5
508180,3,2,,,,,,0,0
508182,1,1,2,2,2,2,1,0,0
508183,1,1,2,2,4,4,1,0,0
508183,2,1,2,2,4,4,1,0,0
508183,3,1,1,1,2,4,5,,0
508185,1,1,2,2,2,2,1,0,0
508187,2,1,2,2,3,3,5,0,0
508189,1,1,1,1,4,4,1,300,20
508191,1,1,1,1,4,4,1,,0
508191,2,1,1,1,4,4,1,,0
508192,3,2,,,,,,0,0
508198,2,1,2,2,4,3,1,0,0
508200,1,1,2,2,2,3,1,0,6
508200,2,1,2,1,5,2,4,0,45
508205,1,1,2,2,2,4,1,0,0
508205,4,1,1,1,2,4,2,20,28
508207,1,2,,,,,,0,0
508208,1,1,2,2,3,1,1,0,0
508210,1,1,2,2,4,4,1,0,0
508220,1,1,2,2,3,4,1,0,0
508220,2,1,2,2,3,4,4,0,0
508222,1,1,2,1,2,4,1,0,0
508222,2,1,2,2,4,4,1,0,0
508228,1,1,1,1,2,4,3,6,2
508236,1,1,2,2,4,4,1,0,0
508237,1,1,1,1,2,4,3,60,2
508237,2,1,2,2,5,4,1,0,0
508245,1,1,2,2,3,3,1,0,0
508245,2,1,2,2,3,1,1,0,0
508247,2,1,2,2,4,4,1,0,0
508250,1,2,,,,,,0,0
508260,1,1,1,1,1,3,2,,0
508268,1,1,2,2,4,1,1,0,0
508270,1,1,2,2,4,3,1,0,0
508270,2,1,2,2,4,2,1,0,0
508279,1,1,2,2,4,4,1,0,0
508280,1,1,2,2,4,4,1,0,0
508281,1,1,2,1,1,4,3,0,10
508283,2,1,2,2,5,4,5,0,0
508296,1,1,2,2,4,4,1,0,0
508298,1,2,,,,,,0,0
508298,2,1,2,2,4,4,1,0,0
508303,1,2,,,,,,0,0
508303,2,2,,,,,,0,0
508306,1,1,2,2,2,2,1,0,0
508306,3,2,,,,,,0,0
508309,1,1,1,1,2,4,1,96,0
508309,2,1,1,1,3,4,1,24,0
508311,1,1,2,2,3,3,2,0,0
508311,2,1,2,1,2,2,2,0,40
508320,1,2,,,,,,0,0
508320,2,2,,,,,,0,0
508328,1,1,2,2,4,4,1,0,0
508328,2,2,,,,,,0,30
508330,1,2,,,,,,0,0
508331,1,1,2,2,3,2,1,0,0
508331,2,1,2,2,3,2,1,0,0
508332,2,2,,,,,,0,0
508335,1,1,2,2,4,3,1,0,0
508335,2,1,2,2,3,3,1,0,0
508338,1,2,,,,,,0,0
508339,1,1,2,2,5,4,1,0,0
508346,1,1,1,1,2,4,2,,
508349,1,2,,,,,,0,7
508351,1,1,2,2,4,2,1,0,0
508354,1,2,1,,,,,10,10
508354,2,1,2,2,3,2,1,0,0
508362,1,1,1,1,4,2,3,125,20
508366,1,2,,,,,,0,0
508375,1,1,2,2,4,4,1,0,0
508375,2,1,2,2,5,4,1,0,0
508380,1,1,2,2,2,2,1,0,0
508380,2,1,2,2,1,2,2,0,0
508385,1,1,2,2,2,2,4,0,0
508385,2,2,,,,,,0,0
508387,1,1,1,1,1,4,5,,0
508397,1,1,2,2,4,1,1,0,0
508397,2,1,2,2,4,4,1,0,0
508404,1,2,,,,,,0,0
508416,3,2,,,,,,0,0
508424,1,2,,,,,,0,0
508424,2,1,1,1,2,3,2,,0
508436,1,1,2,2,2,2,1,0,0
508454,1,1,2,2,1,1,2,0,0
508458,1,2,,,,,,0,10
508458,2,1,2,2,4,4,1,0,0
508465,1,1,2,2,4,1,1,0,0
508471,1,1,2,1,2,1,1,0,3
508473,1,2,,,,,,0,0
508473,2,1,2,2,3,2,1,0,0
508477,1,1,1,1,4,4,5,,0
508478,1,2,,,,,,0,20
508478,2,2,,,,,,0,0
508503,1,2,,,,,,0,0
508514,1,1,1,1,2,4,4,320,50
508514,2,1,2,1,2,4,4,0,0
508515,3,1,1,1,2,4,1,,
508516,1,1,2,2,4,3,1,0,0
508523,1,1,1,2,2,4,2,,0
508523,4,1,1,1,2,4,2,,0
508525,3,1,1,1,5,4,2,12,12
508525,4,1,2,2,5,1,1,0,0
508544,1,1,2,2,3,4,1,0,0
508544,2,1,2,2,3,4,1,0,0
508544,3,1,2,2,4,4,1,0,0
508553,1,2,,,,,,0,0
508553,2,2,,,,,,0,0
508553,3,1,2,2,2,3,1,0,0
508611,3,2,,,,,,0,0
508611,4,2,,,,,,0,0
508626,1,2,,,,,,0,51
508626,2,2,,,,,,0,6
508626,3,1,2,2,4,4,1,0,0
508628,1,2,,,,,,0,0
508628,2,1,2,2,4,3,1,0,0
508633,3,1,2,2,3,2,1,0,0
508633,4,1,2,2,4,2,1,0,0
508638,1,1,1,1,1,4,1,365,60
508642,1,2,,,,,,0,0
508642,2,1,2,2,2,4,1,0,0
508643,1,1,2,1,1,3,1,0,20
508643,2,1,2,2,2,4,1,0,0
508645,1,1,2,2,5,3,1,0,0
508645,2,1,2,2,5,3,1,0,0
508646,1,1,2,2,1,2,1,0,0
508653,1,1,2,2,4,4,1,0,0
508653,3,1,1,2,1,4,1,,0
508658,1,1,2,2,4,4,1,0,0
508661,2,1,2,2,4,4,1,0,0
508679,1,1,2,2,3,4,1,0,0
508679,2,1,2,2,3,4,1,0,0
508691,1,1,2,2,3,4,2,0,0
508731,1,1,2,2,4,4,1,0,0
508731,3,1,2,2,4,4,1,0,0
508731,4,1,1,1,1,4,5,,0
508794,1,1,2,2,2,2,1,0,0
508809,1,1,1,2,2,3,1,2,1
508821,1,1,2,2,2,4,1,0,0
508821,3,1,2,2,3,4,1,0,0
508823,1,1,2,2,4,3,1,0,0
508839,1,1,2,2,1,2,1,0,0
508839,2,1,2,2,2,4,1,0,0
508846,1,1,2,2,3,3,1,0,0
508846,2,1,2,2,3,4,1,0,0
508852,1,1,2,2,3,4,1,0,0
508852,2,1,2,2,2,4,1,0,0
508859,1,1,2,2,3,4,1,0,4
508859,2,1,2,2,2,4,1,0,3
508861,1,1,2,2,2,4,1,0,0
508861,2,1,2,2,3,4,1,0,0
508866,1,1,2,2,3,2,1,0,0
508867,1,1,2,2,4,4,1,0,0
508869,1,2,,,,,,0,0
508869,4,1,1,1,2,3,2,100,10
508870,1,1,2,1,4,4,2,0,20
508878,1,1,2,2,1,1,5,0,5
508879,1,1,2,2,4,2,1,0,0
508881,1,1,2,2,3,3,1,0,0
508915,1,1,2,2,4,4,1,0,0
508924,1,1,1,1,5,4,3,80,45
508937,1,2,,,,,,0,0
508940,1,1,2,2,2,4,1,0,3
508943,1,1,2,2,4,4,1,0,0
508948,1,1,2,2,4,3,1,0,0
508948,2,1,2,2,4,4,1,0,0
508950,1,1,2,2,2,4,1,0,0
508950,2,1,2,2,4,4,1,0,0
508976,1,1,2,2,4,4,1,0,0
508978,1,1,1,1,2,3,1,20,10
508994,1,1,2,2,2,3,1,0,0
508999,1,1,2,2,4,4,1,0,0
509001,1,2,,,,,,0,0
509004,1,1,2,2,4,4,1,0,0
509004,4,2,,,,,,0,10
509011,1,1,2,2,1,2,1,0,0
509018,1,2,,,,,,0,0
509025,1,1,2,2,4,4,1,0,0
509033,1,2,,,,,,0,2
509039,2,1,2,2,5,4,1,0,0
509039,3,1,1,1,1,4,1,10,5
509053,2,1,2,2,5,4,1,0,0
509068,1,2,1,,,,,300,30
509086,1,1,1,1,4,4,1,74,12
509087,1,1,2,1,4,4,3,0,20
509088,1,1,1,1,4,4,3,90,15
509088,2,1,2,2,3,4,1,0,0
509089,2,1,2,2,4,3,1,0,0
509089,5,1,2,2,4,4,1,0,0
509092,3,1,2,2,4,4,1,0,0
509092,4,1,2,2,4,4,1,0,0
509094,2,1,2,2,4,4,1,0,0
509094,3,1,2,2,4,4,2,0,0
509101,2,1,2,2,5,4,1,0,0
509103,1,1,2,2,4,3,1,0,0
509103,2,1,2,2,4,3,1,0,0
509105,1,1,2,2,4,4,1,0,0
509105,3,1,1,2,2,4,1,120,0
509107,1,1,2,2,4,2,1,0,0
509107,2,1,2,2,4,3,1,0,0
509111,1,1,2,2,4,4,1,0,0
509116,3,1,2,2,4,1,1,0,0
509121,1,1,1,1,2,3,1,40,40
509125,1,2,,,,,,0,0
509127,1,1,2,2,2,2,1,0,0
509127,2,1,2,2,4,3,1,0,0
509128,1,1,2,2,4,3,1,0,0
509128,4,1,2,2,4,3,1,0,0
509131,1,1,2,2,2,3,1,0,8
509163,1,1,1,2,4,4,1,,0
509166,1,1,2,2,4,4,2,0,0
509167,1,1,2,2,4,3,1,0,0
509167,2,1,2,2,4,3,1,0,0
509170,1,1,2,2,4,4,1,0,0
509184,1,1,1,2,5,4,1,,0
509197,1,1,2,2,3,4,1,0,0
509201,1,1,2,1,2,3,1,0,20
509203,1,1,2,2,2,3,5,0,0
509224,1,1,2,2,4,1,5,0,0
509233,1,1,2,2,4,4,1,0,0
509257,2,1,2,2,4,3,2,0,0
509263,1,1,2,2,3,1,2,0,0
509265,1,1,2,2,4,3,1,0,0
509266,1,1,2,2,4,1,1,0,0
509267,1,1,2,2,4,4,1,0,0
509281,1,1,2,2,3,4,1,0,0
509313,1,1,1,2,4,4,1,,0
509313,4,1,1,1,4,4,1,,0
509318,1,1,1,1,2,4,3,10,10
509318,2,1,1,1,2,4,3,10,8
509366,1,1,2,2,4,4,2,0,0
509371,1,1,2,2,4,4,1,0,0
509372,3,1,2,2,4,4,1,0,0
509374,1,1,2,2,4,3,1,0,0
509375,1,1,2,2,4,1,1,0,0
509375,2,2,,,,,,0,0
509380,1,2,,,,,,0,0
509380,2,1,2,2,4,3,1,0,0
509383,1,2,1,,,,,150,0
509383,3,2,1,,,,,200,2
509385,1,1,2,2,4,3,1,0,0
509386,1,1,2,2,4,4,1,0,0
509392,1,2,,,,,,0,0
509394,1,1,2,2,3,3,1,0,0
509396,1,1,2,2,2,2,1,0,0
509396,2,1,2,2,4,3,1,0,0
509397,2,1,1,2,2,4,3,,0
509446,1,2,,,,,,0,0
509452,1,1,1,1,1,3,4,73,60
509452,2,1,1,1,3,4,1,30,22
509485,3,1,2,1,5,2,1,0,0
509495,1,2,,,,,,0,0
509495,3,1,2,2,4,1,5,0,0
509512,1,1,2,1,2,3,1,0,0
509521,1,1,1,1,2,2,1,3,12
509521,2,1,2,2,2,2,1,0,0
509523,1,1,2,2,4,3,1,0,0
509523,2,1,2,2,4,3,1,0,0
509531,1,1,1,2,4,4,1,,0
509538,1,2,,,,,,0,0
509541,1,1,2,2,4,3,1,0,0
509547,3,1,2,2,4,3,1,0,0
509553,1,1,2,2,4,4,1,0,0
509553,2,1,2,2,4,3,1,0,0
509557,1,1,2,1,4,1,3,0,15
509558,1,1,2,2,4,3,1,0,0
509562,1,1,2,2,1,4,1,0,0
509575,1,1,2,2,4,4,1,0,0
509575,3,1,2,2,4,4,1,0,0
509587,1,2,,,,,,0,0
509588,1,1,1,1,3,4,1,30,40
509598,1,2,,,,,,0,0
509598,3,1,2,2,2,3,1,0,0
509598,4,1,2,2,4,3,1,0,0
509601,1,1,1,1,2,4,1,120,30
509636,1,1,1,2,4,3,1,8,0
509636,3,1,2,2,4,3,1,0,0
509636,4,1,1,1,1,3,2,10,6
509636,5,1,2,2,4,3,1,0,0
509641,1,1,2,2,3,2,1,0,0
509643,2,1,2,2,2,3,1,0,0
509643,3,1,2,1,3,3,2,0,4
509648,3,1,2,2,4,3,1,0,0
509648,4,1,2,2,3,3,1,0,0
509651,1,1,2,2,3,3,1,0,0
509655,1,1,1,1,3,3,2,60,6
509659,2,1,2,2,4,3,1,0,0
509669,1,1,2,2,1,3,1,0,0
509669,2,2,,,,,,0,3
509676,1,2,,,,,,0,10
509679,1,1,2,1,2,3,3,0,5
509682,3,1,2,2,2,3,1,0,0
509688,1,1,2,2,5,1,1,0,0
509688,2,1,1,1,5,4,1,,0
509689,1,1,2,2,4,4,1,0,0
509695,1,1,1,1,1,4,2,20,20
509695,2,1,2,2,2,4,2,0,0
509696,1,2,,,,,,0,10
509703,1,1,2,2,4,4,1,0,0
509704,1,1,2,2,1,2,1,0,0
509704,2,1,2,2,2,3,1,0,0
509705,1,1,2,2,4,4,1,0,0
509706,2,1,2,1,1,2,2,0,10
509707,1,1,2,2,3,4,1,0,0
509709,1,1,2,2,3,3,1,0,0
509709,2,1,2,2,2,3,1,0,0
509714,2,1,2,2,4,4,1,0,0
509718,1,2,,,,,,0,0
509718,2,1,2,2,2,2,1,0,0
509722,1,1,2,2,1,1,1,0,0
509722,2,1,2,2,2,2,1,0,0
509725,2,1,2,2,2,2,1,0,0
509726,1,1,2,2,2,4,1,0,0
509726,2,1,2,2,5,2,1,0,0
509727,1,1,2,2,2,2,1,0,0
509727,2,1,2,2,4,2,1,0,0
509732,1,1,2,2,4,1,1,0,0
509742,1,1,2,2,5,4,1,0,0
509757,1,2,,,,,,0,0
509760,1,1,1,1,1,4,1,40,30
509760,3,1,2,2,4,4,1,0,0
509760,5,1,2,2,4,4,1,0,0
509760,6,1,2,2,4,4,1,0,0
509765,1,1,1,1,4,4,1,72,40
509765,2,1,1,1,4,4,1,60,12
509772,1,1,2,2,4,4,1,0,0
509772,2,1,2,2,4,4,1,0,0
509772,5,1,1,1,4,4,1,60,30
509775,1,1,2,2,4,3,1,0,0
509783,1,1,1,2,2,4,4,4,0
509783,2,1,2,2,3,4,4,0,0
509783,3,1,2,2,2,4,4,0,0
509785,2,2,,,,,,0,0
509793,3,1,1,2,4,3,1,,0
509793,4,1,2,2,2,3,1,0,0
509794,3,1,2,1,2,3,1,0,8
509796,1,1,2,1,1,4,1,0,10
509796,3,1,2,2,5,4,1,0,0
509816,3,1,2,2,4,4,1,0,0
509817,1,1,2,2,2,4,4,0,0
509829,1,1,1,1,2,4,1,30,4
509842,2,1,2,2,4,4,1,0,0
509853,1,2,,,,,,0,30
509857,1,1,1,2,2,4,4,75,20
509857,2,1,2,2,4,4,1,0,0
509869,1,2,,,,,,0,0
509871,1,1,2,2,2,4,1,0,2
509871,2,1,2,2,3,2,1,0,2
509875,1,1,2,2,4,2,1,0,0
509875,2,1,2,1,4,4,1,0,0
509877,1,2,1,,,,,5,0
509877,2,1,1,1,2,4,2,72,5
509883,1,1,2,2,4,2,1,0,0
509883,2,1,2,2,4,3,1,0,0
509897,1,2,1,,,,,30,60
509919,3,2,1,,,,,52,50
509919,4,2,,,,,,0,0
509922,1,1,1,1,4,4,1,,0
509922,4,2,,,,,,0,0
509937,1,1,2,2,3,4,1,0,2
509937,2,1,2,2,4,4,1,0,0
509938,2,2,,,,,,0,0
509941,2,1,2,2,4,4,1,0,0
509943,1,1,1,1,1,4,2,100,12
509943,2,2,,,,,,0,0
509946,1,1,2,2,4,4,1,0,0
509951,1,1,2,2,4,2,1,0,0
509952,1,1,2,2,4,2,1,0,0
509952,2,1,2,2,4,2,1,0,0
509957,1,1,2,2,5,2,1,0,4
509963,1,1,2,2,2,3,1,0,0
509968,2,1,1,1,4,4,1,80,10
509971,1,2,,,,,,0,0
509977,2,1,2,2,4,4,1,0,0
509977,3,1,1,1,4,4,1,36,12
509978,1,1,2,2,4,4,1,0,0
509982,1,2,,,,,,0,16
509982,2,1,2,2,2,3,1,0,0
509990,1,1,2,2,2,3,1,0,0
509994,1,1,2,1,2,3,1,0,20
510012,1,2,,,,,,0,0
510013,1,1,2,2,4,4,1,0,0
510014,3,2,,,,,,0,0
510021,2,1,2,2,2,3,1,0,0
510023,3,1,2,2,2,3,1,0,0
510026,1,2,,,,,,0,0
510026,2,2,,,,,,0,0
510026,3,1,2,2,4,4,1,0,0
510027,1,1,2,2,2,3,1,0,0
510037,1,2,,,,,,0,0
510040,1,1,2,2,2,3,1,0,0
510040,2,2,,,,,,0,0
510046,1,1,1,2,4,2,1,,0
510046,2,1,2,2,4,4,1,0,0
510047,1,1,2,2,4,4,1,0,0
510047,2,1,2,2,4,4,1,0,0
510048,2,2,,,,,,0,0
510050,3,1,2,2,2,4,1,0,0
510054,1,1,2,2,4,4,1,0,0
510054,2,1,1,2,4,4,1,40,0
510071,1,1,2,2,2,3,1,0,0
510071,2,1,2,2,2,2,3,0,0
510073,1,1,2,2,2,4,3,0,10
510073,2,1,2,2,4,4,1,0,0
510073,3,1,2,2,4,4,1,0,0
510073,4,1,2,2,4,4,1,0,0
510084,1,1,2,2,4,3,1,0,0
510087,1,1,2,2,4,4,1,0,0
510087,2,1,1,2,1,4,3,60,15
510088,1,1,2,2,4,4,1,0,0
510088,3,1,2,2,4,4,1,0,0
510097,3,1,2,2,3,4,1,0,0
510097,4,1,2,2,4,4,1,0,0
510098,2,1,2,2,4,4,1,0,0
510100,1,1,2,2,2,3,3,0,0
510104,2,1,2,2,4,4,2,0,0
510104,3,1,2,2,4,4,2,0,0
510107,1,1,1,1,4,4,1,2,7
510109,3,1,2,2,4,2,1,0,0
510116,1,1,2,2,5,1,1,0,0
510116,2,1,2,2,5,1,1,0,0
510137,2,2,,,,,,0,0
510145,1,1,2,2,4,4,1,0,0
510145,2,1,2,2,4,1,1,0,0
510150,1,2,,,,,,0,0
510154,1,2,,,,,,0,2
510166,1,1,2,2,2,4,1,0,0
510166,4,1,2,2,2,4,1,0,0
510170,1,1,2,2,2,3,1,0,0
510171,1,1,2,2,3,2,1,0,0
510171,3,1,2,2,2,3,1,0,0
510173,1,1,2,2,4,4,1,0,0
510173,2,1,1,2,2,3,2,15,0
510177,3,2,,,,,,0,0
510189,1,2,1,,,,,5,0
510189,3,1,2,1,2,3,2,0,7
510191,1,1,2,2,3,3,1,0,0
510207,1,2,,,,,,0,3
510207,3,2,,,,,,0,3
510213,1,1,2,2,2,1,1,0,0
510214,1,2,,,,,,0,12
510214,3,2,,,,,,0,12
510214,4,2,,,,,,0,12
510214,5,2,,,,,,0,12
510218,1,1,2,2,2,4,1,0,0
510218,3,1,2,2,2,2,1,0,0
510220,1,1,2,2,3,3,1,0,0
510224,1,1,2,2,2,3,1,0,0
510233,1,1,2,2,3,3,3,0,0
510235,1,1,2,2,3,2,1,0,0
510240,1,1,2,2,4,4,1,0,0
510240,2,1,2,2,4,4,1,0,0
510241,3,1,2,2,4,2,1,0,0
510242,1,1,2,2,4,3,1,0,0
510246,1,1,2,2,4,2,1,0,0
510273,1,1,2,2,4,4,1,0,0
510284,1,2,,,,,,0,0
510284,2,2,,,,,,0,0
510296,2,1,2,2,4,3,1,0,0
510299,1,1,2,2,2,3,1,0,0
510299,2,1,2,2,2,3,1,0,0
510300,1,1,2,2,4,4,1,0,0
510302,1,1,1,1,2,3,1,5,6
510305,1,2,,,,,,0,0
510314,1,1,2,2,4,3,1,0,0
510314,2,2,,,,,,0,0
510314,3,1,2,2,3,4,1,0,0
510314,4,1,2,2,3,4,1,0,0
510314,6,2,,,,,,0,0
510317,1,1,2,2,2,3,1,0,0
510336,1,1,2,2,1,3,1,0,5
510339,1,1,2,2,3,3,1,0,0
510345,1,1,1,1,1,4,2,48,10
510373,1,2,,,,,,0,0
510374,1,1,2,2,2,4,1,0,0
510374,2,1,2,2,3,4,1,0,1
510390,1,1,1,1,2,4,1,70,30
510390,2,1,1,1,4,4,1,12,7
510394,1,1,2,1,4,4,3,0,15
510401,1,2,,,,,,0,0
510401,2,1,2,2,3,4,1,0,0
510406,1,1,1,1,2,4,1,48,15
510406,2,1,2,1,2,4,1,0,2
510417,1,1,1,1,2,4,2,5,20
510431,1,1,2,1,4,4,1,0,10
510432,3,1,2,2,4,4,1,0,0
510435,1,2,,,,,,0,0
510436,1,1,2,2,1,2,1,0,0
510477,1,1,2,2,4,4,1,0,0
510483,2,1,2,2,5,4,1,0,0
510483,4,1,2,2,5,4,1,0,0
510484,1,1,2,2,4,4,2,0,0
510484,2,1,2,2,4,4,1,0,0
510495,1,2,,,,,,0,0
510495,2,1,2,2,3,3,1,0,0
510497,1,2,,,,,,0,0
510497,3,1,2,2,4,2,1,0,0
510521,1,1,2,2,1,2,1,0,0
510524,1,1,2,2,2,3,1,0,0
510525,1,1,2,2,2,3,1,0,0
510525,2,1,1,1,2,3,3,15,3
510529,1,2,,,,,,0,0
510542,4,1,1,2,2,3,1,1,0
510543,1,1,2,1,3,2,5,0,5
510549,1,1,2,2,4,2,1,0,0
510550,1,2,,,,,,0,0
510552,1,1,2,2,4,3,1,0,0
510569,1,1,2,2,4,1,5,0,0
510570,1,2,1,,,,,230,0
510570,3,2,1,,,,,230,0
510590,1,2,1,,,,,4,0
510591,1,1,2,2,4,2,1,0,0
510591,2,1,2,1,2,1,1,0,4
510604,1,1,2,2,4,1,1,0,0
510608,1,1,1,1,1,3,3,70,10
510621,1,1,1,2,4,2,1,80,0
510634,2,1,2,2,4,4,1,0,0
510658,1,1,2,2,3,4,1,0,0
510658,2,1,2,2,4,4,2,0,0
510662,1,1,2,2,5,4,1,0,0
510674,1,2,,,,,,0,3
510674,2,1,2,2,5,1,1,0,5
510685,1,2,,,,,,0,4
510698,1,1,2,2,4,4,1,0,0
510698,2,1,2,2,4,4,1,0,0
510700,1,1,1,1,2,4,1,180,21
510700,2,1,2,2,4,4,1,0,0
510708,1,1,2,2,4,4,1,0,0
510722,3,1,1,2,4,4,1,,0
510724,1,1,2,2,5,1,5,0,3
510732,1,1,2,1,1,4,2,0,4
510740,1,2,,,,,,0,10
510753,1,1,1,2,4,3,1,,0
510770,1,1,1,2,4,4,1,,0
510781,3,2,,,,,,0,5
510783,3,1,1,2,4,4,1,,0
510790,1,1,1,2,4,4,1,,0
510797,1,1,2,1,4,4,1,0,4
510797,2,1,1,2,4,4,1,,0
510811,1,1,2,1,1,2,2,0,20
510856,1,1,2,2,4,4,1,0,0
510862,1,2,,,,,,0,0
510878,1,2,,,,,,0,0
510885,1,1,1,1,3,4,1,84,10
510895,1,1,1,1,4,4,1,80,7
510895,3,1,1,1,4,4,1,,0
510936,1,1,1,2,2,4,1,,0
510954,1,1,1,1,3,3,1,2,2
510979,1,1,1,1,4,4,1,55,4
510979,2,1,2,2,4,4,1,0,0
510986,2,1,2,1,5,2,1,0,20
510986,3,1,2,2,4,4,1,0,0
510986,4,1,2,2,4,4,1,0,0
510988,4,1,1,1,2,4,1,36,20
510989,1,1,2,1,1,4,2,0,4
510991,1,1,2,2,4,3,4,0,0
510997,1,1,1,1,2,4,1,30,15
511006,2,1,1,1,4,4,2,60,15
511012,1,1,2,2,4,4,1,0,0
511012,2,1,2,2,4,4,1,0,0
511013,1,1,2,2,3,3,1,0,0
511020,1,1,2,2,2,3,1,0,0
511030,1,2,,,,,,0,0
511030,3,2,,,,,,0,0
511035,1,1,2,2,4,4,1,0,0
511035,2,1,2,2,4,4,1,0,0
511048,1,2,,,,,,0,0
511050,1,1,2,2,2,3,1,0,0
511057,1,1,2,2,4,3,1,0,0
511066,1,1,2,2,3,4,1,0,3
511066,3,2,,,,,,0,0
511068,1,1,2,2,3,4,1,0,0
511073,1,1,2,2,3,4,1,0,0
511097,1,1,1,1,2,4,1,4,1
511127,2,1,2,2,4,4,1,0,0
511127,3,1,2,2,4,4,1,0,0
511139,1,1,2,2,4,4,2,0,0
511140,1,1,2,2,3,4,1,0,0
511147,1,1,2,1,3,4,1,0,2
511147,2,2,,,,,,0,3
511160,1,1,2,2,5,2,1,0,0
511160,2,1,2,2,5,2,1,0,0
511164,1,1,2,2,4,4,1,0,0
511164,2,1,2,2,4,4,1,0,0
511182,3,1,2,2,4,3,1,0,0
511198,1,1,2,2,4,3,1,0,0
511198,2,1,2,2,4,4,1,0,0
511253,1,1,2,2,1,4,1,0,0
511253,2,2,,,,,,0,0
511256,2,1,2,2,5,3,4,0,0
511260,1,1,2,2,5,4,1,0,0
511307,3,1,2,2,3,3,1,0,0
511347,1,1,2,2,4,4,1,0,0
511356,1,2,,,,,,0,0
511356,2,2,,,,,,0,0
511382,1,1,1,2,4,3,1,1,0
511382,2,1,2,2,4,2,1,0,0
511383,1,1,2,2,2,2,1,0,0
511387,1,1,2,1,4,3,1,0,12
511393,1,1,2,2,4,3,1,0,0
511406,1,2,,,,,,0,0
511412,1,1,2,2,4,2,1,0,0
511412,2,1,1,1,2,3,2,7,2
511413,1,1,2,2,4,1,5,0,0
511420,1,1,2,2,4,4,1,0,0
511420,2,2,,,,,,0,24
511420,7,1,2,2,4,4,1,0,0
511423,1,1,2,2,4,4,1,0,0
511423,2,1,2,2,4,4,1,0,0
511431,3,1,2,2,4,4,1,0,0
511443,1,1,1,1,2,3,1,52,23
511444,1,1,2,2,2,2,1,0,0
511444,2,1,2,2,3,3,3,0,0
511488,1,2,,,,,,0,0
511489,1,1,2,2,3,4,1,0,0
511496,1,1,2,2,2,3,2,0,0
511496,2,1,2,2,4,3,1,0,0
511503,2,2,1,,,,,150,30
511504,1,2,,,,,,0,0
511504,2,1,2,2,4,4,1,0,0
511506,1,1,1,1,3,3,1,270,30
511507,1,2,,,,,,0,0
511507,2,1,2,2,4,4,1,0,0
511512,1,1,2,2,2,4,1,0,2
511526,1,1,1,2,3,4,1,5,2
511560,1,1,2,2,4,4,1,0,0
511560,2,1,2,2,4,4,1,0,0
511580,1,2,1,,,,,2,2
511585,1,1,2,2,2,3,1,0,0
511585,2,2,,,,,,0,0
511589,1,2,,,,,,0,0
511609,1,1,1,1,2,3,1,15,10
511617,1,2,,,,,,0,0
511619,3,1,2,2,2,3,1,0,0
511629,1,1,2,2,4,4,1,0,0
511654,3,1,2,2,2,3,1,0,0
511654,4,1,2,2,2,3,1,0,0
511655,1,1,2,2,2,4,1,0,0
511656,1,2,,,,,,0,0
511656,2,1,2,2,3,3,1,0,0
511659,1,1,2,2,4,4,1,0,0
511705,1,1,1,1,1,3,5,100,35
511705,2,1,2,2,3,3,1,0,0
511757,1,1,2,2,4,4,1,0,0
511780,1,1,2,2,2,4,1,0,0
511824,1,1,1,2,2,4,1,20,2
511856,1,1,2,2,4,3,1,0,0
511856,2,1,2,2,4,4,1,0,0
511860,1,2,,,,,,0,0
511862,1,1,2,1,4,4,1,0,0
511913,1,1,2,2,2,3,1,0,0
511913,2,1,2,2,2,4,1,0,0
511919,1,1,2,2,4,4,1,0,0
511924,1,1,2,2,3,2,1,0,2
511924,2,1,2,2,4,4,3,0,0
511928,1,1,2,2,2,3,4,0,3
511942,1,1,2,2,4,1,2,0,0
511951,1,1,2,2,2,3,1,0,0
511989,1,1,2,2,3,3,1,0,0
511989,2,1,2,2,4,4,1,0,0
512005,1,1,1,2,2,4,1,6,2
512017,1,1,2,2,2,4,3,0,0
512022,1,1,1,1,2,3,1,30,6
512022,2,1,2,2,3,4,1,0,0
512046,1,1,1,1,1,4,2,10,24
512094,1,2,,,,,,0,0
512094,2,1,2,2,4,4,1,0,0
512129,1,1,2,1,2,4,1,0,7
512156,1,1,1,1,3,4,3,150,40
512174,1,1,2,1,2,4,3,0,0
512176,2,1,2,2,4,4,1,0,0
512179,1,1,2,2,2,4,1,0,2
512186,1,1,2,2,2,4,1,0,0
512188,1,1,2,2,5,3,5,0,0
512194,1,1,2,1,2,4,1,0,0
512201,2,1,2,1,4,4,1,0,12
512202,1,2,,,,,,0,10
512202,2,1,2,2,2,4,1,0,0
512203,1,1,2,2,4,4,1,0,0
512203,2,1,2,2,4,4,1,0,0
512204,1,1,2,1,3,4,1,0,2
512204,2,1,2,1,4,4,1,0,48
512205,1,1,2,2,4,3,4,0,0
512205,2,1,2,2,4,3,4,0,0
512220,1,1,2,2,4,2,1,0,0
512220,2,1,2,2,4,2,1,0,0
512225,1,1,2,2,3,3,1,0,0
512226,2,1,1,1,2,4,2,10,10
512229,1,1,2,1,3,4,1,0,5
512234,2,1,2,2,5,3,1,0,6
512235,1,1,2,2,4,3,1,0,0
512237,2,1,2,2,4,4,1,0,0
512246,1,1,2,2,4,4,1,0,0
512254,1,1,2,2,1,4,1,0,0
512258,1,1,1,1,2,4,1,90,15
512264,1,1,2,2,2,4,1,0,0
512264,2,1,2,2,4,4,1,0,0
512269,1,1,1,1,4,4,1,60,20
512328,2,1,2,2,2,3,1,0,0
512330,1,2,,,,,,0,0
512331,1,1,2,2,5,1,1,0,0
512334,2,1,2,1,4,3,1,0,10
512337,3,1,2,2,4,3,1,0,2
512352,1,1,2,1,2,4,1,0,12
512354,1,1,2,2,2,4,1,0,0
512357,2,1,2,2,1,3,5,0,10
512362,1,1,2,2,2,4,1,0,12
512363,1,1,2,2,2,3,5,0,0
512378,1,1,2,2,2,2,5,0,0
512382,1,1,2,1,1,3,1,0,20
512391,1,1,2,2,2,4,1,0,0
512391,2,1,2,2,2,4,1,0,0
512398,3,1,2,2,2,4,1,0,0
512428,1,1,2,2,4,4,1,0,0
512428,2,1,2,2,4,4,1,0,0
512432,1,1,2,2,4,2,1,0,0
512433,1,1,2,2,2,4,1,0,0
512438,1,2,1,,,,,10,13
512457,1,2,,,,,,0,0
512459,1,2,,,,,,0,0
512459,2,2,,,,,,0,0
512468,1,1,2,2,3,4,1,0,0
512472,1,1,2,2,4,4,1,0,0
512492,1,1,2,2,5,4,1,0,0
512492,2,1,2,2,4,4,1,0,0
512496,1,2,,,,,,0,0
512497,1,1,2,2,4,4,1,0,0
512502,1,1,2,2,4,4,1,0,0
512515,1,2,1,,,,,30,30
512517,1,1,2,2,3,4,1,0,0
512517,2,1,2,2,4,4,1,0,0
512545,1,1,2,2,4,4,1,0,0
512547,1,2,,,,,,0,0
512561,1,1,1,2,4,4,3,60,2
512565,1,1,2,2,4,4,1,0,0
512579,2,1,2,1,4,4,1,0,0
512579,3,1,2,2,4,4,1,0,0
512588,1,1,2,2,4,3,1,0,0
512588,2,1,2,2,4,4,1,0,0
512588,4,1,2,2,4,4,1,0,0
512611,1,1,2,1,4,4,1,0,40
512611,2,1,2,2,4,4,1,0,0
512613,1,2,,,,,,0,0
512623,1,2,,,,,,0,1
512630,1,2,,,,,,0,2
512639,1,1,1,1,3,4,1,,3
512639,2,1,2,2,4,4,1,0,0
512641,1,1,2,2,4,4,1,0,0
512641,2,1,1,1,3,4,1,10,10
512650,1,1,2,2,4,4,1,0,0
512674,1,1,2,1,3,4,1,0,5
512689,1,1,2,2,4,4,1,0,0
512690,1,1,1,1,1,4,4,90,50
512690,2,1,2,2,4,1,1,0,0
512693,1,1,1,1,2,4,5,10,30
512719,1,1,2,2,4,4,1,0,0
512751,2,1,2,2,4,4,1,0,0
512763,1,1,1,1,1,4,1,88,24
512763,3,1,2,2,4,4,1,0,0
512763,4,1,2,2,4,4,1,0,0
512775,1,1,2,2,4,4,1,0,0
512789,1,2,1,,,,,300,60
512789,2,2,1,,,,,300,60
512790,2,1,2,2,4,2,1,0,0
512797,1,1,2,2,2,4,1,0,3
512805,1,1,1,2,1,2,1,6,0
512805,2,1,2,2,4,4,1,0,0
512817,1,1,1,1,1,4,5,30,33
512819,1,1,2,2,4,2,1,0,0
512824,1,1,2,2,4,4,1,0,0
512825,1,1,2,2,3,4,1,0,4
512826,1,2,,,,,,0,2
512826,2,1,2,2,4,4,3,0,0
512831,1,1,2,2,4,4,5,0,0
512832,1,2,,,,,,0,20
512835,1,2,,,,,,0,0
512835,3,1,1,1,3,4,2,44,12
512842,2,1,2,2,5,2,1,0,0
512848,1,2,1,,,,,15,15
512850,1,1,2,2,3,4,3,0,0
512851,1,2,,,,,,0,0
512851,2,1,2,2,5,2,1,0,0
512854,2,1,2,2,2,4,1,0,0
512869,1,2,,,,,,0,0
512869,2,1,2,2,5,4,1,0,0
512870,1,1,2,2,3,2,1,0,0
512870,2,1,2,2,4,3,1,0,0
512885,1,1,1,1,1,4,3,,
512887,1,1,2,2,4,4,1,0,0
512887,2,1,2,2,2,3,1,0,0
512890,1,2,,,,,,0,0
512894,3,1,2,2,2,2,1,0,2
512907,1,1,2,2,5,2,1,0,0
512908,1,1,1,2,4,4,1,,0
512908,2,1,2,2,4,4,1,0,0
512910,3,1,2,2,3,4,1,0,0
512911,1,1,2,2,3,4,1,0,0
512914,1,1,2,2,3,3,1,0,0
512917,1,1,2,2,1,3,1,0,0
512917,2,1,2,2,3,3,1,0,0
512919,2,1,2,1,4,2,1,0,50
512924,2,2,,,,,,0,0
512928,1,1,2,2,4,3,1,0,0
512928,5,1,2,2,4,4,1,0,0
512932,1,2,,,,,,0,10
512933,1,1,2,2,3,4,2,0,0
512933,2,1,1,1,1,4,2,,0
512934,1,2,,,,,,0,0
512934,2,1,2,2,4,4,1,0,0
512935,2,1,2,1,1,4,1,0,12
512937,1,1,2,2,4,4,1,0,0
512937,2,1,2,2,4,4,1,0,0
512939,1,1,2,1,4,4,1,0,0
512939,3,1,2,2,4,4,1,0,0
512941,1,1,2,1,3,1,1,0,40
512941,2,1,2,1,3,1,1,0,40
512943,3,1,2,2,4,4,1,0,0
512944,1,1,2,2,4,4,1,0,0
512944,3,1,1,2,2,4,4,7,0
512950,1,1,2,2,4,4,1,0,0
512950,2,1,1,2,4,4,1,18,0
512952,1,1,1,1,4,4,1,20,20
512952,2,1,2,2,4,4,1,0,10
512960,1,1,1,2,4,3,1,36,0
512962,1,1,2,2,4,4,1,0,0
512962,2,1,2,2,4,4,1,0,0
512964,1,1,2,2,4,4,1,0,0
512967,1,1,2,2,4,4,1,0,0
512967,2,1,2,2,4,4,1,0,0
512992,1,1,1,2,2,3,1,2,2
512993,1,1,2,2,2,4,1,0,0
512993,4,1,2,2,2,3,1,0,0
512998,1,1,1,2,2,4,3,10,5
512998,2,1,2,2,3,4,3,0,2
512998,3,1,2,2,3,3,1,0,0
512999,1,1,2,2,4,2,2,0,6
513002,1,2,,,,,,0,5
513002,2,1,2,1,2,3,1,0,10
513002,3,2,1,,,,,2,4
513002,4,2,,,,,,0,5
513014,1,1,2,2,2,1,1,0,0
513045,1,1,2,2,2,3,1,0,0
513045,2,1,2,2,2,3,1,0,0
513048,1,2,,,,,,0,0
513048,3,2,,,,,,0,0
513052,1,1,2,2,2,4,1,0,0
513052,2,1,2,2,2,4,1,0,0
513071,1,1,2,2,2,2,5,0,0
513071,2,1,1,2,4,4,1,,0
513071,3,1,2,2,4,4,1,0,0
513091,1,1,2,2,2,1,1,0,0
513097,2,1,2,2,4,4,1,0,0
513106,2,2,,,,,,0,0
513107,1,1,2,2,3,3,1,0,0
513107,3,1,2,2,4,4,1,0,0
513107,4,1,2,2,4,4,1,0,0
513113,1,1,2,2,4,4,1,0,0
513113,2,1,2,1,2,4,3,0,5
513117,1,1,2,2,4,3,5,0,0
513117,2,1,2,2,4,3,1,0,0
513169,3,1,2,2,2,4,1,0,0
513169,4,1,2,2,2,4,5,0,0
513177,2,2,,,,,,0,0
513182,1,1,2,1,5,3,1,0,10
513182,2,1,2,1,5,3,1,0,10
513194,3,1,2,2,4,4,1,0,0
513194,4,1,2,1,4,4,1,0,0
513201,1,1,2,2,3,4,1,0,1
513211,1,2,1,,,,,2,0
513211,2,2,,,,,,0,0
513223,1,1,2,2,3,2,1,0,0
513230,1,1,1,2,4,4,2,90,0
513230,2,1,2,2,3,4,5,0,0
513287,1,1,2,2,4,4,1,0,0
513323,1,1,2,2,3,4,1,0,0
513326,1,1,2,1,1,3,2,0,20
513332,1,1,2,2,4,3,1,0,0
513334,1,1,2,1,2,4,1,0,0
513341,1,2,,,,,,0,0
513344,1,1,2,2,4,4,1,0,0
513352,1,1,1,1,2,4,1,3,12
513356,1,1,2,2,4,4,1,0,0
513360,1,1,1,1,2,4,1,10,10
513363,2,1,2,2,4,4,1,0,0
513371,1,2,,,,,,0,2
513374,1,1,2,1,2,3,3,0,12
513374,2,1,2,1,2,3,1,0,15
513375,1,1,2,1,2,3,2,0,10
513376,1,2,,,,,,0,2
513376,2,2,,,,,,0,4
513387,1,1,2,2,3,3,1,0,0
513406,1,1,2,2,4,4,1,0,0
513406,2,1,2,2,4,4,1,0,0
513408,1,1,1,1,1,4,2,10,30
513411,1,1,1,1,3,4,3,60,20
513415,1,1,2,2,3,4,1,0,0
513415,2,1,2,2,3,4,1,0,1
513416,1,1,2,2,1,2,1,0,0
513416,2,1,2,2,4,4,3,0,0
513418,1,1,1,1,3,4,3,48,20
513419,1,2,,,,,,0,8
513420,1,2,,,,,,0,0
513421,1,1,2,2,4,4,1,0,0
513421,2,1,2,1,2,4,1,0,0
513423,1,2,,,,,,0,0
513424,1,1,2,2,4,4,1,0,0
513427,1,1,1,2,3,4,1,1,0
513427,2,1,1,2,1,4,2,55,24
513428,1,1,2,2,4,4,1,0,0
513428,2,1,2,2,2,4,1,0,0
513429,1,1,1,1,4,3,5,30,25
513431,1,1,1,1,2,3,2,10,5
513431,2,1,2,2,3,3,1,0,0
513432,2,1,2,2,4,4,1,0,0
513436,1,2,1,,,,,2,0
513436,2,1,2,2,4,2,1,0,0
513437,1,1,2,2,1,4,1,0,0
513437,2,1,2,2,2,4,1,0,0
513438,1,2,,,,,,0,0
513441,1,1,2,1,4,4,1,0,0
513441,2,2,,,,,,0,0
513442,1,1,2,1,1,4,1,0,3
513443,1,1,2,2,4,1,1,0,0
513443,2,1,2,2,4,4,1,0,0
513448,1,1,1,1,3,1,1,30,52
513448,2,1,1,1,3,1,1,120,52
513449,1,1,2,2,4,3,1,0,0
