NQUEST,NORDEB3,DEBM3,ANMUTUOI3,MUTUODUI3,MUTUOINI3,DEBGAR3,DEBPERS3,DEBRF3,DEBREFMOT3_1,DEBREFMOT3_2,DEBREFMOT3_2C,DEBMOD3_1,DEBMOD3_2,DEBMOD3_8C,ANRIFIN3,TMUTUOAB3,TDEBITA3,TIPOTAX3,TAEG3,DEBCOR
20297,1,1,2022,10,5000,4,1,2,,,,,,,,480,4520,1,2,
20297,2,3,2022,10,15000,4,1,2,,,,,,,,1440,13560,1,2,
23797,1,4,2012,20,130000,4,2,2,,,,,,,,6300,65000,1,6,
23797,2,4,2014,15,50000,5,1,2,,,,,,,,3600,30000,1,6.25,
31625,1,1,2022,4,20000,1,,2,,,,,,,,5400,19000,2,2,
31860,1,1,2019,5,10000,4,1,2,,,,,,,,2600,8000,1,7,
32729,1,1,2021,5,17000,1,,2,,,,,,,,4200,12000,1,5,
32822,1,2,2018,10,20000,4,2,2,,,,,,,,3600,4000,1,5,1
33303,1,4,2019,10,40000,4,2,2,,,,,,,,3840,25000,1,5,
53373,1,1,2022,4,8000,4,1,2,,,,,,,,3200,7000,1,1.5,
53373,2,2,2022,2,800,4,1,2,,,,,,,,150,800,3,0,
56582,1,1,2020,3,7500,4,1,2,,,,,,,,2640,1100,1,5,
57670,1,1,2021,6,11000,1,,2,,,,,,,,1680,9300,2,10,
60078,1,1,2022,8,12000,4,1,2,,,,,,,,140,11000,1,0,
91071,1,1,2017,7,16000,4,1,2,,,,,,,,3120,6240,1,4,
504921,1,1,2022,4,15000,4,1,2,,,,,,,,4200,10800,1,3,
506628,1,4,2022,2,1339,4,1,2,,,,,,,,55,1284,1,8.5,
507444,1,2,2021,3,3600,4,1,2,,,,,,,,1440,1920,3,0,
507444,2,4,2017,6,15000,4,1,1,,,,,,,,3600,7000,1,3.8,
511757,1,4,2019,10,10000,4,2,2,,,,,,,,1500,7500,1,6,
512784,1,1,2015,10,11000,4,1,2,,,,,,,,2500,4000,1,11,
513406,1,1,2017,6,20000,4,1,2,,,,,,,,3240,5000,1,1,
611614,1,1,2019,7,20000,4,1,2,,,,,,,,3600,10000,1,2,
611614,2,1,2020,4,20000,4,1,2,,,,,,,,2500,15000,1,3,
611614,3,1,2022,2,3000,4,1,2,,,,,,,,1800,1500,1,3,
611614,4,2,2021,1,1200,4,1,2,,,,,,,,1200,0,1,1,
615399,1,1,2019,5,17000,4,1,2,,,,,,,,2160,6200,1,1,
623606,1,1,2021,5,10000,4,1,2,,,,,,,,3000,7000,1,5.6,
632118,1,4,2020,3,1200,4,1,2,,,,,,,,600,1000,1,9,
635112,1,2,2022,1,540,4,1,2,,,,,,,,100,0,3,0,
639013,1,4,2020,5,10000,4,1,1,,,,,,,,3500,3000,1,6,
639013,2,4,2017,5,5000,4,1,2,,,,,,,,1500,1250,1,5,
671152,1,2,2022,1,1200,4,1,2,,,,,,,,1200,120,3,0,
674239,1,1,2021,4,8800,1,,2,,,,,,,,2200,6300,1,3,
674868,1,1,2021,8,28000,4,1,2,,,,,,,,4000,20000,1,6,
676851,1,1,2013,10,15000,4,1,1,,,,,,,,4800,1500,1,3,
680244,1,1,2019,4,12000,4,1,2,,,,,,,,3240,2160,1,4,
680244,2,2,2022,4,4000,4,1,2,,,,,,,,650,3350,1,4,
680587,1,1,2020,7,21000,4,2,2,,,,,,,,3500,10000,1,5,
681499,1,2,2022,6,11000,4,1,2,,,,,,,,3000,9000,1,3,
682359,1,2,2022,1,500,4,1,2,,,,,,,,300,270,1,12,
682812,1,2,2021,2,2000,4,1,2,,,,,,,,1000,850,1,4.8,
683164,1,1,2020,5,10000,1,,2,,,,,,,,3200,7000,1,4.5,
683472,1,4,2020,4,5000,4,1,2,,,,,,,,1300,2500,1,6,
685058,1,1,2020,5,15000,1,,2,,,,,,,,3000,9000,3,2,
685297,1,1,2019,5,13000,4,1,2,,,,,,,,3480,6000,1,4,
685299,1,1,2022,4,9600,4,1,2,,,,,,,,1400,8200,1,6,
685301,1,2,2020,5,10000,4,1,2,,,,,,,,2200,6000,1,7,
685905,1,1,2022,4,8708,4,1,2,,,,,,,,724,7964,1,8,
687070,1,1,2022,7,23000,4,1,2,,,,,,,,3600,19400,1,4,
687321,1,1,2021,4,22000,4,1,2,,,,,,,,4200,9400,1,5,
687987,1,1,2019,6,9000,4,1,2,,,,,,,,1572,5425,1,4,
687987,2,2,2019,6,9000,4,1,2,,,,,,,,1572,7428,1,4,
709420,1,2,2022,1,2000,4,1,2,,,,,,,,700,1300,3,0,
715065,1,1,2019,4,15000,1,,2,,,,,,,,3600,1500,1,6,
723207,1,2,2021,3,1900,4,1,2,,,,,,,,700,500,1,8,
724899,1,1,2021,3,16800,4,1,2,,,,,,,,4200,10150,1,4,
725716,1,1,2018,5,14000,1,,2,,,,,,,,3000,4000,3,0,
725716,2,1,2020,5,14000,1,,2,,,,,,,,3000,10000,3,0,
728306,1,1,2017,6,18000,1,,2,,,,,,,,4500,2200,1,7,
732013,1,1,2015,10,25000,4,1,2,,,,,,,,3180,10000,1,6,
732013,2,2,2022,2,1500,4,1,2,,,,,,,,198,1386,3,0,
733363,1,1,2022,2,6000,4,1,2,,,,,,,,800,4200,3,2,
735143,1,1,2021,3,10000,1,,2,,,,,,,,4200,5000,1,9,
736034,1,5,2020,2,5000,4,1,2,,,,,,,,2500,2000,1,7,
736917,1,1,2019,7,16000,4,1,2,,,,,,,,4000,5000,1,1,
736917,2,1,2021,2,2000,4,1,2,,,,,,,,960,900,3,0,
736935,1,2,2017,7,50000,4,1,2,,,,,,,,7200,14000,1,1.95,
801972,1,4,2016,10,30000,4,2,2,,,,,,,,4200,16800,2,8,
806563,1,1,2020,10,22000,4,2,2,,,,,,,,2628,14000,1,1,
806583,1,1,2021,3,12000,4,1,2,,,,,,,,3400,8600,1,8,
808169,1,1,2022,3,10000,4,1,2,,,,,,,,3600,5400,3,0,
808182,1,1,2022,5,20000,4,1,2,,,,,,,,3900,16000,3,0,
814586,1,1,2019,4,9600,4,1,2,,,,,,,,2400,1600,1,4,
814889,1,1,2018,6,15000,1,,2,,,,,,,,2160,3500,1,7,
814889,2,2,2021,1,1400,1,,2,,,,,,,,1404,468,1,0,
816847,1,1,2022,5,10000,4,1,2,,,,,,,,1200,10000,2,2,
818064,1,4,2018,7,12000,4,2,2,,,,,,,,1980,5000,2,5,
819156,1,2,2022,2,800,1,,2,,,,,,,,480,200,1,7,
819156,2,2,2022,24,520,1,,2,,,,,,,,250,200,2,7,
823258,1,1,2021,3,5600,4,1,2,,,,,,,,1680,2520,1,8,
824734,1,4,2019,4,5000,2,,2,,,,,,,,1500,1500,2,3,
850013,1,1,2022,5,18000,4,1,2,,,,,,,,3600,14400,1,6,
851172,1,1,2018,5,15000,4,1,1,,,,,,,,4000,700,2,2,
852021,1,1,2019,7,12000,4,1,2,,,,,,,,2440,4000,1,1,
852021,2,2,2020,3,2000,4,1,2,,,,,,,,700,600,1,1,
852070,1,1,2022,4,7000,4,1,2,,,,,,,,239,6800,1,5,
852130,1,1,2018,4,16000,4,1,1,,,,,,,,4320,0,1,7,
852130,2,3,2019,10,32000,4,1,1,,,,,,,,4320,27360,1,7,
852140,1,1,2021,5,10000,4,1,2,,,,,,,,1680,6000,1,2.5,
855259,1,1,2021,3,6000,4,1,2,,,,,,,,2400,3200,1,5,
857107,1,2,2021,1,750,4,1,2,,,,,,,,720,0,1,6,
857107,2,2,2022,1,750,4,1,2,,,,,,,,280,500,1,6,
857273,1,1,2021,3,10000,4,1,2,,,,,,,,3600,5400,1,3,
857273,2,1,2022,3,8000,4,1,2,,,,,,,,2750,6000,1,3,
858534,1,1,2022,4,15000,4,1,2,,,,,,,,3000,12000,1,2,
859459,1,1,2022,5,14000,4,1,2,,,,,,,,3000,13000,1,8,
859573,1,1,2022,6,30000,4,1,2,,,,,,,,6000,24000,1,8,
859616,1,2,2022,3,4000,4,1,2,,,,,,,,1500,2000,1,5,
862314,1,1,2019,10,30000,4,2,2,,,,,,,,5000,22000,1,2.5,
862583,1,1,2020,5,15000,4,1,2,,,,,,,,3000,9000,1,4,
863402,1,1,2018,6,15000,4,1,2,,,,,,,,3000,4500,1,3.5,
867914,1,5,2021,2,10000,4,1,2,,,,,,,,5000,5000,3,3.5,
868098,1,1,2019,8,10000,4,1,1,,,,,,,,2200,4000,1,2,
868474,1,1,2022,5,10000,4,1,2,,,,,,,,400,9600,1,8,
868474,2,2,2022,4,8000,4,1,2,,,,,,,,2400,6000,1,8,
868474,3,4,2022,4,8000,4,1,2,,,,,,,,800,1500,1,8,
868474,4,4,2022,4,18000,4,1,2,,,,,,,,700,16000,1,8,
868474,5,4,2022,10,15000,4,1,2,,,,,,,,15000,180,1,8,
869003,1,1,2019,10,10000,4,2,2,,,,,,,,2520,8000,1,4,
871533,1,1,2019,4,8000,1,,2,,,,,,,,2160,360,1,5,
871533,2,1,2021,4,8000,1,,2,,,,,,,,2160,2160,1,7,
872107,1,4,2022,5,5000,4,1,2,,,,,,,,1200,4000,1,8,
872133,1,1,2021,3,5000,4,1,2,,,,,,,,2400,1300,1,6,
872133,2,1,2019,5,5000,4,1,1,,,,,,,,1560,3100,1,7,
872924,1,4,2018,10,25000,4,1,2,,,,,,,,1200,16000,1,3,
873048,1,1,2022,4,7000,1,,2,,,,,,,,720,6500,1,7,
873052,1,1,2020,5,10000,1,,2,,,,,,,,3000,6000,1,7,
873052,2,4,2018,5,20000,4,2,2,,,,,,,,2880,7000,1,6,
874515,1,1,2015,6,29000,4,1,2,,,,,,,,5640,846,1,7.8,
874756,1,2,2022,2,1400,4,1,2,,,,,,,,400,1000,3,0,
874756,2,2,2021,2,1000,4,1,2,,,,,,,,240,120,3,0,
875221,1,1,2022,4,12000,4,2,2,,,,,,,,4550,11500,1,3,
875280,1,2,2021,2,5000,4,1,2,,,,,,,,2500,1800,3,0,
875635,1,1,2022,4,12000,4,1,2,,,,,,,,880,11120,1,3,
877285,1,1,2022,10,17000,4,1,2,,,,,,,,1300,16300,1,6.15,
877752,1,1,2020,4,10000,5,1,3,,,,,,,,3000,4500,1,7,
878834,1,1,2019,6,15000,4,1,2,,,,,,,,2500,7500,1,5,
879257,1,1,2020,7,14000,4,1,2,,,,,,,,1260,10400,1,7.9,
879319,1,2,2022,2,3000,4,2,2,,,,,,,,1460,2000,1,7,
879449,1,1,2020,5,14000,4,1,2,,,,,,,,3120,8700,1,2.5,
879449,2,2,2021,10,20000,4,1,2,,,,,,,,2400,17000,2,3.5,
880827,1,1,2018,5,17000,1,,2,,,,,,,,3600,5000,1,2,
881330,1,4,2018,10,30000,4,2,2,,,,,,,,3840,18000,1,5,
881330,2,4,2019,8,25000,4,1,2,,,,,,,,4800,15000,1,10,
883762,1,2,2019,3,3500,4,1,2,,,,,,,,1800,0,1,10,
885353,1,1,2021,3,7500,4,1,2,,,,,,,,2400,2700,1,7,
885878,1,1,2005,6,16350,4,2,2,,,,,,,,3000,15000,1,7,
886721,1,2,2022,2,500,4,1,2,,,,,,,,500,250,3,0,
886789,1,2,2022,1,2000,1,,2,,,,,,,,2400,1200,1,5,
889497,1,1,2022,2,2340,4,1,2,,,,,,,,1170,1300,3,7.6,
889577,1,4,2020,5,6000,4,1,2,,,,,,,,1440,4000,1,13,
889711,1,1,2019,5,11600,4,1,2,,,,,,,,2700,6500,1,10,
889715,1,1,2018,8,20000,4,2,1,,,,,,,,4032,5000,1,1.1,
891877,1,1,2021,4,10000,4,1,2,,,,,,,,2750,5000,1,5,
892336,1,1,2019,4,9700,4,1,2,,,,,,,,2800,0,1,2,
894126,1,1,2021,3,8000,1,,1,,,,,,,,1400,2000,1,1.5,
895624,1,1,2019,5,15000,4,1,2,,,,,,,,4000,4000,3,8,
896875,1,1,2019,5,25000,1,,2,,,,,,,,3300,12000,1,5,
896996,1,1,2018,7,21900,4,1,2,,,,,,,,3900,10000,1,7,
896996,2,4,2017,10,24000,4,2,2,,,,,,,,3600,12000,1,9.8,
897442,1,2,2022,1,500,4,1,2,,,,,,,,400,100,2,7,
899501,1,1,2020,5,5000,4,1,2,,,,,,,,900,3500,1,5,
902680,1,4,2020,10,28000,4,2,2,,,,,,,,2900,19300,1,6,
902913,1,1,2019,5,7500,4,1,2,,,,,,,,1680,1820,1,3,
902916,1,1,2019,5,8000,4,1,2,,,,,,,,2160,4300,1,2,
903358,1,4,2019,5,5000,4,2,2,,,,,,,,1200,900,1,8.5,
903735,1,1,2022,2,8000,4,1,2,,,,,,,,2496,2496,1,7,
905220,1,1,2021,4,14000,4,1,2,,,,,,,,3800,10000,1,2,
909502,1,4,2020,10,20000,4,2,2,,,,,,,,2400,16500,1,7,
909978,1,1,2018,7,17000,1,,2,,,,,,,,2500,8500,1,3,1
910714,1,2,2022,12,24450,1,,2,,,,,,,,2000,450,3,0,2
910842,1,1,2015,7,14000,1,,2,,,,,,,,2772,0,1,6,
910994,1,1,2020,5,9000,4,1,2,,,,,,,,1800,4500,1,12,
911448,1,1,2020,3,20000,4,1,2,,,,,,,,2400,9000,1,6,
911652,1,1,2017,6,25000,4,1,2,,,,,,,,4800,1700,1,4,
912192,1,2,2022,1,1000,4,1,2,,,,,,,,900,100,3,1,
913161,1,2,2019,5,9000,1,,2,,,,,,,,1800,1800,3,8,1
913415,1,4,2017,10,500,1,,2,,,,,,,,60,300,1,6,
913472,1,1,2019,4,4000,4,1,2,,,,,,,,1200,600,1,9,
913487,1,1,2022,4,10000,4,1,2,,,,,,,,2700,7000,1,3,
913564,1,1,2021,3,6000,4,1,2,,,,,,,,2160,480,3,0,
914646,1,1,2019,4,7000,1,,2,,,,,,,,2400,2400,1,2,
914706,1,1,2021,5,23000,4,1,2,,,,,,,,5200,18000,1,1,
915488,1,1,2021,3,19000,4,1,2,,,,,,,,3000,5000,1,1,
915653,1,1,2021,5,15000,1,,2,,,,,,,,3000,11000,1,6,
915882,1,2,2021,3,3500,4,1,2,,,,,,,,1200,2300,3,3,
915897,1,1,2021,4,15000,1,,2,,,,,,,,4000,11000,2,6,
915943,1,1,2022,10,20000,4,1,2,,,,,,,,2100,18000,1,3,
916674,1,1,2021,3,11000,1,,2,,,,,,,,3600,7500,1,4,
916805,1,1,2022,4,15000,4,1,2,,,,,,,,1100,13900,1,6,
916929,1,1,2021,4,17000,4,1,2,,,,,,,,5000,8000,1,3,
916929,2,4,1999,25,100000,5,1,2,,,,,,,,5000,5000,1,5,
917035,1,1,2022,3,16000,4,1,2,,,,,,,,5000,10000,1,4,
917152,1,1,2018,20,23000,5,1,3,,,,,,,,4200,16000,1,13,
917218,1,4,2022,1,3000,4,1,2,,,,,,,,2000,1000,3,0,
917276,1,1,2020,4,7200,1,,2,,,,,,,,1800,4000,2,2,
917794,1,4,2020,5,7000,4,1,2,,,,,,,,1500,3000,3,0,
918964,1,1,2019,5,10000,4,1,2,,,,,,,,2800,350,1,3,
918964,2,1,2020,3,7500,4,1,2,,,,,,,,2580,2000,1,3,
919033,1,4,2017,9,14000,5,1,2,,,,,,,,2800,2500,1,1.2,
919311,1,2,2022,3,1000,4,1,2,,,,,,,,90,900,3,0,
919324,1,2,2021,2,936,4,1,2,,,,,,,,360,40,3,0,
919492,1,4,2019,5,8000,4,1,2,,,,,,,,2400,1500,1,2,
919500,1,1,2021,4,8000,4,1,2,,,,,,,,2300,3800,1,6,
919516,1,1,2021,4,11000,4,1,2,,,,,,,,3900,8000,1,2.85,
919516,2,4,2019,7,26000,4,1,2,,,,,,,,4000,21000,1,5.5,
919529,1,4,2020,4,6000,4,2,2,,,,,,,,1920,4600,1,9,
919536,1,1,2021,3,6000,1,,2,,,,,,,,2400,3000,3,0,
919686,1,4,2022,10,35000,4,2,2,,,,,,,,1400,34000,1,3.5,
919741,1,1,2022,5,13000,4,1,2,,,,,,,,228,12000,1,5,1
919771,1,1,2019,4,20000,1,,2,,,,,,,,6000,6000,1,6.9,
919775,1,1,2022,3,6000,4,1,2,,,,,,,,2480,4000,1,7,
920438,1,4,2019,5,15000,4,1,2,,,,,,,,4000,10000,1,4,
920829,1,1,2022,4,4000,4,1,2,,,,,,,,2800,500,3,2,
920829,2,2,2022,1,800,5,1,2,,,,,,,,500,500,3,2,
921005,1,1,2022,10,30000,4,1,2,,,,,,,,900,29100,1,7,
921322,1,4,2015,8,21000,4,2,2,,,,,,,,4800,4000,1,8,
922563,1,4,2020,5,10000,4,1,2,,,,,,,,2280,6000,1,4,
922581,1,4,2021,10,12000,4,1,2,,,,,,,,1896,10000,1,6,
922985,1,1,2021,4,8000,4,1,2,,,,,,,,2100,4325,1,2,
923436,1,4,2016,10,11000,2,,1,1,2,,6,,,2021,1800,9000,1,9,
923443,1,1,2021,3,10000,4,1,2,,,,,,,,2640,10000,1,7,
923443,2,2,2022,2,400,4,1,2,,,,,,,,120,280,3,0,
923630,1,2,2020,5,2000,1,,2,,,,,,,,500,1600,1,5,
923977,1,2,2021,2,1100,1,,2,,,,,,,,600,300,3,0,
924069,1,1,2020,3,8000,4,1,2,,,,,,,,2600,2600,1,1,
924082,1,4,2018,7,10000,4,2,2,,,,,,,,100,9100,2,2,
924492,1,1,2022,5,10000,4,1,2,,,,,,,,3456,6544,1,7,
924509,1,1,2021,3,5000,4,1,2,,,,,,,,1908,3498,1,7.41,
924793,1,2,2021,2,1750,1,,2,,,,,,,,876,365,1,8,
924793,2,2,2022,12,1236,1,,2,,,,,,,,721,515,1,8,
924800,1,4,2018,10,10000,4,2,2,,,,,,,,3600,9500,1,7,
925112,1,2,2022,1,680,4,1,2,,,,,,,,450,230,3,1,
925115,1,2,2022,1,600,4,1,2,,,,,,,,180,420,3,0,
925115,2,2,2022,1,500,1,,2,,,,,,,,400,100,1,2,
925117,1,2,2021,3,3500,4,1,2,,,,,,,,1100,1200,1,4,
925502,1,1,2018,5,9000,4,2,2,,,,,,,,3200,3000,2,7,
926184,1,2,2022,2,850,4,1,2,,,,,,,,800,100,3,0,1
926278,1,2,2022,7,700,4,1,2,,,,,,,,210,490,3,0,
926769,1,1,2019,4,8000,4,1,2,,,,,,,,2820,1410,1,5,
927941,1,4,2022,5,17000,4,2,1,,,,,,,,450,17000,1,4,
927946,1,1,2021,3,10000,4,1,2,,,,,,,,3600,6000,1,4,
928261,1,1,2019,8,30000,4,1,2,,,,,,,,4680,15000,1,7,
928322,1,4,2021,10,20000,4,1,2,,,,,,,,2400,16500,1,6,
928339,1,2,2022,1,500,4,1,2,,,,,,,,500,0,3,0,
928363,1,1,2021,6,25000,5,1,2,,,,,,,,4800,18800,3,4,
928394,1,1,2020,7,24000,4,1,2,,,,,,,,4800,10000,1,2,
928394,2,4,2022,2,5000,4,1,2,,,,,,,,2400,2500,1,5,
928503,1,1,2020,5,12000,4,1,2,,,,,,,,3000,7500,1,5,
930113,1,1,2022,8,16000,4,1,2,,,,,,,,1600,14400,1,6,
930413,1,1,2022,3,13000,1,,2,,,,,,,,2800,10000,1,3,
930988,1,1,2021,4,80000,1,,2,,,,,,,,23200,55000,1,5.5,
930988,2,1,2021,4,60000,1,,2,,,,,,,,16000,28000,1,5.5,
930999,1,1,2022,3,10000,4,1,2,,,,,,,,2387,7613,1,6.4,
931003,1,1,2019,6,18000,4,1,2,,,,,,,,3600,15000,3,0,
931003,2,1,2022,3,18000,4,1,2,,,,,,,,600,17400,3,0,
931003,3,5,2019,4,2500,4,1,2,,,,,,,,1680,1200,3,0,
931184,1,1,2022,8,20500,4,1,2,,,,,,,,1500,20500,1,7,
931377,1,4,2019,5,10000,4,1,2,,,,,,,,4140,3600,1,7.5,
931610,1,1,2019,7,24000,1,,2,,,,,,,,4668,18600,1,4.5,
931613,1,1,2020,3,18000,1,,2,,,,,,,,6000,6000,1,5.5,
931763,1,1,2021,5,20000,1,,2,,,,,,,,5880,11600,1,5,
931763,2,2,2022,1,1140,4,1,2,,,,,,,,500,640,3,0,
931834,1,1,2020,4,55371,1,,2,,,,,,,,10200,32421,3,5,
932306,1,2,2022,3,3000,4,1,2,,,,,,,,1800,2000,3,0.1,
932673,1,1,2021,5,7000,1,,2,,,,,,,,3600,7000,3,0.1,
932773,1,1,2022,2,20000,4,1,2,,,,,,,,6000,2000,1,0.8,
933057,1,1,2021,4,7000,1,,2,,,,,,,,5000,5000,3,1,
933123,1,4,2022,3,4000,4,1,2,,,,,,,,1600,3200,1,5,
933925,1,1,2019,4,20000,4,1,2,,,,,,,,6000,2000,2,5,
933955,1,1,2021,4,10000,1,,2,,,,,,,,2800,2800,1,5,
934063,1,1,2021,4,17000,1,,2,,,,,,,,4000,11000,1,4,
934063,2,1,2022,4,4000,1,,2,,,,,,,,8000,3000,1,4,
934563,1,1,2022,4,20000,4,1,2,,,,,,,,5000,16000,1,5,
934904,1,1,2021,3,20000,4,1,2,,,,,,,,3500,19000,2,2,
934904,2,2,2018,10,10000,4,1,2,,,,,,,,1400,5000,2,2,
935449,1,1,2022,4,16000,1,,2,,,,,,,,2430,11140,3,1.5,
935827,1,1,2022,3,6000,1,,2,,,,,,,,2400,4000,2,2,
935831,1,1,2019,4,30000,1,,2,,,,,,,,6000,3000,2,2,
936100,1,1,2020,6,9000,4,1,2,,,,,,,,2600,4500,3,0,
936792,1,1,2022,4,25000,4,1,2,,,,,,,,1500,4500,1,5,
937017,1,2,2022,2,1500,4,1,2,,,,,,,,750,750,1,0,
937156,1,1,2021,3,12000,4,1,2,,,,,,,,2400,9500,1,5,
937209,1,1,2021,5,15000,4,1,2,,,,,,,,3000,9600,2,2.4,
937371,1,1,2021,4,5000,4,1,2,,,,,,,,3000,3200,1,7,
937442,1,1,2020,3,5000,5,1,2,,,,,,,,1800,1800,1,1.5,
937470,1,1,2022,5,23358,1,,2,,,,,,,,729,22628,1,5.3,
937631,1,1,2018,5,11000,1,,2,,,,,,,,4080,5000,3,1,
937994,1,1,2016,7,20000,1,,2,,,,,,,,5000,15000,1,2,1
937994,2,2,2022,3,1500,1,,2,,,,,,,,1200,100,1,2,1
938608,1,1,2019,4,10000,1,,2,,,,,,,,2500,2500,1,1,
938993,1,1,2020,7,31000,1,,2,,,,,,,,4320,20000,1,6,
939139,1,1,2018,6,21600,5,1,2,,,,,,,,3600,3600,1,1.5,
939190,1,1,2018,5,10000,4,1,2,,,,,,,,2500,1000,1,3,
939266,1,1,2019,6,17000,4,1,2,,,,,,,,3720,11160,1,3.5,
939271,1,2,2022,8,25000,1,,2,,,,,,,,4000,24000,3,0,1
939282,1,2,2022,2,5000,1,,2,,,,,,,,2500,1000,3,2,
939305,1,1,2018,6,18000,4,1,2,,,,,,,,2000,4000,1,7,
939424,1,1,2019,7,21000,4,1,2,,,,,,,,3864,12000,1,5,
939656,1,4,2020,5,5000,4,1,2,,,,,,,,1200,3000,3,0,
939691,1,1,2020,3,3360,4,1,2,,,,,,,,3400,1680,1,4,
939718,1,1,2019,4,16000,1,,2,,,,,,,,3360,3000,1,7.8,
940038,1,1,2019,5,20000,1,,2,,,,,,,,3600,3600,3,0.5,
940241,1,3,2022,1,1080,4,1,2,,,,,,,,1080,1080,3,0,
940306,1,1,2020,3,10800,4,1,2,,,,,,,,3000,9000,3,0,
940400,1,1,2021,7,16000,1,,2,,,,,,,,1200,14000,1,5,
940433,1,2,2022,1,1800,4,1,2,,,,,,,,1100,700,3,0,
940519,1,1,2019,4,17000,4,1,2,,,,,,,,5000,2000,1,7,
940554,1,1,2021,4,13500,1,,2,,,,,,,,3600,9500,3,0,
941939,1,1,2021,3,8000,4,1,2,,,,,,,,1980,5500,2,6,
942376,1,1,2022,5,21000,4,1,2,,,,,,,,3000,16800,2,2,
943996,1,1,2020,3,15000,4,1,2,,,,,,,,5000,5000,1,5.17,
944348,1,1,2021,4,15000,1,,2,,,,,,,,4000,6000,2,4,
944395,1,2,2022,1,500,4,1,2,,,,,,,,50,450,3,0,
944692,1,1,2022,2,3000,4,1,2,,,,,,,,300,2700,1,1,
944692,2,2,2022,1,5000,4,1,2,,,,,,,,800,4600,1,0,
944710,1,1,2022,5,50000,4,1,2,,,,,,,,2000,45000,1,0,
944839,1,1,2022,2,40000,4,1,2,,,,,,,,20000,20000,1,8,
945032,1,1,2020,7,12000,4,1,2,,,,,,,,2136,9000,2,3,2
945035,1,1,2020,4,10000,4,1,2,,,,,,,,2496,2512,3,0,
945456,1,4,2022,5,40000,4,1,2,,,,,,,,8000,40000,2,2,
945490,1,1,2019,4,100000,4,1,1,,,,,,,,14000,40000,1,4,
945490,2,1,2021,2,35000,4,1,2,,,,,,,,1600,30000,1,4,
945680,1,1,2022,5,5000,1,,2,,,,,,,,70,4000,3,0,
945735,1,1,2022,10,15000,4,1,2,,,,,,,,2400,12600,1,10,
945767,1,2,2022,2,500,4,1,2,,,,,,,,350,150,3,2,
945771,1,2,2021,5,12000,4,1,2,,,,,,,,2550,8000,1,8,
945779,1,2,2021,3,3500,4,1,2,,,,,,,,1200,1300,3,1,
945796,1,1,2018,5,16000,1,,2,,,,,,,,3600,3200,1,7,
945796,2,2,2020,3,3000,4,1,2,,,,,,,,1000,1000,3,0,
945812,1,1,2019,5,22000,1,,2,,,,,,,,6000,10000,1,3.8,1
945993,1,4,2022,5,4000,4,1,1,,,,,,,,230,4000,1,7,
945993,2,4,2022,3,1500,4,1,2,,,,,,,,75,1500,1,7,
946448,1,1,2007,8,30000,5,1,2,,,,,,,,6000,20000,1,2,
946455,1,1,2022,3,10000,4,1,2,,,,,,,,1200,9000,3,0,
946581,1,1,2019,4,30000,4,1,2,,,,,,,,4800,15000,3,2,
946621,1,1,2022,3,12000,4,1,2,,,,,,,,2600,9000,1,1,
946707,1,2,2008,20,200000,4,1,2,,,,,,,,11500,64000,1,2,
946806,1,1,2021,3,12000,4,1,2,,,,,,,,4000,2500,1,2,
946989,1,1,2022,4,18000,4,1,2,,,,,,,,4000,15000,1,1,
947076,1,1,2020,4,18000,5,1,2,,,,,,,,2160,15000,1,8,
947251,1,1,2022,6,10800,4,1,2,,,,,,,,600,10000,3,3,
947721,1,1,2016,6,25000,4,1,2,,,,,,,,4300,3850,1,6,
947721,2,1,2018,5,11000,4,1,2,,,,,,,,2400,3000,1,6,
948023,1,1,2018,4,30000,4,1,2,,,,,,,,3600,15000,1,1,
948107,1,2,2021,2,939,4,1,2,,,,,,,,469,469,1,0,
948261,1,2,2022,9,800,4,2,2,,,,,,,,645,800,3,2,
948442,1,1,2022,2,9200,1,,2,,,,,,,,4600,4600,1,5,
948628,1,1,2018,6,40000,1,,2,,,,,,,,7000,20000,1,5,1
948913,1,1,2021,3,8000,4,1,2,,,,,,,,2040,6000,3,7,
948920,1,5,2017,10,30000,4,1,2,,,,,,,,4800,24000,1,2,
949105,1,1,2020,10,30000,1,,2,,,,,,,,3000,24000,1,1,
949117,1,1,2021,3,30000,1,,2,,,,,,,,8000,22000,1,3,
949132,1,4,2022,1,2500,4,1,2,,,,,,,,200,2300,3,0,
949184,1,4,2018,5,5000,4,1,2,,,,,,,,1092,182,3,1,
949280,1,1,2022,5,20000,4,1,2,,,,,,,,3040,17000,1,7.25,
949292,1,1,2017,6,15000,4,1,2,,,,,,,,1900,2000,2,2,
949318,1,1,2018,5,15000,4,1,2,,,,,,,,4500,4500,1,5,
949331,1,1,2020,5,10000,1,,2,,,,,,,,2400,7200,1,2,
949410,1,1,2021,3,10000,4,1,2,,,,,,,,3600,9000,2,2,
949493,1,1,2020,5,8000,1,,2,,,,,,,,1920,1500,1,7,
949543,1,1,2022,4,10000,4,1,2,,,,,,,,540,9500,1,4,
949756,1,1,2022,4,10000,1,,2,,,,,,,,3000,9800,1,4,
949781,1,1,2022,4,21000,1,,2,,,,,,,,280,20728,1,2,
949781,2,3,2021,2,570,1,,2,,,,,,,,228,342,1,1,
950222,1,1,2022,3,24000,4,1,2,,,,,,,,8000,12000,1,6,
951019,1,1,2021,5,10000,4,1,2,,,,,,,,2400,6200,1,6,
951019,2,2,2022,2,600,4,1,2,,,,,,,,260,380,1,6,
951236,1,1,2021,10,30000,4,1,2,,,,,,,,3000,24000,1,8,
951330,1,1,2018,5,17000,1,,2,,,,,,,,3500,6400,1,6,
951330,2,2,2021,2,3600,1,,2,,,,,,,,2200,2200,1,7,
951486,1,1,2022,8,40000,1,,2,,,,,,,,10000,20000,1,6,1
951665,1,4,2022,1,500,4,1,2,,,,,,,,500,0,3,0,
951739,1,4,2019,10,80000,4,1,2,,,,,,,,9600,57600,1,12,
951812,1,1,2021,2,15000,4,1,2,,,,,,,,3000,600,2,6,
951814,1,4,2022,3,10000,4,1,2,,,,,,,,300,9400,1,8,
951814,2,4,2022,4,10000,4,1,2,,,,,,,,600,9400,1,8,
951822,1,1,2022,4,10000,1,,2,,,,,,,,2300,7000,3,9,
951885,1,1,2021,3,12000,4,1,2,,,,,,,,1896,10140,1,6.87,
951885,2,1,2019,6,7000,4,1,1,,,,,,,,3160,3440,1,6.87,
951892,1,1,2021,4,11000,4,1,2,,,,,,,,2600,6000,1,4,
952009,1,1,2022,4,29491,1,,2,,,,,,,,373,29491,1,7.92,
952143,1,1,2021,7,30000,1,,2,,,,,,,,4200,21600,3,1,
952255,1,1,2018,5,26000,4,1,2,,,,,,,,6000,11000,1,4,
952682,1,1,2022,3,15000,1,,2,,,,,,,,500,14500,3,2,
952721,1,1,2017,10,17000,4,1,2,,,,,,,,2400,6000,1,1,
952815,1,1,2020,3,13000,4,1,2,,,,,,,,3000,2000,1,3,
953021,1,1,2021,4,4800,1,,2,,,,,,,,1400,3300,1,6.5,
953052,1,1,2022,4,5000,1,,2,,,,,,,,2500,1500,1,1,
953093,1,1,2021,3,10000,4,1,2,,,,,,,,2500,2500,1,8.8,
953286,1,1,2018,7,20000,1,,2,,,,,,,,3600,15000,1,5,
953320,1,1,2021,3,15000,1,,2,,,,,,,,6300,8000,1,5.7,
953400,1,1,2021,5,18000,4,1,2,,,,,,,,1900,8000,1,6.5,
953441,1,1,2020,3,7200,1,,2,,,,,,,,2400,2400,3,2,
953520,1,1,2020,4,15000,4,1,2,,,,,,,,4560,5000,1,5,
953628,1,1,2020,6,26000,4,1,2,,,,,,,,3792,23000,1,9,
953975,1,1,2022,4,10000,1,,2,,,,,,,,1250,8800,1,5,
954005,1,1,2020,6,15000,1,,2,,,,,,,,2500,10000,1,4,
954085,1,1,2019,5,14000,4,1,2,,,,,,,,3600,3000,1,12,
954206,1,1,2022,5,16000,4,1,2,,,,,,,,3600,8500,1,0.95,
954275,1,1,2020,3,9000,4,1,2,,,,,,,,3000,6000,1,7,
954367,1,1,2022,5,16000,1,,2,,,,,,,,4000,15000,1,9,
954433,1,1,2018,5,20000,4,1,2,,,,,,,,4000,4000,1,5,
954775,1,1,2021,5,55000,4,1,2,,,,,,,,8784,41000,2,3,
955073,1,1,2020,4,6300,1,,2,,,,,,,,1776,2200,1,5.95,
955176,1,1,2018,10,20000,4,1,3,,,,,,,,4000,10000,1,1,
955301,1,3,2019,6,50000,4,1,2,,,,,,,,10700,22000,1,6.5,
955342,1,1,2022,5,7000,4,1,2,,,,,,,,470,4000,1,5.5,
955342,2,1,2022,5,8000,4,1,2,,,,,,,,300,5000,1,5,
955544,1,1,2015,10,128000,2,,2,,,,,,,,7800,50000,1,2,
955677,1,1,2021,3,12000,4,1,2,,,,,,,,3960,6720,1,2,
956081,1,1,2019,10,10000,1,,3,,,,,,,,2400,10000,3,0,
956118,1,1,2020,3,8000,4,1,2,,,,,,,,1700,6000,1,0,
956459,1,1,2022,3,4000,4,1,2,,,,,,,,480,4000,1,7.5,
956523,1,1,2017,5,10000,4,2,2,,,,,,,,2500,2500,1,6,
956797,1,2,2021,1,2000,4,1,2,,,,,,,,2000,0,3,0,
956807,1,1,2019,5,8000,1,,2,,,,,,,,2400,4800,1,3.99,
956807,2,2,2022,2,1000,4,1,2,,,,,,,,50,952,3,1,
957492,1,1,2016,7,12800,4,1,2,,,,,,,,2400,1400,1,6,
957492,2,2,2021,4,5500,4,1,2,,,,,,,,1800,3700,1,6,
957564,1,1,2014,10,100000,2,,2,,,,,,,,7200,15000,1,1,
957579,1,1,2022,5,6000,4,1,2,,,,,,,,1000,5000,1,7,
957610,1,2,2022,3,2000,4,1,2,,,,,,,,300,1700,3,2,
957661,1,1,2021,4,13000,4,1,2,,,,,,,,3500,8700,1,3,
957714,1,1,2021,3,5000,4,1,2,,,,,,,,1600,1650,1,2,
957736,1,2,2018,5,15000,4,1,2,,,,,,,,3000,4000,1,6,
957775,1,2,2022,2,8000,4,1,2,,,,,,,,200,7600,3,2,
958081,1,2,2020,2,1800,4,1,2,,,,,,,,1000,700,1,1.5,
959022,1,1,2022,6,18700,4,1,2,,,,,,,,355,18345,1,5.8,
960434,1,1,2020,6,40000,4,1,2,,,,,,,,6798,19600,1,2,
961356,1,1,2020,5,18000,4,1,2,,,,,,,,6000,6000,1,5,
961474,1,2,2022,3,3600,4,1,2,,,,,,,,800,3200,1,7,
961600,1,1,2016,7,16000,4,1,1,,,,,,,,3500,3500,1,1,
964314,1,1,2018,5,20000,4,1,2,,,,,,,,4000,4000,1,3,
964314,2,1,2020,3,6000,4,1,2,,,,,,,,2000,2000,1,3,
964843,1,1,2021,3,20000,4,1,2,,,,,,,,3600,3600,3,0,
967761,1,4,2022,5,10000,4,1,2,,,,,,,,2400,10000,1,5,
967761,2,4,2022,9,3000,4,1,2,,,,,,,,865,2135,1,5,
968254,1,1,2022,3,10000,4,1,2,,,,,,,,4400,5600,1,3.5,
968254,2,1,2021,3,10000,4,1,2,,,,,,,,3600,7200,3,3.5,
968274,1,1,2022,4,15000,1,,2,,,,,,,,1800,13200,3,1.5,
968287,1,2,2021,3,1100,4,1,2,,,,,,,,370,540,1,0,
968939,1,1,2021,2,6000,4,1,2,,,,,,,,3000,2000,1,15,
970185,1,1,2022,3,12600,4,1,2,,,,,,,,4300,8400,1,6,
970357,1,1,2021,3,8000,1,,2,,,,,,,,2640,2640,1,5,
971315,1,1,2020,5,12000,4,1,2,,,,,,,,2400,7200,1,4,
971476,1,1,2018,7,18000,1,,2,,,,,,,,2400,7000,1,2,
971691,1,2,2022,1,3600,4,1,2,,,,,,,,2500,3600,1,9,
972921,1,2,2021,3,8000,1,,2,,,,,,,,2800,2400,1,10,
973304,1,1,2020,5,17000,4,1,2,,,,,,,,3600,10800,1,2,
974134,1,1,2021,3,10000,1,,2,,,,,,,,3744,6560,1,8,
974235,1,1,2019,5,19000,1,,2,,,,,,,,1800,11000,1,4,
974446,1,1,2019,3,10000,4,1,2,,,,,,,,4164,2000,1,6,
974622,1,1,2019,4,9000,4,1,2,,,,,,,,2400,210,1,1.3,
975482,1,5,2015,10,10000,5,2,3,,,,,,,,1080,3000,1,4,
980171,1,1,2021,4,12000,1,,2,,,,,,,,3600,7200,1,6,
980339,1,1,2021,3,9000,4,1,2,,,,,,,,3070,3000,1,3,
980448,1,1,2018,10,16000,1,,2,,,,,,,,2100,11000,1,6.2,
980448,2,4,2022,8,18000,4,1,2,,,,,,,,2856,16000,1,4.95,
980462,1,1,2016,8,11148,4,1,1,,,,,,,,2616,5000,1,14.9,
980473,1,1,2020,5,22000,1,,2,,,,,,,,4800,7000,1,6.19,
980473,2,4,2021,3,1300,1,,2,,,,,,,,380,768,3,0,
980493,1,1,2022,5,13000,4,1,2,,,,,,,,810,12200,1,6,
980664,1,1,2021,3,20000,4,1,2,,,,,,,,7000,13000,1,4.5,
980902,1,1,2019,4,7000,4,1,1,,,,,,,,180,1600,1,8,
980972,1,1,2021,4,10000,4,1,2,,,,,,,,2000,8000,1,7,
980985,1,1,2022,8,13400,4,1,2,,,,,,,,1680,12600,1,4,
980996,1,1,2019,6,11520,4,1,2,,,,,,,,1920,5760,1,0,
980998,1,1,2021,4,10000,1,,2,,,,,,,,3600,7400,1,7,
981068,1,1,2020,4,12000,1,,2,,,,,,,,2952,1000,1,7,
981235,1,1,2021,10,13000,4,1,2,,,,,,,,2160,10000,1,4,
981308,1,1,2021,3,26500,1,,2,,,,,,,,3240,17500,1,5,
981514,1,2,2022,2,3600,4,1,2,,,,,,,,170,3400,1,3,
981625,1,1,2020,3,7000,1,,2,,,,,,,,2700,1000,1,7,
981753,1,1,2016,10,14500,4,1,2,,,,,,,,3120,9360,1,5,
981825,1,4,2019,7,20000,4,2,1,,,,,,,,4320,12960,1,9,
981855,1,1,2022,3,10000,1,,2,,,,,,,,2000,8000,3,6,1
982065,1,2,2022,1,1300,4,1,2,,,,,,,,940,354,3,0,
982163,1,1,2019,4,8000,4,1,2,,,,,,,,2000,1800,1,10,
982175,1,4,2019,5,15000,4,1,2,,,,,,,,4200,10800,1,8,
982386,1,4,2021,5,10000,4,1,2,,,,,,,,2400,6000,1,3,
982771,1,4,2019,7,12000,4,2,2,,,,,,,,2050,8000,1,15,
982988,1,1,2022,7,25000,4,1,2,,,,,,,,2100,23000,1,2,
983108,1,4,2022,8,14000,4,2,2,,,,,,,,2400,10800,3,2.75,
983325,1,1,2022,4,50000,4,1,2,,,,,,,,1033,47000,2,1.99,
983489,1,4,2022,4,12000,5,1,1,,,,,,,,5400,4500,1,7,1
983605,1,1,2020,3,21000,4,1,2,,,,,,,,6600,14000,1,3.45,
983608,1,1,2022,3,5000,4,1,2,,,,,,,,909,4121,1,5.6,
983660,1,1,2019,5,12000,1,,2,,,,,,,,3100,3700,1,6.42,
984014,1,1,2021,5,40000,4,1,2,,,,,,,,8500,20000,1,3,
984067,1,4,2014,10,80000,4,1,2,,,,,,,,9000,16000,2,0.3,
984067,2,4,2012,20,250000,2,,2,,,,,,,,13200,140000,2,3.3,
984197,1,1,2021,3,35000,4,1,2,,,,,,,,10664,24336,1,9,
984375,1,1,2022,3,25000,1,,2,,,,,,,,300,24700,1,6,
984442,1,1,2022,5,16500,4,1,2,,,,,,,,540,15960,1,6.9,
984699,1,1,2020,5,14000,4,1,2,,,,,,,,2150,7000,1,8.1,
984740,1,1,2019,5,11000,1,,2,,,,,,,,2160,3300,1,10,
984770,1,1,2019,4,13000,1,,2,,,,,,,,3000,1000,3,7,1
984885,1,1,2020,5,15000,4,1,2,,,,,,,,3180,11820,1,7,
984943,1,4,2019,10,15000,4,1,1,,,,,,,,3300,4750,1,6.5,
985043,1,1,2022,3,15000,1,,2,,,,,,,,5580,10000,1,7.38,
985051,1,1,2022,5,50000,1,,2,,,,,,,,6400,43000,1,4.95,
985301,1,2,2022,2,2500,4,1,2,,,,,,,,1500,1200,1,4,
985501,1,1,2018,5,30000,4,1,2,,,,,,,,6900,7000,1,8.5,
985504,1,1,2021,4,8000,4,1,2,,,,,,,,2052,4922,3,0,
985517,1,1,2019,5,27000,4,1,2,,,,,,,,5500,5000,2,4,
985767,1,1,2020,6,23000,4,1,2,,,,,,,,2832,9000,1,8.25,
985780,1,2,2022,2,3100,4,1,2,,,,,,,,710,2390,1,8.97,
985820,1,1,2022,8,22000,4,1,2,,,,,,,,1986,20000,1,12,
985820,2,2,2022,2,1200,4,1,2,,,,,,,,594,606,1,12,
985820,3,4,2021,3,3000,4,1,2,,,,,,,,1440,1560,1,8,
985826,1,1,2022,2,13500,4,1,2,,,,,,,,4560,8440,1,8,
985826,2,2,2022,2,400,4,1,2,,,,,,,,288,112,1,8,
985963,1,1,2020,7,14000,1,,2,,,,,,,,2200,9600,3,5,
986009,1,1,2022,4,10000,4,1,2,,,,,,,,2900,7500,1,7,
986046,1,1,2022,4,22000,1,,2,,,,,,,,3360,18640,1,4.25,
986305,1,1,2019,5,10000,4,1,2,,,,,,,,2000,4000,3,8,
986688,1,1,2022,3,26000,4,1,2,,,,,,,,3000,5000,1,8,
986783,1,2,2021,1,600,4,1,2,,,,,,,,600,0,3,0,
986783,2,3,2022,1,2500,4,1,2,,,,,,,,500,2100,3,0,
986783,3,4,2022,1,1300,4,1,2,,,,,,,,1300,0,3,0,
986911,1,1,2019,4,12000,4,1,2,,,,,,,,3100,6000,1,7,
986945,1,1,2022,5,18000,4,1,2,,,,,,,,2709,15351,1,4,
987344,1,1,2020,5,19200,1,,2,,,,,,,,3840,7680,1,4.7,
987566,1,1,2020,3,18000,4,1,2,,,,,,,,6000,8000,1,8,
987944,1,1,2022,3,15000,4,1,2,,,,,,,,4000,11000,1,7.4,
988237,1,4,2020,4,5000,4,1,2,,,,,,,,1300,2600,3,2,
988742,1,1,2021,5,15000,4,1,2,,,,,,,,3200,11800,3,4,
988804,1,1,2022,3,13000,4,1,2,,,,,,,,1325,6000,1,6.5,
989018,1,2,2022,2,1400,1,,2,,,,,,,,1080,250,2,3,
989028,1,1,2021,4,8000,1,,2,,,,,,,,2400,5000,2,2,
989186,1,1,2017,10,17000,4,1,2,,,,,,,,2400,8000,1,5.5,
989864,1,1,2021,4,18000,4,1,2,,,,,,,,4200,8400,1,6,
990014,1,2,2020,3,2700,4,1,2,,,,,,,,780,780,1,5,
990020,1,1,2016,10,20000,4,1,2,,,,,,,,2112,8000,1,4,
990348,1,1,2018,5,10000,4,1,2,,,,,,,,2760,1200,1,5,
990348,2,1,2017,6,15000,4,1,2,,,,,,,,3600,2000,1,5,
990360,1,1,2021,5,8000,4,1,2,,,,,,,,2000,6000,1,3,
990443,1,1,2019,4,15000,4,1,2,,,,,,,,4300,2000,1,2,
990506,1,4,2022,2,5000,4,1,2,,,,,,,,2500,2000,3,0,
990873,1,1,2022,5,7500,5,2,2,,,,,,,,3120,6700,1,5,
991011,1,1,2022,1,2000,1,,2,,,,,,,,500,1500,1,1,
991278,1,1,2021,3,4000,1,,2,,,,,,,,4000,4000,1,5,
991278,2,1,2018,5,20000,1,,2,,,,,,,,4000,4000,1,5,
991303,1,2,2021,3,900,4,1,2,,,,,,,,624,312,1,6,
991303,2,2,2020,2,1000,1,,2,,,,,,,,1000,500,1,5,
991339,1,4,2022,1,500,5,2,2,,,,,,,,50,200,1,4,
991370,1,1,2017,5,8000,4,1,2,,,,,,,,2000,0,1,3,
991448,1,2,2022,1,1680,4,1,2,,,,,,,,500,1180,3,0,
991461,1,1,2019,5,62000,1,,2,,,,,,,,12000,26000,1,6,
991461,2,1,2022,5,21400,1,,2,,,,,,,,2360,19036,1,5.02,
991755,1,1,2019,4,10000,1,,2,,,,,,,,3000,3000,1,6,
991782,1,1,2021,3,35000,4,1,2,,,,,,,,5850,8000,1,3,
991829,1,2,2021,2,700,1,,2,,,,,,,,480,320,3,1,
991909,1,1,2022,3,18000,4,1,2,,,,,,,,127,17873,1,8.24,
991909,2,2,2021,2,199,4,1,2,,,,,,,,109,90,3,0,
991909,3,2,2022,2,640,4,1,2,,,,,,,,320,320,3,0,
991909,4,2,2022,2,335,4,1,2,,,,,,,,151,185,3,0,
991988,1,1,2020,4,12000,4,1,2,,,,,,,,3600,5400,1,1,
991988,2,2,2022,1,1910,4,1,2,,,,,,,,465,1450,1,0,
992226,1,1,2021,3,10000,1,,2,,,,,,,,2400,7600,1,1.5,
992226,2,1,2020,3,10000,1,,2,,,,,,,,3500,6500,1,1.5,
992235,1,1,2021,3,12000,1,,2,,,,,,,,4000,8000,1,1.5,
992303,1,1,2020,4,8000,1,,2,,,,,,,,2000,4000,2,2,
992529,1,5,2022,5,20000,4,1,2,,,,,,,,330,17000,1,5.13,
992569,1,1,2021,4,20000,1,,2,,,,,,,,6000,12000,2,6,
992586,1,1,2017,6,10000,1,,2,,,,,,,,2200,2200,1,5,
992932,1,1,2022,3,17000,1,,2,,,,,,,,680,16200,1,6,
992942,1,1,2015,10,58000,1,,2,,,,,,,,5000,12000,2,6,1
993513,1,1,2019,7,14000,4,1,2,,,,,,,,2000,9000,1,5,
993546,1,1,2022,10,12000,1,,2,,,,,,,,1120,12000,1,7,
993546,2,2,2022,10,30000,1,,2,,,,,,,,3120,26000,1,4,
994106,1,2,2018,5,10000,4,1,2,,,,,,,,2500,1600,1,6,
994256,1,1,2022,3,3500,1,,2,,,,,,,,2300,2000,1,8,
994310,1,1,2021,5,15000,1,,2,,,,,,,,3600,10800,2,5,
994310,2,1,2021,3,16000,1,,2,,,,,,,,7000,5000,2,4,
994549,1,1,2020,5,10000,1,,2,,,,,,,,2160,6500,1,6,
994832,1,1,2019,4,8000,4,1,2,,,,,,,,2500,1520,3,0,
994856,1,1,2021,3,9000,4,1,2,,,,,,,,3000,6000,1,7,
994909,1,1,2020,3,7200,4,1,2,,,,,,,,2400,2400,1,7,
995061,1,2,2019,5,5000,4,1,2,,,,,,,,1600,500,3,0,
995061,2,4,2018,5,3500,4,1,2,,,,,,,,700,180,1,7,
995555,1,1,2021,4,20000,4,1,2,,,,,,,,9000,4000,1,6.5,
995685,1,1,2019,5,10000,1,,2,,,,,,,,2700,2000,1,5,
995734,1,2,2022,5,3000,1,,2,,,,,,,,1440,2500,3,0,
995852,1,4,2022,4,7000,4,1,2,,,,,,,,1300,3200,2,7,
996321,1,1,2020,4,10000,4,1,2,,,,,,,,2300,7000,3,0,
997183,1,1,2020,5,12000,5,1,2,,,,,,,,3000,1000,1,8,
997588,1,1,2021,5,25000,4,1,2,,,,,,,,5300,24900,1,8,
997761,1,1,2015,10,65000,5,1,2,,,,,,,,5000,35000,1,1.8,
997801,1,1,2018,10,35000,4,1,2,,,,,,,,4000,16000,1,2,
998197,1,1,2020,5,13000,1,,2,,,,,,,,2400,8500,1,4,
998364,1,1,2018,7,12000,1,,2,,,,,,,,2016,6000,1,6,
998379,1,1,2020,3,18000,4,1,2,,,,,,,,3500,11500,3,0,
998420,1,2,2022,1,3680,4,1,2,,,,,,,,1680,1680,3,0,
998523,1,2,2021,2,4700,4,1,2,,,,,,,,2424,2222,1,2.75,
998574,1,1,2020,10,10000,1,,2,,,,,,,,2100,5800,1,4.2,
998604,1,1,2020,5,60000,1,,2,,,,,,,,15000,25000,1,3,
998604,2,1,2019,5,80000,1,,2,,,,,,,,18000,25000,2,4,
998651,1,1,2019,7,27000,1,,2,,,,,,,,5400,10800,1,5,
999049,1,2,2020,3,3400,4,1,2,,,,,,,,1300,620,1,7,
999049,2,2,2022,1,1800,4,1,2,,,,,,,,1515,300,1,7,
999433,1,4,2022,4,50000,4,1,2,,,,,,,,1100,49000,1,3.95,
999575,1,2,2022,1,3000,1,,2,,,,,,,,2000,1000,3,0,
999598,1,1,2021,6,18000,1,,2,,,,,,,,3150,15000,1,5.5,
999681,1,1,2022,5,15000,5,1,2,,,,,,,,1500,14500,3,2,1
999712,1,1,2019,5,15000,4,1,2,,,,,,,,3500,4000,1,7.7,
999748,2,1,2021,4,5100,4,1,2,,,,,,,,1300,2800,3,0,
1001405,1,1,2018,6,6000,4,2,2,,,,,,,,1100,1700,1,6,
1001413,1,1,2018,6,6000,1,,2,,,,,,,,1200,1700,1,6,
1001540,1,1,2022,4,16000,5,1,3,,,,,,,,2000,1000,1,10,
1001772,1,1,2020,5,10000,4,1,3,,,,,,,,3000,5000,1,5,
1001775,1,1,2017,8,30000,5,1,3,,,,,,,,5500,12000,1,2,
1001883,1,1,2018,5,17000,1,,2,,,,,,,,4200,9000,1,7,
1001901,1,1,2021,3,7500,1,,2,,,,,,,,3900,7500,1,4,
1001957,1,1,2021,3,8000,4,1,2,,,,,,,,3400,3400,1,2,
1002282,1,1,2021,7,8000,4,1,2,,,,,,,,1440,7000,1,4,
1002296,1,1,2016,9,30000,4,1,1,,,,,,,,4000,12000,2,7.5,
1002417,1,1,2014,10,20000,1,,1,,,,,,,,6000,5000,1,3,1
1002442,1,1,2020,5,8000,4,1,2,,,,,,,,2000,4000,1,4,
1002554,1,1,2017,5,22000,4,1,2,,,,,,,,4200,4000,3,1,
1002759,1,1,2015,10,11000,4,1,2,,,,,,,,2000,1000,3,0,
1002813,1,1,2020,7,10000,1,,2,,,,,,,,1800,6000,1,8,
1002988,1,1,2021,3,17000,4,1,2,,,,,,,,3000,14000,1,5,
1003165,1,1,2019,5,18000,1,,2,,,,,,,,4000,7000,1,3,
1004013,1,4,2021,10,30000,4,2,2,,,,,,,,3000,24000,1,12,
1004136,1,1,2021,5,22000,4,1,2,,,,,,,,3900,15000,1,6,
1004136,2,1,2021,3,5000,4,1,2,,,,,,,,1800,1800,1,7,
1004579,1,1,2020,6,12000,4,1,1,,,,,,,,3120,12000,1,4,
1004579,2,2,2021,1,1200,4,1,2,,,,,,,,1200,0,1,4,
1004579,3,4,2022,2,1100,4,1,2,,,,,,,,550,1100,1,4,
1004595,1,1,2022,5,24000,4,1,2,,,,,,,,2200,20000,1,3.2,
1004629,1,1,2020,6,6000,4,1,2,,,,,,,,1200,3000,1,3.5,
1004684,1,1,2019,6,11000,4,1,2,,,,,,,,2000,2000,3,5,
1004781,1,2,2022,3,2200,4,1,2,,,,,,,,180,2100,1,9,
1004781,2,4,2013,10,35000,4,2,2,,,,,,,,3960,600,1,3,
1004781,3,4,2017,8,14000,4,1,2,,,,,,,,2400,7500,1,5,
1004861,1,1,2020,10,25000,4,1,2,,,,,,,,2600,18000,1,5,
1004889,1,1,2021,6,12000,4,1,2,,,,,,,,2000,10000,1,6.5,
1004992,1,1,2022,5,30000,4,1,2,,,,,,,,6000,24000,1,6,
1004992,2,4,2017,5,15000,4,1,2,,,,,,,,3300,1500,1,5,
1005016,1,1,2018,7,15000,1,,2,,,,,,,,2400,5000,1,5,
1005087,1,1,2020,3,7000,4,1,2,,,,,,,,3600,500,1,6,1
1005168,1,1,2022,3,20000,4,1,2,,,,,,,,600,19600,1,7.98,1
1005285,1,1,2019,4,15000,4,1,2,,,,,,,,4800,5000,1,4,
1005671,1,2,2022,1,1200,4,1,2,,,,,,,,800,400,3,2,
1005688,1,1,2019,5,13000,4,1,2,,,,,,,,1700,2000,1,5,
1005817,1,1,2022,2,5000,4,1,2,,,,,,,,480,4500,3,0,
1005850,1,1,2019,4,18000,4,1,2,,,,,,,,5760,1150,3,0,
1005859,1,4,2022,5,7000,4,1,2,,,,,,,,1920,3080,1,6,1
1005897,1,1,2022,3,14000,1,,2,,,,,,,,3900,10000,1,5.5,
1005897,2,1,2022,3,35000,1,,2,,,,,,,,2340,30000,1,5.5,
1006110,1,4,2022,2,500,1,,2,,,,,,,,180,320,1,0,
1006383,1,4,2019,4,6000,4,1,2,,,,,,,,142,700,1,10,
1006438,1,1,2020,4,8000,4,1,2,,,,,,,,4000,4000,1,2,
1006639,1,1,2019,4,20000,1,,2,,,,,,,,4164,11000,1,5.88,
1006666,1,1,2019,4,12480,4,1,2,,,,,,,,3120,6000,1,0,
1006683,1,1,2021,3,30000,4,1,2,,,,,,,,5000,20000,1,3,
1006948,1,1,2021,3,12600,1,,2,,,,,,,,4200,4200,1,8,
1006948,2,1,2020,3,9400,1,,2,,,,,,,,3150,790,1,8,
1006973,1,4,2018,10,80000,4,1,2,,,,,,,,11760,45000,2,0.7,
1006973,2,4,2018,10,80000,4,1,2,,,,,,,,11760,45000,2,0.7,
1007171,1,1,2021,5,20000,1,,2,,,,,,,,4000,16000,3,1,
1007171,2,2,2022,3,1800,1,,2,,,,,,,,600,1200,3,1,
1007270,1,1,2017,7,18500,1,,1,,,,,,,,3000,5500,1,6,
1007506,1,4,2022,12,2500,4,1,1,,,,,,,,210,2290,3,0,1
1007940,1,1,2021,9,29000,4,1,2,,,,,,,,3600,24000,1,8,
1007977,1,1,2022,5,19000,4,1,2,,,,,,,,1800,18000,3,0,
1008011,1,2,2020,4,2500,4,1,2,,,,,,,,750,1300,1,8,
1008011,2,4,2022,1,1000,4,1,2,,,,,,,,800,200,3,0,
1008334,1,1,2022,3,17000,1,,2,,,,,,,,1600,15400,1,0,
1008597,1,1,2019,3,6000,4,1,2,,,,,,,,2000,170,3,0,
1008597,2,2,2022,2,8000,4,1,2,,,,,,,,4800,3200,3,0,
1008617,1,1,2022,5,10000,4,1,2,,,,,,,,2000,9200,1,7,
1008752,1,2,2021,5,6000,4,1,2,,,,,,,,1200,4500,3,0,
1008867,1,1,2018,5,7000,1,,2,,,,,,,,2378,1200,2,8.7,
1009107,1,1,2019,5,16000,5,1,2,,,,,,,,3300,6000,1,3,
1009301,1,1,2019,7,14000,4,1,2,,,,,,,,2700,11000,1,9,
1009988,1,1,2021,3,7000,1,,2,,,,,,,,3000,1000,1,6,
1010035,1,1,2019,5,11000,4,1,2,,,,,,,,2400,5600,1,4,
1010198,1,2,2022,1,1440,4,1,2,,,,,,,,122,1318,1,3,
1012273,1,2,2019,4,10500,4,1,2,,,,,,,,2880,2675,1,4.6,
1012602,1,1,2019,10,12000,4,1,2,,,,,,,,1800,7200,1,2,
1012602,2,4,2022,5,5000,4,1,2,,,,,,,,1000,4000,1,2,
1012943,1,1,2022,3,2000,4,1,2,,,,,,,,720,1300,1,1.7,
1013483,1,1,2021,6,13000,4,1,2,,,,,,,,3200,9000,1,4,
1013525,1,1,2020,7,13000,4,1,2,,,,,,,,2280,8000,1,4,1
1014749,1,1,2019,5,10000,1,,2,,,,,,,,1920,6000,1,3,
1014794,1,2,2022,1,1200,5,1,2,,,,,,,,750,750,1,2,
1014810,1,1,2019,6,24000,1,,2,,,,,,,,3000,15000,1,3,
1014810,2,4,2020,4,6000,4,1,2,,,,,,,,2000,1800,1,3,
1015541,1,2,2020,2,2000,1,,2,,,,,,,,1000,0,1,3,
1015841,1,1,2021,2,6000,4,1,2,,,,,,,,2500,3000,3,5.6,
1016109,1,2,2014,10,5000,4,1,1,,,,,,,,1200,2000,1,3,
1016147,1,3,2018,5,10000,4,1,2,,,,,,,,3200,3000,1,4,
1016147,2,4,2014,10,40000,4,1,2,,,,,,,,4800,9500,1,4,
1016147,3,4,2018,5,10000,4,1,2,,,,,,,,3000,3200,1,5,
1016294,1,3,2017,10,70000,4,1,2,,,,,,,,7200,34000,2,0.7,
1016376,1,2,2022,2,8000,4,1,2,,,,,,,,1000,7000,3,0,
1016383,1,1,2018,5,12000,4,1,2,,,,,,,,2900,3000,2,8,
1016383,2,1,2022,5,10000,4,1,2,,,,,,,,1700,8300,2,8,
1016439,1,1,2021,3,8800,4,1,2,,,,,,,,2880,3000,3,1,
1016443,1,2,2021,2,600,4,1,2,,,,,,,,360,360,3,0,
1016449,1,2,2022,2,2000,4,1,2,,,,,,,,1000,1000,3,0,
1016753,1,4,2021,3,15000,4,1,1,,,,,,,,6000,11000,1,12,
1016861,1,1,2019,4,34000,1,,2,,,,,,,,8500,4900,1,6,
1016863,1,1,2021,3,8500,4,1,2,,,,,,,,3120,5500,1,6,
1017020,1,1,2022,3,8000,4,1,3,,,,,,,,1250,6750,3,6,
1017020,2,2,2022,1,1100,4,1,2,,,,,,,,1100,1100,3,6,
1017328,1,1,2020,4,10000,1,,2,,,,,,,,3300,5000,1,7,
1017328,2,4,2018,7,25000,1,,2,,,,,,,,5700,13000,1,8,
1017408,1,1,2020,3,12000,4,1,2,,,,,,,,5000,2000,1,3,
1017408,2,1,2021,3,8000,4,1,2,,,,,,,,3000,5000,1,4,
1017447,1,1,2019,4,10000,4,1,2,,,,,,,,2250,0,1,2,
1017494,1,1,2019,4,18000,4,1,2,,,,,,,,5160,6000,2,8,
1017529,1,1,2022,3,8000,4,1,2,,,,,,,,2940,5000,1,3,1
1017775,1,1,2019,5,9000,4,1,2,,,,,,,,2660,5000,1,2,
1017789,1,4,2022,5,20000,4,1,2,,,,,,,,2688,20000,1,2,
1017884,1,1,2021,4,9000,4,1,2,,,,,,,,2400,6600,3,2,
1017996,1,1,2022,4,2500,4,1,2,,,,,,,,210,2300,1,6,
1018013,1,1,2021,5,10000,5,2,3,,,,,,,,3500,10500,1,4,
1018103,1,1,2018,7,22500,4,1,2,,,,,,,,4200,12000,1,4,
1018135,1,1,2019,7,27000,5,1,2,,,,,,,,4020,16000,1,4,
1018238,1,1,2015,8,24000,1,,2,,,,,,,,5580,5000,1,4,
1018242,1,1,2022,2,9000,1,,2,,,,,,,,2000,7000,3,0,
1018364,1,1,2020,2,5000,4,1,2,,,,,,,,2500,1000,1,3,
1018364,2,2,2021,1,900,4,1,2,,,,,,,,1000,0,1,3,
1018564,1,1,2021,4,8000,4,1,2,,,,,,,,2300,6000,1,8,
1018615,1,2,2021,3,3500,4,1,2,,,,,,,,1200,2400,1,2,
1018647,1,2,2022,1,10000,4,1,2,,,,,,,,2000,8000,3,0,
1019813,1,2,2021,2,1800,4,1,1,,,,,,,,1100,220,1,9,
1021125,1,1,2021,3,9000,4,1,2,,,,,,,,2832,4480,1,4,
1021219,1,4,2020,5,10000,4,2,2,,,,,,,,2400,7000,1,3,
1021361,1,2,2020,6,6000,4,1,2,,,,,,,,1320,3000,1,7.5,
1021974,1,1,2021,1,6000,1,,3,,,,,,,,6700,0,1,8,
1022137,1,1,2020,3,37000,4,1,2,,,,,,,,6000,22500,1,2,
1022159,1,2,2020,3,1200,4,1,2,,,,,,,,540,540,1,4,
1022159,2,2,2021,3,6200,4,1,2,,,,,,,,2088,4176,1,0,
1022220,1,4,2017,10,25000,4,2,1,,,,,,,,2748,13000,1,5,
1022220,2,4,2022,3,2500,4,1,2,,,,,,,,420,2000,1,5,
1022301,1,4,2019,10,14700,4,1,2,,,,,,,,1470,10290,1,8.83,
1022301,2,4,2018,6,10000,4,1,1,,,,,,,,2616,5000,1,7,
1022303,1,4,2019,5,10600,4,1,2,,,,,,,,2424,3500,1,5,
1022328,1,4,2020,7,12180,4,1,2,,,,,,,,1740,7540,1,6,1
1022369,1,4,2022,7,20000,4,2,2,,,,,,,,1200,19800,1,7,
1022376,1,4,2021,4,10000,4,1,2,,,,,,,,3000,7000,1,6,
1022389,1,1,2018,6,25000,4,2,2,,,,,,,,3600,7200,1,4,
1022644,1,1,2022,4,17000,4,1,2,,,,,,,,4260,12780,1,5,
1022718,1,1,2018,8,30000,4,1,1,,,,,,,,4800,10000,1,5,
1022750,1,1,2020,4,15000,1,,2,,,,,,,,4080,8000,1,6,
1022934,1,1,2019,5,10000,1,,2,,,,,,,,2664,4500,1,5,
1022974,1,4,2022,5,10000,2,,2,,,,,,,,3000,6000,2,5.8,
1023047,1,4,2019,10,10000,4,1,2,,,,,,,,1800,7000,2,3,
1023060,1,1,2020,5,10000,1,,2,,,,,,,,2760,7000,1,4,1
1023302,1,1,2022,5,15000,1,,2,,,,,,,,2650,12000,1,7,
1023302,2,4,2022,2,15000,4,1,2,,,,,,,,2460,15000,1,7,
1023317,1,1,2019,5,20000,5,1,2,,,,,,,,4900,4910,1,5,
1023369,1,1,2021,4,8500,5,1,2,,,,,,,,2460,6500,1,6,
1023369,2,4,2019,10,10000,5,1,2,,,,,,,,5000,3000,1,9,
1023406,1,1,2021,4,30000,4,1,2,,,,,,,,8200,21000,1,3,
1023456,1,1,2021,5,20000,4,1,2,,,,,,,,4200,15000,1,2.5,
1023548,1,1,2021,5,20000,4,1,2,,,,,,,,4000,14000,1,2,
1024088,1,2,2019,5,11700,1,,2,,,,,,,,2352,5292,1,5,
1024566,1,1,2020,3,11700,1,,2,,,,,,,,3600,3600,1,7,
1024570,1,1,2019,5,10000,1,,2,,,,,,,,2460,2400,1,5,1
1024582,1,1,2020,10,16000,1,,2,,,,,,,,3600,8000,1,3.5,1
1024583,1,2,2020,3,5000,4,1,2,,,,,,,,1200,2800,1,10,
1024635,1,2,2022,2,500,4,1,2,,,,,,,,250,200,3,0,
1024635,2,2,2022,1,500,4,1,2,,,,,,,,150,500,3,0,
1024635,3,3,2022,1,500,4,1,2,,,,,,,,250,250,3,0,
1024635,4,3,2022,1,500,4,1,2,,,,,,,,250,0,3,0,
1024707,1,2,2022,3,3200,4,1,2,,,,,,,,400,2800,1,4,
1024731,1,2,2020,3,1200,4,1,2,,,,,,,,420,380,3,1,
1024773,1,2,2021,5,10000,4,1,2,,,,,,,,2100,6000,1,2,
1025400,1,1,2019,5,15000,5,1,2,,,,,,,,3000,4000,1,12,
1025408,1,1,2021,4,12000,5,1,3,,,,,,,,3600,6000,1,2,
1025664,1,1,2019,5,10000,4,2,2,,,,,,,,3250,3250,1,6,
1026808,1,2,2018,7,20000,4,1,2,,,,,,,,2500,20000,1,3,
1026894,1,1,2021,4,10000,4,1,2,,,,,,,,2640,3000,1,8,
1026897,1,1,2022,4,24000,4,2,2,,,,,,,,7000,17000,1,4,
1026946,1,1,2019,5,25000,4,1,2,,,,,,,,4200,10000,1,2,
1026946,2,3,2022,12,3000,4,1,2,,,,,,,,1800,1200,3,0,
1027239,1,1,2017,5,10000,4,1,2,,,,,,,,3000,1000,1,2,
1027306,1,1,2018,5,18000,4,1,2,,,,,,,,3000,2500,1,7,
1027488,1,2,2021,5,10000,4,2,2,,,,,,,,2500,1000,3,2,
1027669,1,2,2016,6,3000,4,1,2,,,,,,,,700,500,1,2,
1028071,1,1,2022,7,10000,4,1,2,,,,,,,,2724,7800,1,3,
1028676,1,1,2019,5,20000,1,,2,,,,,,,,4200,8000,1,7,
1028678,1,1,2020,5,32000,1,,2,,,,,,,,6500,18000,1,4,
1028837,1,2,2020,3,1500,4,2,2,,,,,,,,500,500,1,1.2,
1029751,1,4,2020,10,23000,4,2,2,,,,,,,,3600,15500,1,8,
1029791,1,4,2019,5,20000,4,1,2,,,,,,,,4700,10000,1,6,
1029792,1,2,2022,1,500,1,,2,,,,,,,,150,300,3,1,
1029827,1,4,2014,10,30000,4,1,2,,,,,,,,4200,9000,1,5.46,
1030209,1,2,2022,2,1400,4,1,2,,,,,,,,900,840,3,0,
1030293,1,4,2021,10,40000,4,2,2,,,,,,,,7000,35000,1,0,
1030690,1,4,2022,10,8000,4,2,2,,,,,,,,122,8000,1,8,
1030700,1,1,2020,3,26000,4,1,2,,,,,,,,5000,17000,1,4,
1030756,1,1,2022,3,11000,4,1,2,,,,,,,,1000,10000,1,7,
1030807,1,4,2022,1,630,4,1,2,,,,,,,,378,252,3,0,
1030818,1,1,2021,5,13000,4,1,2,,,,,,,,3000,9000,1,7,
1030818,2,2,2021,1,1500,4,1,2,,,,,,,,900,200,1,0,
1030822,1,2,2022,10,35000,4,1,2,,,,,,,,2250,35000,1,14,
1030830,1,4,2012,20,10000,4,1,2,,,,,,,,1000,10000,1,10,
1030830,2,4,2012,10,5000,4,1,2,,,,,,,,500,5000,1,8,
1030892,1,1,2021,4,13000,4,1,2,,,,,,,,4000,4000,1,6,
1031001,1,4,2017,10,20000,4,1,1,,,,,,,,2160,1440,1,7,
1031001,2,4,2019,12,7000,4,1,2,,,,,,,,3060,7000,1,7,
1031001,3,4,2022,2,2000,4,1,2,,,,,,,,660,1340,1,7,
1031005,1,1,2021,2,4400,1,,2,,,,,,,,2160,1260,1,0,
1031016,1,1,2022,5,12000,4,1,2,,,,,,,,1275,10800,1,7,
1031016,2,2,2021,3,3600,4,1,2,,,,,,,,900,2807,1,4,
1031024,1,1,2019,4,12000,4,1,2,,,,,,,,3000,600,1,3.65,
1031024,2,1,2022,3,12000,1,,2,,,,,,,,2700,9500,1,5.6,
1031122,2,2,2021,1,1000,4,1,2,,,,,,,,500,0,3,0,
1031122,3,2,2022,1,500,4,1,2,,,,,,,,500,0,3,0,
1031241,1,1,2021,3,10000,4,1,2,,,,,,,,4000,6000,1,2,
1031241,2,2,2018,2,2000,4,1,2,,,,,,,,1800,2000,1,2,
1031282,1,1,2022,4,8000,1,,2,,,,,,,,1380,6620,1,7.8,
1031359,1,2,2022,2,900,4,1,2,,,,,,,,125,775,3,0,
1031364,1,2,2019,3,2000,4,1,1,,,,,,,,1344,2000,1,7,
1031477,1,2,2022,5,3500,4,1,2,,,,,,,,939,3000,1,5,
1031477,2,4,2022,7,3000,4,1,2,,,,,,,,530,2528,1,5,
1031543,1,2,2022,2,800,1,,2,,,,,,,,400,400,3,0,
1031695,1,2,2020,4,1200,4,1,2,,,,,,,,432,324,3,2,1
1032179,1,1,2022,3,21000,4,1,2,,,,,,,,2400,18600,3,1,
1032365,1,4,2020,5,10000,4,2,2,,,,,,,,2600,8000,1,5,
1032365,2,4,2021,5,8000,4,1,2,,,,,,,,1800,6200,1,6,
1032430,1,4,2020,5,15000,5,1,2,,,,,,,,3600,10000,1,3.5,
1032437,1,4,2022,8,10000,4,1,2,,,,,,,,1600,8200,1,5,
1032460,1,4,2021,10,40000,4,1,2,,,,,,,,4800,38000,1,6,
1032523,1,4,2015,10,15000,4,2,1,,,,,,,,1800,5000,1,6,
1032523,2,4,2020,5,10000,4,1,1,,,,,,,,2500,7000,1,8,
1033418,1,1,2022,3,10000,4,1,2,,,,,,,,3370,8762,1,5,
1033431,1,4,2014,10,15000,4,1,2,,,,,,,,1800,3600,2,5,
1033612,1,1,2022,5,15000,4,1,2,,,,,,,,1500,12000,1,7,
1033625,1,1,2022,5,9000,1,,2,,,,,,,,2208,8832,2,6,
1034008,1,1,2021,4,21000,4,1,2,,,,,,,,3900,10500,1,3,
1034008,2,2,2022,1,1500,4,1,2,,,,,,,,1000,900,1,0,
1034008,3,2,2022,1,500,4,1,2,,,,,,,,300,200,3,0,
1034008,4,2,2022,1,120,5,1,3,,,,,,,,50,100,3,0,
1034082,1,1,2019,5,15000,1,,2,,,,,,,,3000,5000,1,6,
1034311,1,2,2020,5,10000,4,1,2,,,,,,,,2100,4500,1,7,
1034358,1,4,2015,10,19000,4,1,2,,,,,,,,2448,7334,2,4,
1034574,1,1,2022,4,27000,1,,2,,,,,,,,2800,15000,1,2,
1034631,1,1,2022,10,17000,4,1,2,,,,,,,,1260,15740,1,6,
1034966,1,1,2022,3,12000,1,,2,,,,,,,,4000,8000,3,1,
1034979,1,1,2021,5,10000,1,,2,,,,,,,,2000,8000,3,1,
1035125,1,2,2020,10,50000,4,1,1,,,,,,,,6000,48000,1,1.5,
1035138,1,1,2019,4,12000,4,1,2,,,,,,,,3600,7200,1,5,
1035371,1,2,2021,10,30000,4,1,2,,,,,,,,3120,24960,1,7,
1035481,1,4,2019,5,7000,4,1,2,,,,,,,,1800,3600,1,6,
1035529,1,4,2020,5,12000,4,1,2,,,,,,,,4800,3000,1,2,
1035614,1,1,2022,8,13400,1,,2,,,,,,,,1800,1680,3,1,
1035738,1,1,2021,7,27000,1,,2,,,,,,,,3450,17200,1,4,
1035846,1,1,2020,10,12000,4,1,2,,,,,,,,1200,9600,3,1,
1035846,2,4,2019,10,15000,4,1,2,,,,,,,,1500,9000,3,1,
1036046,1,1,2021,3,16000,4,1,2,,,,,,,,1800,14700,1,1,
1036115,1,1,2021,2,5000,4,1,1,,,,,,,,2280,2000,1,1,
1036209,1,2,2020,4,5000,4,1,2,,,,,,,,1400,1500,1,8,
1036410,1,1,2022,4,15000,4,1,2,,,,,,,,3600,11400,1,5.85,
1036979,1,1,2022,5,17000,4,1,2,,,,,,,,1650,15000,3,0,
1036996,1,2,2019,6,6900,4,1,2,,,,,,,,1020,3000,1,2,
1037020,1,1,2022,3,13000,4,1,2,,,,,,,,800,12500,1,1,
1037943,1,1,2019,7,18000,1,,2,,,,,,,,3000,9000,1,3,
1037943,2,2,2022,3,5000,1,,2,,,,,,,,1740,4500,3,0,
1038281,1,2,2019,5,5000,4,1,2,,,,,,,,1200,3000,1,6,
1038527,1,4,2019,5,10000,5,1,2,,,,,,,,2400,5000,1,6,
1038664,1,2,2020,5,10000,1,,2,,,,,,,,3840,4000,1,7.5,
1038688,1,4,2022,5,8000,4,1,2,,,,,,,,410,7500,1,7,
1038866,1,1,2019,6,33000,4,1,1,,,,,,,,8100,14859,1,2,
1038961,1,4,2021,5,10000,4,2,2,,,,,,,,2160,5000,1,7,
1039102,1,1,2022,5,13000,4,1,2,,,,,,,,3300,10000,1,8,
1039122,1,2,2021,2,3600,4,1,2,,,,,,,,1800,700,1,3,
1039282,1,1,2019,5,7000,4,1,2,,,,,,,,1740,2380,1,5,
1039474,1,1,2022,4,9000,2,,2,,,,,,,,1700,1500,1,8,
1039789,1,1,2021,5,20000,4,1,2,,,,,,,,4200,14000,1,6,
1039837,1,4,2022,3,14000,4,1,2,,,,,,,,5400,11000,1,7,
1039895,1,4,2020,4,8000,4,1,2,,,,,,,,2300,4600,1,4,
1039925,1,2,2019,7,16000,4,1,2,,,,,,,,2760,11000,1,7,
1040451,1,2,2019,10,5000,4,1,2,,,,,,,,960,2200,1,5.9,
1040451,2,4,2021,10,5000,4,1,2,,,,,,,,960,3200,1,6,
1040455,1,4,2021,1,1400,4,1,2,,,,,,,,1400,0,1,7.3,
1040475,1,4,2022,10,20000,4,1,2,,,,,,,,2600,19000,3,0,
1040554,1,1,2020,3,6800,4,1,2,,,,,,,,2400,2400,1,5,
1040830,1,1,2020,8,20000,4,1,2,,,,,,,,3000,16000,1,9,
1040979,1,1,2021,5,17000,4,1,2,,,,,,,,4000,13000,1,8,
1041065,1,4,2016,10,10000,4,1,2,,,,,,,,1000,4000,1,2,
1041065,2,5,2019,10,5000,4,1,2,,,,,,,,600,2500,1,2,
1041065,3,5,2020,10,5000,4,1,2,,,,,,,,500,3500,1,2,
1041958,1,2,2022,2,1800,4,1,2,,,,,,,,1200,500,3,6,
1042897,1,1,2021,6,20000,1,,2,,,,,,,,3600,3600,3,0,
1043670,1,2,2022,3,4000,5,1,2,,,,,,,,1500,3000,1,2,
1043799,1,1,2020,4,20000,1,,2,,,,,,,,6000,12000,1,6.4,
1043905,1,1,2020,4,8000,4,1,2,,,,,,,,2040,2210,1,3,
1045607,1,1,2022,3,11000,4,1,2,,,,,,,,3000,9000,3,0,
1045946,1,2,2022,1,700,4,1,2,,,,,,,,70,0,3,0,
1046130,1,1,2022,3,15000,4,1,2,,,,,,,,650,14500,1,8.1,
1046819,1,1,2021,4,12000,1,,2,,,,,,,,3500,7000,2,9,
1047289,1,1,2020,10,20000,1,,2,,,,,,,,2500,18000,2,6,
1047671,1,1,2018,5,8000,1,,2,,,,,,,,2400,800,2,6,
1050466,1,1,2020,4,7000,4,1,2,,,,,,,,1800,1800,1,8.14,
1050806,1,1,2017,9,14000,4,2,2,,,,,,,,1800,5000,1,8.5,
1051901,1,2,2022,1,600,4,1,2,,,,,,,,350,250,3,0,
1052125,1,1,2017,7,17000,4,1,2,,,,,,,,2470,3000,1,2.25,
1052961,1,1,2021,5,14000,4,1,2,,,,,,,,2800,11600,1,3.5,
1052961,2,1,2018,6,10000,4,1,2,,,,,,,,1962,4600,1,4.2,
1053320,1,1,2022,5,5000,4,1,2,,,,,,,,224,4900,1,7.8,
1053334,1,4,2022,5,6000,5,2,2,,,,,,,,725,5000,1,8,
1053381,1,1,2020,10,50000,1,,2,,,,,,,,5500,33000,1,4,
1053415,1,2,2022,1,390,4,1,2,,,,,,,,210,210,1,2.5,
1053430,1,1,2020,3,6500,4,1,2,,,,,,,,2400,400,1,2.5,
1053455,1,1,2017,6,13000,4,1,2,,,,,,,,2076,1380,1,4,
1053654,1,4,2012,15,50000,4,1,2,,,,,,,,6000,10000,2,10,
1056076,1,1,2019,5,13500,4,1,2,,,,,,,,3240,6000,1,7,
1056352,1,1,2020,4,10000,4,1,2,,,,,,,,3200,6000,1,3,
1056383,1,1,2021,5,12000,4,1,2,,,,,,,,3000,11000,1,5,
1056406,1,4,2022,3,10000,4,1,2,,,,,,,,3400,6800,3,0,
1056408,1,1,2021,4,7000,4,1,2,,,,,,,,2500,6500,1,3,
1056430,1,4,2022,4,10000,4,1,2,,,,,,,,2700,9700,1,4,
1057206,1,1,2021,3,15000,1,,2,,,,,,,,5000,5000,3,1.5,
1058545,1,1,2021,5,15000,4,1,2,,,,,,,,3000,11000,1,8,
1058551,1,1,2019,7,12000,4,1,2,,,,,,,,2400,9600,1,6,
1058715,1,2,2020,4,4000,4,1,2,,,,,,,,900,2000,1,7,
1059269,1,1,2021,7,21000,4,1,2,,,,,,,,3000,18000,1,8,
1060021,1,2,2022,1,450,4,1,2,,,,,,,,400,50,3,0,
1060092,1,1,2021,4,25000,4,1,2,,,,,,,,5400,19600,1,4,
1060296,1,1,2016,6,12000,4,1,2,,,,,,,,3600,200,1,4,
1060984,1,1,2022,10,13000,5,1,3,,,,,,,,1500,11000,1,2,
1060986,1,1,2022,5,10000,5,2,3,,,,,,,,4500,5500,1,8,
1061021,1,2,2020,5,15000,4,1,2,,,,,,,,4200,10800,2,5.5,
1061032,1,1,2019,4,9000,4,1,2,,,,,,,,2700,2600,1,2,
1061831,1,1,2022,10,22000,1,,2,,,,,,,,2400,18000,1,6,
1062117,1,2,2022,2,1500,1,,1,,,,,,,,1000,500,1,5,
1062230,1,1,2020,5,6000,4,1,2,,,,,,,,1800,3000,1,7,
1062990,1,4,2022,2,5000,1,,2,,,,,,,,2800,2600,1,6,
1063498,1,1,2020,4,12000,4,1,2,,,,,,,,3000,6000,1,7,
1063504,1,1,2022,1,8000,4,1,2,,,,,,,,7200,800,1,5,
1063586,1,4,2018,10,30000,4,2,2,,,,,,,,3156,20000,1,3.75,
1063622,1,1,2016,8,30000,4,2,2,,,,,,,,4800,10000,1,2,
1063646,1,1,2021,5,7000,4,1,2,,,,,,,,2040,6000,1,3.6,
1063646,2,1,2022,4,5000,4,1,2,,,,,,,,1560,5000,1,3.6,
1063657,1,4,2019,10,63000,2,,2,,,,,,,,6963,40000,1,2,
1063657,2,4,2022,6,15000,4,1,2,,,,,,,,2820,12000,1,6,
1063657,3,5,2019,10,29000,4,2,2,,,,,,,,3720,17840,1,5.2,
1063666,1,1,2022,5,18646,4,1,2,,,,,,,,2624,11976,1,4,
1063669,1,2,2021,2,5500,4,1,2,,,,,,,,2748,2752,1,0,
1063672,1,4,2021,5,18000,4,1,2,,,,,,,,4740,12000,1,8,
1063833,1,1,2021,3,15000,4,1,2,,,,,,,,5000,10000,1,8,
1063849,1,4,2021,5,7000,1,,2,,,,,,,,1920,6000,1,8,
1063864,1,1,2020,3,10000,1,,2,,,,,,,,3600,2700,1,2.5,
1064596,1,1,2021,8,28000,4,1,2,,,,,,,,3600,18000,1,5,
1064606,1,2,2022,1,250,4,1,2,,,,,,,,200,50,3,0,
1064620,1,4,2022,3,600,4,1,2,,,,,,,,100,500,1,8,
1064625,1,1,2022,5,21000,1,,2,,,,,,,,3000,18000,1,10,
1064626,1,2,2021,3,600,4,1,2,,,,,,,,200,200,3,0,
1064662,1,4,2021,3,3000,4,1,2,,,,,,,,1000,1400,1,7,
1064681,1,1,2020,5,21000,4,2,2,,,,,,,,4200,8400,1,5,
1064683,1,2,2022,3,1400,4,1,3,,,,,,,,82,800,1,2,
1065479,1,2,2022,2,2100,4,1,2,,,,,,,,1200,1200,3,4,
1065992,1,1,2020,5,8000,4,1,2,,,,,,,,2232,5000,1,7,
1066167,1,2,2022,1,2500,4,1,2,,,,,,,,1500,1000,1,2,1
1066249,1,1,2022,5,25000,4,1,2,,,,,,,,6000,19000,3,3,
1066550,1,1,2022,5,10000,4,1,2,,,,,,,,700,9300,1,3,
1067975,1,2,2022,2,1000,4,1,2,,,,,,,,500,500,3,0,
1068722,1,1,2022,4,14000,1,,2,,,,,,,,2500,11500,1,8,
1068815,1,1,2022,3,12000,4,1,2,,,,,,,,4800,8200,1,7,
1070332,1,1,2022,5,10000,4,1,2,,,,,,,,600,9800,1,9,
1071066,1,2,2020,5,80000,1,,2,,,,,,,,15600,48800,3,1,
1071226,1,1,2022,7,13600,4,1,2,,,,,,,,1600,12000,1,2,
1071963,1,2,2021,5,6000,4,1,2,,,,,,,,1800,4000,3,2,
1072814,1,1,2020,5,27000,4,1,2,,,,,,,,4100,17000,1,2,
1072828,1,4,2021,3,2500,4,1,2,,,,,,,,800,1500,1,9,
1072857,1,2,2022,3,7000,4,1,2,,,,,,,,2500,4000,1,8,
1072925,1,1,2018,7,21000,4,1,2,,,,,,,,3000,9000,1,6,
1072959,1,1,2022,5,30000,4,1,2,,,,,,,,4800,20000,1,8,1
