NQUEST,NORDEB1,DEBM1,ANMUTUOI1,MUTUODUI1,MUTUOINI1,DEBGAR1,DEBPERS1,DEBRF1,DEBREFMOT1_1,DEBREFMOT1_2,DEBREFMOT1_2C,DEBMOD1_1,DEBMOD1_2,DEBMOD1_8C,ANRIFIN1,MUTUOFIN1,TIPOTAX1,RATACON1,TAXFIS1,TAXVAR1,SOSPENS1,SOSPEORA1,RIPPAG1,RIPPAGQUA1,TMUTUOAB1,TDEBITA1,DEBCOR
31695,1,2,2013,15,30000,3,1,1,,,,,,,,5,1,,2,,2,,,,5400,20000,
31860,1,2,2018,10,25000,3,1,2,,,,,,,,5,1,,5.9,,2,,,,3240,16000,
36409,1,1,2020,6,26000,3,2,2,,,,,,,,3,1,,2,,2,,,,5376,15000,
57138,1,1,2021,3,17000,3,1,2,,,,,,,,1,1,,7,,2,,,,6000,6500,
57670,1,2,2007,30,52000,1,,2,,,,,,,,15,1,,6,,2,,,,4080,30000,
91081,1,1,2001,22,135000,1,,2,,,,,,,,1,2,2,,3.8,2,,,,9600,10000,
503560,1,1,2015,20,85000,1,,2,,,,,,,,12,2,1,,4,2,,,,6000,56000,
505839,1,1,2019,25,110000,1,,2,,,,,,,,20,1,,2.8,,2,,,,6480,84000,
506628,1,1,2022,25,176000,1,,2,,,,,,,,24,2,1,,2.5,2,,,,4057,174000,
511757,1,2,2013,10,15000,3,2,2,,,,,,,,1,1,,5,,2,,,,3720,2500,
512452,1,1,2015,10,70000,1,,2,,,,,,,,2,1,,4,,2,,,,13200,25000,
512517,1,2,2010,15,80000,1,,2,,,,,,,,2,1,,2,,2,,,,6840,14250,
512887,1,3,2003,25,65000,1,,2,,,,,,,,5,1,,4,,2,,,,4800,28800,
615399,1,2,2012,12,30000,3,1,2,,,,,,,,2,1,,2,,2,,,,2640,4840,
635112,1,1,2001,20,80000,1,,1,3,,Ristrutturazione e rinegoziazione,4,6,,2009,5,1,,5,,2,,,,8484,43000,
671152,1,1,2005,30,150000,1,,2,,,,,,,,12,2,2,,4.5,2,,,,7200,100000,
673145,1,3,2019,20,100000,1,,2,,,,,,,,17,2,2,,3,2,,,,6600,70000,
674239,1,1,2009,20,100000,1,,1,1,,,1,3,,2012,8,2,2,,1.78,2,,,,8400,60129,
674287,1,1,2011,20,100000,1,,2,,,,,,,,9,1,,2.5,,2,,,,6000,54000,
675265,1,1,2020,20,45000,1,,2,,,,,,,,18,1,,2,,2,,,,4100,37000,
680244,1,1,2022,15,149000,1,,2,,,,,,,,14,2,2,,2,2,,,,4000,148500,
681394,1,1,2022,30,80000,3,2,2,,,,,,,,29,1,,3,,2,,,,3800,75000,1
681520,1,1,2020,20,80000,1,,2,,,,,,,,18,2,1,,5,2,,,,3800,75000,
683164,1,1,2011,25,150000,1,,1,1,,,3,,,2017,13,1,,1.5,,2,,,,6000,100000,
683349,1,1,2016,20,225000,1,,2,,,,,,,,13,2,2,,3.5,2,,,,13000,170000,1
683349,2,2,2020,20,260000,1,,1,1,,,2,5,,2022,19,1,,1,,2,,,,14000,238000,1
685058,1,1,2008,20,50000,1,,2,,,,,,,,6,1,,1.5,,2,,,,4548,27288,
687699,1,1,2015,20,120000,1,,1,1,,,1,3,,2015,10,1,,2.5,,2,,,,6500,60000,1
713400,1,1,2022,10,60000,3,1,2,,,,,,,,9,2,1,,5,2,,,,5400,45000,
713700,1,1,2017,20,90000,1,,2,,,,,,,,15,1,,1.62,,2,,,,5456,70000,
715065,1,1,2022,20,150000,1,,2,,,,,,,,19,1,,3,,2,,,,6500,147000,
716937,1,1,2015,15,70000,1,,2,,,,,,,,7,1,,2.5,,2,,,,6000,42000,
717669,1,1,2010,30,135000,1,,2,,,,,,,,17,2,2,,4,2,,,,8400,92000,
727039,1,2,1993,30,300000,1,,2,,,,,,,,1,2,2,,2.5,2,,,,11400,12000,
735143,1,2,2015,10,50000,1,,2,,,,,,,,3,2,1,,8,2,,,,6800,18000,
735659,1,1,2007,15,80000,1,,2,,,,,,,,1,2,2,,2,2,,,,7200,1500,
735659,2,1,2016,10,50000,1,,2,,,,,,,,3,1,,2,,2,,,,5500,12000,
736034,1,2,2022,10,50000,1,,2,,,,,,,,9,1,,7,,2,,,,7000,43000,
736935,1,1,2017,25,173000,1,,1,1,,,3,,,2019,18,1,,1.05,,2,,,,7900,140000,
800003,1,1,2004,20,120000,1,,2,,,,,,,,1,1,,4,,2,,,,8000,8000,
800010,1,2,2004,30,180000,1,,1,1,,,1,,,2007,11,2,1,,2,2,,,,7000,70000,
801541,1,1,2007,25,120000,1,,1,1,3,Saldo e stralcio del debito,7,,,2022,10,1,,0.6,,2,,,,4200,38000,
807255,1,1,2017,25,70000,1,,2,,,,,,,,20,1,,1,,2,,,,7200,34000,
809488,1,1,2006,25,145000,1,,2,,,,,,,,9,3,1,3.5,3.5,2,,,,8000,60000,
813912,1,1,2017,25,300000,1,,2,,,,,,,,15,2,1,,3.1,2,,,,12000,190000,
814889,1,1,2019,30,136000,1,,2,,,,,,,,26,1,,1.3,,2,,,,6480,122000,
819575,1,1,2020,20,250000,1,,2,,,,,,,,18,2,2,,2,2,,,,14000,230000,
824734,1,2,2012,15,15000,1,,1,1,,,7,,,2020,4,3,1,3,3,2,,,,2800,5000,
824735,1,2,2016,15,60000,2,,1,,,,,,,,13,2,1,,2,2,,,,6600,50000,
826456,1,1,2014,20,80000,3,1,2,,,,,,,,2,2,1,,3,2,,,,5000,45000,
854112,1,1,2011,20,200000,3,1,2,,,,,,,,8,2,1,,3,2,,,,10000,80000,
857107,1,1,2012,20,70000,1,,1,1,,,2,3,,2015,13,1,,2.9,,2,,,,4320,45000,
859360,1,1,2007,20,60000,3,1,2,,,,,,,,5,1,,2,,2,,,,3500,5000,
859459,1,2,2017,10,75000,1,,2,,,,,,,,4,1,,1.25,,2,,,,10000,28000,
859592,1,2,2021,30,60000,1,,2,,,,,,,,29,1,,4,,2,,,,3000,57000,
859616,1,1,2016,15,160000,1,,2,,,,,,,,7,2,2,,2.5,2,,,,9200,118000,
860127,1,1,2020,27,170000,1,,1,1,,,3,,,2020,25,1,,1,,2,,,,8076,150000,
860940,1,2,2005,23,30000,1,,3,,,,,,,,5,1,,2.8,,2,,,,1727,8600,
865806,1,3,2021,10,90000,1,,2,,,,,,,,8,1,,2,,2,,,,10000,80000,
865806,2,2,2019,10,30000,2,,2,,,,,,,,6,1,,2,,2,,,,4500,27000,
868098,1,1,2006,26,100000,1,,2,,,,,,,,9,1,,0,,2,,,,4000,55000,
868098,2,1,2006,25,60000,1,,2,,,,,,,,8,2,2,,3,2,,,,2650,17000,
868337,1,1,2007,28,130000,1,,1,1,,,2,,,2018,12,1,,4,,2,,,,5420,60000,
868406,1,1,2007,30,140000,1,,1,3,,Risparmiare,1,,,2011,13,2,2,,5,2,,,,6798,88129,
869003,1,1,2008,40,90000,1,,2,,,,,,,,25,2,2,,5,2,,,,2550,70000,
869043,1,1,2014,20,50000,1,,2,,,,,,,,12,1,,3,,2,,,,1500,30000,2
873048,1,2,2018,10,10000,1,,2,,,,,,,,5,1,,4.5,,2,,,,1920,5000,
873674,1,1,2006,20,120000,1,,2,,,,,,,,5,1,,1,,2,,,,7500,37000,
875095,1,1,2005,20,160000,1,,1,1,,,1,5,,2021,10,2,1,,3,2,,,,5350,80000,
875139,1,1,2003,25,100000,1,,2,,,,,,,,5,2,2,,3,2,,,,5000,25800,
875585,1,3,2010,20,100000,1,,2,,,,,,,,7,1,,1,,2,,,,6800,41000,
878518,1,1,2010,25,150000,1,,2,,,,,,,,6,2,2,,3,2,,,,7200,14000,
878573,1,2,2007,20,30000,3,1,2,,,,,,,,4,1,,1.8,,2,,,,2400,12000,
879257,1,1,2022,30,150000,1,,2,,,,,,,,29,1,,2.4,,2,,,,2400,147000,
880040,1,3,2000,25,80000,1,,3,,,,,,,,3,1,,2,,2,,,,12000,35000,1
880893,1,1,2021,25,80000,1,,2,,,,,,,,22,1,,3,,2,,,,6000,68000,
880912,1,1,2006,20,260000,1,,2,,,,,,,,3,2,2,,0.7,2,,,,14000,35000,
882618,1,1,2010,25,100000,1,,2,,,,,,,,13,2,2,,2.5,2,,,,6600,60300,
885045,1,1,2017,25,180000,1,,2,,,,,,,,20,1,,2,,2,,,,7700,150000,
885868,1,1,2008,30,300000,1,,2,,,,,,,,15,2,2,,0.6,2,,,,10800,165000,
887755,1,1,2011,15,50000,1,,1,1,,,3,,,2019,2,1,,2.1,,2,,,,4200,12000,
887863,1,1,2009,25,70000,1,,2,,,,,,,,11,1,,1,,2,,,,3700,37000,
888848,1,3,2021,25,200000,1,,2,,,,,,,,23,1,,1.8,,2,,,,10000,184600,
889587,1,2,2020,5,50000,1,,2,,,,,,,,2,2,1,,3,2,,,,15000,30000,
889719,1,1,2020,20,180000,3,1,2,,,,,,,,17,1,,1.01,,2,,,,10800,160000,
889722,1,1,2005,20,71000,1,,2,,,,,,,,2,1,,3,,2,,,,4320,9900,
889722,2,1,2019,20,60000,1,,2,,,,,,,,17,1,,1,,2,,,,2760,45000,
895512,1,1,2008,20,80000,1,,2,,,,,,,,6,2,2,,1,2,,,,4300,30000,
896608,1,1,2012,30,160000,1,,1,1,,,2,,,2019,22,1,,2.7,,2,,,,8000,150000,
896875,1,2,2020,10,20000,1,,2,,,,,,,,7,2,1,,6,2,,,,4000,10000,
896996,1,1,1995,20,100000,1,,1,1,2,,2,6,,2015,18,3,2,4,5.5,2,,,,14000,130000,
898401,1,2,2010,25,80000,1,,2,,,,,,,,13,1,,3,,2,,,,5500,50000,
899055,1,1,2003,25,104000,1,,1,1,,,2,3,,2014,5,1,,3,,2,,,,9000,55000,
900325,1,1,2018,12,150000,1,,2,,,,,,,,9,2,2,,3.3,2,,,,11000,120000,
900486,1,1,2020,15,109000,1,,2,,,,,,,,12,1,,0.85,,2,,,,7740,90000,
901126,1,3,2006,30,190000,1,,2,,,,,,,,13,1,,2,,2,,,,12000,90000,
904242,1,1,2016,25,200000,1,,2,,,,,,,,19,1,,1.8,,2,,,,11136,133000,
906545,1,1,2003,20,70000,1,,2,,,,,,,,1,2,1,,2,2,,,,4800,9000,
908691,1,2,2013,20,300000,1,,2,,,,,,,,10,2,1,,2.2,2,,,,17000,150000,
909623,1,1,2012,15,140000,1,,2,,,,,,,,4,1,,5,,2,,,,7200,28800,
909800,1,1,2013,14,40000,1,,2,,,,,,,,5,1,,2,,2,,,,3000,15000,
910156,1,2,2019,10,42000,3,1,2,,,,,,,,7,1,,5,,2,,,,7200,20400,
910156,2,2,2019,10,42000,3,1,1,,,,,,,,7,1,,5,,2,,,,5600,31000,
910814,1,1,2021,20,50000,1,,2,,,,,,,,18,1,,2,,2,,,,2868,45000,
911083,1,2,2011,30,150000,1,,2,,,,,,,,11,1,,1,,2,,,,12000,84000,
911087,1,1,2011,30,100000,1,,2,,,,,,,,18,1,,1,,2,,,,4000,70000,
911093,1,1,2011,30,100000,1,,2,,,,,,,,15,1,,1,,2,,,,4000,70000,
911366,1,1,2006,25,170000,1,,1,1,,,3,,,2020,9,1,,1.95,,2,,,,5961,46893,1
911448,1,1,2017,25,88000,1,,2,,,,,,,,20,1,,2,,2,,,,4200,69000,
912022,1,1,2018,20,100000,1,,2,,,,,,,,16,1,,1.6,,2,,,,6984,78000,
912154,1,3,2006,25,90000,1,,2,,,,,,,,8,2,1,,4,2,,,,5000,45000,
912555,1,1,2022,20,132000,1,,2,,,,,,,,19,3,1,2,1.4,2,,,,4536,127464,
912664,1,1,2010,23,160000,1,,2,,,,,,,,10,2,2,,2,2,,,,10000,96000,
913472,1,1,2004,20,100000,1,,1,2,,,6,,,2019,11,1,,3,,2,,,,5979,55000,
913472,2,4,2019,10,10000,3,1,2,,,,,,,,6,1,,9,,2,,,,1750,7000,
913934,1,3,2013,10,60000,1,,2,,,,,,,,1,2,1,,1,2,,,,6800,6600,
914657,1,1,2004,25,130000,1,,2,,,,,,,,7,1,,2,,2,,,,6500,48000,
914699,1,1,2006,20,76000,1,,2,,,,,,,,3,1,,5,,2,,,,5300,15900,
914699,2,1,2006,20,24000,1,,2,,,,,,,,3,2,2,,0.44,2,,,,1942,5826,
915578,1,1,2013,20,115000,1,,1,1,,,3,5,,2018,10,1,,1,,2,,,,6960,45400,
915897,1,1,2015,20,100000,1,,2,,,,,,,,12,1,,5,,2,,,,8000,60000,
916149,1,1,2004,20,70000,1,,2,,,,,,,,2,1,,2,,2,,,,3600,7200,
916451,1,1,2008,20,100000,1,,1,3,,Ho fatto una estinzione parziale del mutuo,8,,Nessuna delle voci,2022,5,1,,1.6,,2,,,,6000,15000,
916950,1,2,2022,10,160000,1,,2,,,,,,,,9,1,,7.25,,2,,,,8500,157000,
917276,1,1,2006,30,120000,1,,2,,,,,,,,1,2,2,,1.2,2,,,,4800,65000,
918059,1,1,2022,30,73000,1,,2,,,,,,,,30,2,1,,2,2,,,,0,73000,
918702,1,1,2005,25,105000,1,,1,1,2,,6,,,2016,7,1,,3.5,,2,,,,7800,33000,
919082,1,1,2019,15,93000,1,,2,,,,,,,,11,1,,1,,2,,,,7000,75000,
919324,1,1,2007,25,110000,1,,1,1,,,3,,,2018,10,1,,1.8,,2,,,,6276,44000,
919374,1,1,2022,25,120000,1,,2,,,,,,,,25,1,,2.5,,2,,,,3500,118000,
919500,1,1,2007,20,110000,1,,1,1,,,1,,,2013,5,2,2,,1.5,2,,,,4000,15000,
919516,1,2,2004,10,43000,1,,1,1,2,,6,8,Aumento durata,2009,3,2,2,,3.5,2,,,,4200,18000,
919686,1,2,2017,20,130000,1,,2,,,,,,,,15,2,2,,3,2,,,,7000,105000,
919727,1,3,2004,25,150000,1,,1,1,2,,3,6,,2008,20,2,2,,1.45,2,,,,1100,180000,
921005,1,2,2009,15,70000,1,,2,,,,,,,,3,2,1,,2.5,2,,,,5200,12000,
921680,1,1,2009,16,100000,1,,2,,,,,,,,2,1,,2,,2,,,,6000,12000,
921701,1,1,2002,25,129000,1,,2,,,,,,,,5,2,2,,4,2,,,,5200,25000,
921777,1,1,2007,30,150000,1,,1,1,,,7,,,2008,15,1,,2,,2,,,,5000,70000,
923859,1,2,2017,7,50000,1,,2,,,,,,,,1,1,,2,,2,,,,5400,10800,
924204,1,1,2007,25,100000,1,,2,,,,,,,,10,1,,2.8,,2,,,,6000,60000,
924289,1,1,2016,25,90000,1,,1,1,,,3,,,2021,18,1,,2,,2,,,,4500,70000,
924323,1,1,2012,30,136000,1,,2,,,,,,,,20,1,,3.5,,2,,,,7920,85000,
924513,1,2,2007,15,70000,1,,1,1,,,6,,,2015,13,1,,5,,2,,,,6960,58280,
924794,1,1,2004,20,60000,1,,2,,,,,,,,2,2,2,,6,2,,,,5200,6000,
925226,1,2,2020,8,15000,3,1,2,,,,,,,,5,1,,4,,2,,,,1560,12660,
926274,1,2,2022,10,8000,3,2,2,,,,,,,,9,1,,5,,2,,,,1620,6800,
926973,1,1,2005,20,75000,1,,2,,,,,,,,3,2,1,,2,2,,,,4500,13500,
927023,1,1,2022,30,216000,1,,2,,,,,,,,29,1,,1.8,,2,,,,6930,209000,
927473,1,1,2013,27,87000,1,,1,1,,,2,,,2021,17,1,,3.5,,2,,,,4800,55000,
927693,1,3,2015,30,220000,3,1,2,,,,,,,,23,1,,3,,2,,,,9000,120000,
927988,1,2,2022,10,20000,1,,2,,,,,,,,9,1,,2,,2,,,,2250,17750,
927994,1,1,2011,17,70000,1,,2,,,,,,,,5,2,2,,1,2,,,,4442,21680,
928037,1,1,2011,15,150000,1,,2,,,,,,,,3,2,1,,2,2,,,,9600,30000,
930014,1,1,2003,30,160000,1,,2,,,,,,,,11,1,,2,,2,,,,6160,67800,
930120,1,1,2013,21,170000,1,,1,1,,,3,,,2019,11,1,,1.8,,2,,,,9984,102000,
930413,1,2,2010,25,50000,1,,2,,,,,,,,12,2,2,,4,2,,,,2700,28000,
930498,1,1,2002,30,250000,1,,2,,,,,,,,10,1,,3,,2,,,,9000,9000,
930576,1,1,2017,20,200000,1,,2,,,,,,,,14,1,,1,,2,,,,11000,120000,
930603,1,1,2015,20,180000,1,,2,,,,,,,,10,1,,1,,2,,,,9000,100000,
930605,1,1,2014,20,200000,1,,2,,,,,,,,11,1,,1.4,,2,,,,12000,120000,
930608,1,1,2019,15,120000,1,,1,1,,,3,,,2019,10,1,,1.3,,2,,,,10000,90000,
930988,1,1,2017,20,300000,1,,2,,,,,,,,14,2,2,,0.8,2,,,,16200,200000,
931003,1,1,2001,25,206582,1,,2,,,,,,,,3,2,2,,3.88,2,,,,11200,33839,
931349,1,1,2018,25,144000,1,,2,,,,,,,,20,1,,1.5,,2,,,,5200,130000,
931377,1,1,2009,40,130000,1,,2,,,,,,,,26,1,,3,,2,,,,4560,66000,
931418,1,1,2016,30,120000,1,,2,,,,,,,,23,1,,0.8,,2,,,,5520,102000,
931426,1,1,2015,15,200000,3,1,3,,,,,,,,7,1,,1.65,,2,,,,13200,105000,
931688,1,1,2003,30,100000,1,,2,,,,,,,,10,1,,3,,2,,,,4200,48000,
931834,1,1,2015,30,550000,1,,2,,,,,,,,23,1,,0.9,,2,,,,20400,440000,
932377,1,1,2018,20,200000,1,,1,1,,,3,,,2020,16,1,,0.65,,2,,,,10800,175000,
932412,1,1,2004,30,120000,3,1,2,,,,,,,,12,2,2,,4,2,,,,7200,70000,
932532,1,2,2011,22,500000,1,,2,,,,,,,,9,1,,1.4,,2,,,,29000,261000,
932532,2,2,2011,22,400000,1,,2,,,,,,,,10,1,,1.4,,2,,,,23000,230000,
932532,3,2,2013,20,100000,1,,2,,,,,,,,10,1,,1.3,,2,,,,6000,60000,
932780,1,2,2015,20,220000,1,,2,,,,,,,,13,2,1,,4.5,2,,,,15000,100000,
932810,1,1,2020,20,428000,1,,2,,,,,,,,17,1,,0.78,,2,,,,23119,378078,
932832,1,3,2015,20,200000,1,,2,,,,,,,,13,1,,1.1,,2,,,,12000,140000,
932957,1,1,1999,25,50000,1,,2,,,,,,,,1,1,,2.2,,2,,,,2000,2000,
933036,1,1,2015,25,1600000,1,,2,,,,,,,,18,1,,2.2,,2,,,,88000,1100000,
933244,1,1,2007,20,200000,1,,2,,,,,,,,4,3,1,2,3.5,2,,,,8000,32000,
933774,1,1,2018,20,125000,1,,2,,,,,,,,15,1,,1.4,,2,,,,7200,100000,
933795,1,1,2018,25,285000,1,,1,1,,,3,,,2020,20,1,,1.5,,2,,,,12000,240000,
933865,1,1,2007,25,150000,1,,2,,,,,,,,10,2,2,,4,2,,,,7000,70000,
933925,1,1,2011,20,420000,1,,2,,,,,,,,8,2,2,,2,2,,,,24000,190000,
933926,1,1,2017,20,234000,1,,2,,,,,,,,15,2,1,,1,2,,,,50000,20000,
933934,1,1,2010,25,700000,1,,2,,,,,,,,12,2,1,,2,2,,,,24000,354000,
934141,1,1,2020,15,225000,1,,2,,,,,,,,12,2,2,,0.5,2,,,,15000,188000,
934294,1,3,2015,15,180000,1,,2,,,,,,,,8,2,1,,3,2,,,,14000,112000,
934524,1,2,2008,20,120000,1,,1,1,,,3,,,2010,5,2,2,,3.4,2,,,,7500,40000,
934791,1,1,2019,20,96000,3,1,2,,,,,,,,17,1,,0.8,,2,,,,8000,80000,
934904,1,1,2006,30,150000,1,,2,,,,,,,,12,2,1,,5,2,,,,7200,80000,
934918,1,1,2017,15,210000,1,,2,,,,,,,,10,2,2,,3,2,,,,17000,145000,
934951,1,1,2004,20,250000,1,,2,,,,,,,,2,1,,5,,2,,,,19000,50000,
934958,1,1,2010,30,1300000,1,,2,,,,,,,,18,2,2,,1,1,1,,,0,1100000,
935193,1,1,2010,15,700000,1,,2,,,,,,,,2,2,2,,1,2,,,,36000,70000,
935281,1,1,2010,30,300000,1,,2,,,,,,,,8,2,1,,3,2,,,,12000,100000,
935877,1,1,2012,20,320000,1,,2,,,,,,,,10,2,2,,6,2,,,,20000,170000,
936039,1,1,2015,28,400000,1,,1,1,,,5,,,2018,20,1,,1.8,,2,,,,14800,320000,
936619,1,3,2019,30,350000,1,,2,,,,,,,,26,1,,2.8,,2,,,,11700,300000,
936624,1,2,2022,10,30000,1,,2,,,,,,,,9,1,,5,,2,,,,3200,29000,
936651,1,1,2003,25,350000,1,,1,1,,,1,2,,2014,5,2,2,,3,2,,,,17000,150000,
936656,1,1,2018,15,200000,1,,2,,,,,,,,10,1,,2,,2,,,,18000,150000,
936657,1,1,2019,25,205000,1,,2,,,,,,,,21,2,1,,3,2,,,,11000,162000,
936667,1,1,2008,15,76000,1,,2,,,,,,,,1,2,1,,1,2,,,,6000,500,
936801,1,1,2004,20,400000,1,,2,,,,,,,,1,2,2,,1.1,2,,,,25000,48000,
936814,1,1,2017,10,150000,1,,2,,,,,,,,4,1,,2,,2,,,,16000,75000,
936872,1,1,2017,20,500000,1,,2,,,,,,,,17,2,2,,5,2,,,,25000,310000,
937156,1,1,2015,15,50000,1,,2,,,,,,,,8,1,,0.4,,2,,,,3360,27000,
937442,1,1,2012,15,80000,1,,2,,,,,,,,4,1,,3.5,,2,,,,6000,25000,
937535,1,1,2017,15,300000,1,,2,,,,,,,,10,3,2,4,3,2,,,,20000,200000,
937631,1,3,2003,20,150000,1,,1,1,,,2,,,2010,4,1,,2,,2,,,,6000,30000,
937981,1,1,2016,20,480000,1,,1,1,,,3,,,2020,14,1,,0.6,,2,,,,25000,350000,
938652,1,1,2016,25,200000,1,,2,,,,,,,,19,1,,1,,2,,,,8280,150000,
938668,1,1,2018,20,160000,1,,2,,,,,,,,15,1,,0.9,,2,,,,8800,130000,
938672,1,1,2012,30,330000,1,,2,,,,,,,,20,2,2,,1,2,,,,10000,200000,
938673,1,1,2017,20,200000,1,,2,,,,,,,,14,1,,3,,2,,,,9600,150000,
938766,1,1,2010,30,180000,1,,2,,,,,,,,18,1,,1.1,,2,,,,8400,150000,
938795,1,1,2014,20,150000,1,,1,1,,,3,7,,2019,11,2,1,,4,2,,,,4000,23000,
938993,1,1,2016,25,160000,1,,2,,,,,,,,8,2,2,,1.3,2,,,,8500,70000,
939051,1,1,2018,15,80000,1,,2,,,,,,,,11,1,,1.05,,2,,,,6000,65000,
939181,1,1,1998,25,118000,1,,2,,,,,,,,0,1,,3,,2,,,,7300,3600,
939190,1,1,2021,30,140000,1,,2,,,,,,,,29,1,,1,,2,,,,7200,130000,
939263,1,1,2012,15,180000,1,,2,,,,,,,,5,1,,2,,2,,,,15600,85000,
939266,1,2,2021,6,20000,3,1,2,,,,,,,,4,1,,2.5,,2,,,,3960,17000,
939266,2,2,2022,20,70000,1,,2,,,,,,,,19,1,,1.2,,2,,,,3740,67000,
939305,1,1,2015,15,80000,1,,2,,,,,,,,7,1,,1.7,,2,,,,6000,40000,
939348,1,2,2022,6,20000,3,1,2,,,,,,,,5,1,,8,,2,,,,4800,16000,
939412,1,2,2018,4,4800,3,1,2,,,,,,,,1,1,,5,,2,,,,1200,200,
939718,1,2,2014,10,25000,3,1,2,,,,,,,,1,1,,2.5,,2,,,,6000,5000,
940554,1,3,1998,25,160000,1,,2,,,,,,,,1,1,,3,,2,,,,9000,5000,
940554,2,2,2018,10,100000,3,1,2,,,,,,,,5,2,2,,1,2,,,,10000,52000,
940605,1,2,2021,10,170000,1,,2,,,,,,,,8,1,,1,,2,,,,20000,130000,
940814,1,2,2006,20,400000,1,,1,1,2,,2,6,,2018,10,1,,1.9,,2,,,,39600,300000,
941062,1,1,2005,20,200000,1,,2,,,,,,,,3,1,,4,,2,,,,12000,36000,
941120,1,1,2008,20,330000,1,,2,,,,,,,,5,2,1,,4,2,,,,15000,75000,
941278,1,1,2007,25,300000,1,,2,,,,,,,,10,1,,2,,2,,,,12000,120000,
941308,1,1,2014,35,400000,1,,2,,,,,,,,27,1,,3,,2,,,,15600,300000,
941821,1,1,2018,30,500000,1,,1,1,,,7,,,2021,25,2,2,,1.9,2,,,,25000,400000,
942020,1,1,2018,25,150000,1,,2,,,,,,,,20,1,,2,,2,,,,12000,102000,
942248,1,1,2022,15,90000,2,,2,,,,,,,,14,1,,2.5,,2,,,,7200,82800,
942250,1,1,2015,25,360000,1,,2,,,,,,,,18,1,,3,,2,,,,18000,234000,1
943121,1,1,1990,35,200000,1,,2,,,,,,,,3,3,1,2.8,3,2,,,,6000,20000,
943517,1,1,2019,24,300000,1,,1,1,,,3,,,2021,20,1,,2,,2,,,,12500,250000,
944036,1,1,2011,30,230000,1,,2,,,,,,,,18,2,1,,5,2,,,,7400,150000,
944136,1,1,2003,20,90000,1,,2,,,,,,,,1,2,2,,5,2,,,,6000,5300,
944142,1,1,2005,25,150000,1,,2,,,,,,,,8,1,,3,,2,,,,5400,43200,
944673,1,2,2022,10,40000,1,,2,,,,,,,,9,1,,4,,2,,,,4500,35000,
944692,1,2,2022,10,15000,3,1,2,,,,,,,,9,1,,1,,2,,,,1800,14700,
944973,1,1,2019,25,200000,1,,2,,,,,,,,21,1,,2,,2,,,,9000,173000,
945003,1,3,2008,30,360000,1,,2,,,,,,,,15,1,,8,,2,,,,12000,192000,
945490,1,1,2018,15,160000,3,1,2,,,,,,,,10,1,,5,,2,,,,12000,120000,
945680,1,1,2004,20,41000,1,,2,,,,,,,,2,1,,2,,2,,,,3480,6960,
945690,1,1,2022,30,150000,1,,2,,,,,,,,30,1,,2.9,,2,,,,600,150000,
945779,1,2,2008,20,80000,1,,1,1,,,3,,,2016,5,1,,3.75,,2,,,,5500,35000,
945781,1,2,2020,10,50000,1,,2,,,,,,,,8,2,2,,4,2,,,,5000,40000,
945812,1,1,2010,20,120000,1,,2,,,,,,,,10,1,,0.7,,2,,,,7000,60000,1
946448,1,3,2019,10,50000,2,,2,,,,,,,,7,1,,1.5,,2,,,,6000,40000,
946477,1,1,2012,20,240000,1,,2,,,,,,,,10,2,1,,4,2,,,,10800,133000,
946581,1,2,2021,5,70000,3,1,2,,,,,,,,3,1,,2,,2,,,,12000,50000,
946604,1,1,2017,30,225000,3,1,1,,,,,,,,25,1,,2,,2,,,,7440,175000,
946806,1,2,2016,15,110000,1,,1,1,,,3,,,2020,8,1,,5,,2,,,,7320,60000,
947036,1,1,2005,30,330000,1,,2,,,,,,,,12,2,2,,4,2,,,,17000,150000,
947086,1,1,2007,30,90000,1,,2,,,,,,,,15,2,1,,5,2,,,,3600,54000,
947721,1,1,2014,25,97000,1,,1,1,,,3,,,2020,16,1,,0.6,,2,,,,5200,72000,
947786,1,3,2019,20,400000,1,,2,,,,,,,,16,2,2,,2,2,,,,30000,310000,
947821,1,1,2011,15,85000,1,,2,,,,,,,,3,2,1,,5,2,,,,6150,21000,
947821,2,1,2011,19,60000,1,,2,,,,,,,,7,2,1,,5,2,,,,3660,24000,
947955,1,2,2018,6,50000,3,1,2,,,,,,,,2,1,,2,,2,,,,7200,14000,
948023,1,1,2021,15,500000,1,,2,,,,,,,,13,1,,0.8,,2,,,,36000,470000,
948079,1,4,2005,30,300000,1,,2,,,,,,,,12,1,,0.9,,2,,,,14000,140000,
948107,1,3,2015,30,200000,1,,1,1,3,Diminuita la rata,2,7,,2022,29,1,,1.6,,2,,,,6533,152545,
948140,1,1,2007,23,100000,1,,2,,,,,,,,1,2,1,,1,2,,,,7200,7500,
948149,1,3,2015,20,105000,1,,1,1,,,2,3,,2019,15,1,,2,,2,,,,6000,70000,
948406,1,1,2011,25,160000,1,,2,,,,,,,,13,2,2,,4.49,2,,,,10800,102000,
948593,1,1,2017,20,120000,1,,2,,,,,,,,15,2,2,,2.8,2,,,,6800,93000,
948594,1,1,2017,10,150000,1,,1,1,,,2,,,2020,7,1,,1,,1,2,1,6,4200,113000,
948628,1,1,2005,30,102000,1,,2,,,,,,,,13,1,,5,,2,,,,6000,60000,1
949103,1,1,2010,30,500000,1,,2,,,,,,,,17,2,2,,5,2,,,,27600,295000,
949110,1,2,2012,15,110000,1,,1,3,,Per far arrivare l'ascensore al mio piano,1,,,2018,5,1,,1.2,,2,,,,11678,63000,
949132,1,1,2017,30,340000,1,,2,,,,,,,,25,1,,0.82,,2,,,,12780,285000,
949166,1,1,2010,20,220000,1,,2,,,,,,,,7,1,,2.5,,2,,,,11000,77000,
949185,1,1,2015,30,260000,1,,1,1,,,2,,,2022,22,1,,3,,2,,,,10200,214000,
949203,1,1,2016,20,80000,1,,2,,,,,,,,13,1,,2,,2,,,,4920,53000,
949256,1,1,2017,10,80000,1,,2,,,,,,,,5,1,,2,,2,,,,9600,48000,
949272,1,1,2002,15,65000,1,,1,1,,,8,,Aumentata la durata del mutuo,2015,3,1,,4.5,,2,,,,6552,19656,
949277,1,2,2019,7,30000,3,1,2,,,,,,,,5,1,,3,,2,,,,6000,20000,
949280,1,1,2016,20,125000,1,,2,,,,,,,,14,1,,1.03,,2,,,,5700,90000,
949323,1,1,2005,20,160000,1,,2,,,,,,,,2,1,,0.75,,2,,,,10000,23000,
949331,1,1,2019,30,135000,1,,2,,,,,,,,26,1,,1.7,,2,,,,5260,123000,
949371,1,1,2011,20,110000,1,,1,1,,,3,,,2016,5,1,,1,,2,,,,6000,24000,
949372,1,1,2015,30,200000,1,,2,,,,,,,,12,2,1,,3,2,,,,5400,70200,
949414,1,1,1998,30,75000,1,,1,2,,,3,,,2014,10,2,2,,2,2,,,,7200,30000,
949425,1,1,2019,15,68000,1,,1,1,,,3,,,2020,11,1,,2,,2,,,,5232,56000,
949960,1,1,2005,20,180000,1,,2,,,,,,,,5,1,,1,,2,,,,12000,70000,
950084,1,1,2011,25,180000,3,1,2,,,,,,,,10,1,,4,,2,,,,5000,80000,
950224,1,1,2018,30,185000,1,,2,,,,,,,,25,1,,2,,2,,,,6120,154400,
951009,1,1,2015,20,110000,1,,2,,,,,,,,13,2,1,,3,2,,,,7080,92000,
951073,1,2,2021,5,18000,1,,2,,,,,,,,3,1,,3,,2,,,,3400,11600,
951163,1,1,2012,25,150000,1,,2,,,,,,,,14,2,2,,3,2,,,,6000,78000,
951235,1,1,2010,20,70000,1,,1,1,,,2,,,2021,7,1,,3,,1,2,1,3,4000,24000,
951236,1,1,2006,25,100000,1,,2,,,,,,,,9,1,,1.8,,2,,,,4200,34000,
951288,1,1,2015,30,100000,1,,3,,,,,,,,23,2,2,,1.5,2,,,,4800,65000,
951300,1,1,2017,15,80000,1,,2,,,,,,,,10,1,,1.5,,2,,,,5400,54000,
951367,1,3,2013,20,500000,2,,2,,,,,,,,22,2,2,,4,2,,,,26000,258000,
951368,1,1,2011,15,120000,3,2,1,,,,,,,,5,1,,3,,2,,,,12000,60000,
951391,1,1,2017,25,200000,1,,2,,,,,,,,19,1,,1.4,,2,,,,8160,155040,
951400,1,1,2017,20,195000,1,,2,,,,,,,,14,1,,1.1,,2,,,,9120,140280,
951450,1,1,2006,25,175000,1,,1,1,,,2,,,2011,10,1,,1,,2,,,,9360,70000,
951463,1,1,2018,30,130000,1,,2,,,,,,,,25,2,2,,2,2,,,,7800,110000,
951493,1,4,2010,28,200000,1,,2,,,,,,,,15,2,2,,4,2,,,,7000,116000,
951511,1,1,2018,20,100000,1,,2,,,,,,,,15,1,,1,,2,,,,5000,80000,
951566,1,1,2006,30,150000,3,1,2,,,,,,,,13,2,1,,4,2,,,,7200,84000,
951597,1,1,2007,25,250000,1,,1,1,,,2,,,2013,12,1,,2.3,,2,,,,8400,130000,
951712,1,1,2018,30,120000,1,,2,,,,,,,,25,1,,4,,2,,,,9600,74000,
951739,1,1,2011,25,86000,1,,2,,,,,,,,15,2,1,,7,2,,,,4800,55000,
951759,1,4,2022,7,30000,3,1,2,,,,,,,,7,2,2,,3.55,2,,,,700,6000,
951811,1,3,2007,30,130000,1,,2,,,,,,,,14,2,2,,4,2,,,,6600,93000,
951818,1,1,2011,20,145000,1,,2,,,,,,,,8,1,,5,,2,,,,16400,66000,
951820,1,1,2011,30,144000,1,,1,1,,,1,3,,2021,18,1,,1,,2,,,,5280,85000,
951820,2,1,2016,19,105000,1,,1,1,,,3,,,2021,12,1,,1,,2,,,,6120,60000,
951822,1,1,2013,30,200000,1,,1,1,,,3,,,2018,20,2,2,,3,2,,,,8400,140000,
951860,1,2,2008,20,150000,1,,2,,,,,,,,5,1,,1,,2,,,,9000,40000,
951883,1,1,2005,25,140000,1,,2,,,,,,,,3,2,1,,5.95,2,,,,7000,58000,
951885,1,1,2008,25,250000,1,,2,,,,,,,,10,1,,2.99,,2,,,,14440,135820,
951898,1,3,1998,30,90000,3,1,2,,,,,,,,6,2,2,,3.5,2,,,,4500,25000,
951940,1,1,2002,25,165000,1,,2,,,,,,,,4,2,1,,3,2,,,,11200,65000,
951962,1,1,2016,35,210000,1,,1,1,,,3,5,,2020,27,1,,1.09,,2,,,,6720,160000,
951963,1,1,2018,20,200000,1,,1,1,,,3,,,2020,15,1,,1.8,,2,,,,11400,171000,
951998,1,1,2011,30,164000,1,,1,1,,,1,,,2015,18,2,2,,4,2,,,,7200,140000,
952007,1,3,2010,15,130000,1,,2,,,,,,,,2,2,2,,1.5,2,,,,5900,70000,
952008,1,1,2011,15,168000,1,,1,1,,,3,,,2017,8,2,2,,1.2,2,,,,9666,80000,
952009,1,1,2017,25,285000,1,,1,1,,,3,5,,2021,18,1,,1.2,,2,,,,13560,233719,
952025,1,1,2011,30,200000,1,,2,,,,,,,,18,2,2,,1.21,2,,,,7000,126914,
952025,2,2,2022,30,100000,1,,2,,,,,,,,30,2,2,,1.73,2,,,,420,99787,
952098,1,1,2015,10,87200,1,,2,,,,,,,,2,1,,0.1,,2,,,,8736,27000,
952098,2,2,2017,12,18000,1,,2,,,,,,,,6,1,,2.5,,2,,,,1728,10300,
952143,1,1,2013,30,428000,1,,2,,,,,,,,20,2,1,,1.5,2,,,,18000,300000,
952165,1,1,2010,30,240000,1,,1,1,,,8,,Tasso variabile aggiunto cap,2019,17,2,2,,2.4,2,,,,12000,170000,
952222,1,1,2004,35,300000,1,,2,,,,,,,,12,2,2,,3,2,,,,12000,80000,
952255,1,1,2011,30,210000,1,,2,,,,,,,,18,2,2,,4,2,,,,6000,168000,
952394,1,1,2019,20,210000,3,1,2,,,,,,,,16,2,2,,5,2,,,,10800,180000,
952414,1,1,2014,30,250000,3,1,2,,,,,,,,21,1,,3,,2,,,,13000,150000,
952424,1,1,2016,25,100000,1,,2,,,,,,,,18,1,,1,,2,,,,4100,70000,
952425,1,1,2021,30,450000,1,,2,,,,,,,,28,1,,2.5,,2,,,,18000,430000,
952519,1,1,2013,30,110000,3,1,2,,,,,,,,20,2,2,,3.5,2,,,,5160,50000,
952550,1,1,2019,25,188000,1,,1,1,,,3,,,2020,21,1,,1.35,,2,,,,8640,164000,
952553,1,1,2014,26,412000,1,,1,1,,,3,,,2019,16,3,2,1,1,2,,,,15000,325000,
952566,1,1,2015,25,320000,1,,2,,,,,,,,17,1,,1,,2,,,,15000,260000,
952574,1,1,2018,30,200000,1,,2,,,,,,,,25,1,,2,,2,,,,7200,180000,
952595,1,1,2016,30,210000,1,,2,,,,,,,,23,1,,0.57,,2,,,,7500,176000,
952599,1,1,2016,30,150000,1,,2,,,,,,,,24,1,,3,,2,,,,6300,119000,
952645,1,1,2017,30,200000,1,,2,,,,,,,,25,1,,1,,2,,,,13000,135000,
952682,1,1,2019,30,150000,1,,2,,,,,,,,27,1,,1.6,,2,,,,7900,130000,
952732,1,1,2007,20,300000,1,,2,,,,,,,,5,2,2,,3.5,2,,,,35000,60000,
952739,1,1,2022,20,130000,1,,2,,,,,,,,19,1,,2,,2,,,,3500,125000,
952806,1,1,2016,13,250000,1,,2,,,,,,,,6,2,2,,3,2,,,,12000,45000,
952815,1,3,2017,30,320000,1,,1,1,,,2,,,2019,26,1,,1.73,,2,,,,13200,250000,
952978,1,1,2019,20,190000,1,,2,,,,,,,,17,2,1,,1.6,2,,,,12600,153000,
952988,1,2,2000,32,450000,1,,2,,,,,,,,9,2,2,,1.5,2,,,,20000,60000,
953021,1,1,2004,25,120000,1,,2,,,,,,,,5,2,2,,2.4,2,,,,6500,38000,
953044,1,1,2013,25,400000,2,,1,,,,,,,,0,2,1,,1.1,2,,,,18000,72400,1
953052,1,1,2013,20,200000,1,,2,,,,,,,,10,2,2,,5,2,,,,14000,120000,
953090,1,1,2022,30,150000,1,,2,,,,,,,,29,2,2,,1.5,2,,,,3500,146500,
953093,1,1,2014,25,180000,1,,1,1,,,3,,,2016,18,2,2,,4,2,,,,9600,100000,
953096,1,1,2015,25,200000,1,,2,,,,,,,,17,2,2,,2,2,,,,12000,150000,
953099,1,1,2010,25,280000,1,,2,,,,,,,,12,1,,1,,2,,,,12500,150000,
953112,1,1,2018,30,180000,1,,2,,,,,,,,25,2,2,,2.3,2,,,,8400,135000,
953116,1,1,2013,15,150000,1,,2,,,,,,,,3,1,,2,,2,,,,8500,50000,
953133,1,1,2016,15,90000,3,1,2,,,,,,,,8,1,,2.7,,2,,,,6200,50000,
953150,1,1,2016,10,300000,1,,2,,,,,,,,4,2,1,,4,2,,,,31200,120000,2
953173,1,1,2011,30,191000,1,,2,,,,,,,,20,2,1,,5.6,2,,,,8400,100000,
953211,1,1,2013,30,400000,1,,2,,,,,,,,21,1,,0.8,,2,,,,14000,250000,
953216,1,1,2017,30,200000,1,,2,,,,,,,,25,2,2,,1,2,,,,7800,160000,
953232,1,1,2018,25,165000,3,1,2,,,,,,,,21,1,,2,,2,,,,6600,136000,
953279,1,1,2005,30,180000,1,,2,,,,,,,,13,2,2,,2,2,,,,7800,90000,
953292,1,1,1999,30,290000,1,,2,,,,,,,,6,2,1,,4,2,,,,9000,100000,
953306,1,1,2010,30,280000,1,,2,,,,,,,,19,2,2,,1,2,,,,9500,202000,
953315,1,1,2013,25,220000,1,,1,1,,,3,,,2018,15,2,2,,1.1,2,,,,5260,175000,
953320,1,1,2017,30,100000,1,,2,,,,,,,,25,1,,1.8,,2,,,,4800,83000,
953327,1,1,2005,30,240000,1,,2,,,,,,,,12,2,2,,3.5,2,,,,12000,100000,
953336,1,2,2017,25,130000,1,,2,,,,,,,,20,2,2,,4,2,,,,7850,109000,
953373,1,2,2015,20,180000,1,,2,,,,,,,,12,2,2,,7,2,,,,10800,140000,
953383,1,1,2019,15,120000,1,,2,,,,,,,,11,2,2,,1.85,2,,,,6240,98400,
953400,1,1,2012,30,160000,1,,1,1,3,Abbiamo rinegoziato,7,,,2018,20,2,2,,1.8,2,,,,7000,120000,
953437,1,1,2020,20,100000,1,,2,,,,,,,,17,1,,4,,2,,,,4500,76500,
953442,1,1,2008,30,230000,1,,1,1,,,3,,,2013,15,1,,4.5,,2,,,,12000,200000,
953445,1,1,2019,20,400000,1,,2,,,,,,,,16,2,2,,3,2,,,,24000,350000,
953520,1,1,2011,25,150000,1,,2,,,,,,,,13,3,1,3,2,2,,,,7500,104000,
953545,1,1,2019,20,390000,1,,2,,,,,,,,17,1,,1,,2,,,,27600,330000,
953623,1,3,2018,25,300000,1,,1,1,,,3,,,2019,20,1,,1,,2,,,,17000,250000,
953624,1,1,2017,25,320000,1,,1,1,,,3,5,,2020,15,1,,0.5,,2,,,,18000,220000,
953628,1,1,2009,30,280000,1,,2,,,,,,,,11,2,2,,1.25,2,,,,12000,172671,
953692,1,3,2014,25,180000,1,,2,,,,,,,,15,2,2,,1,2,,,,6000,78000,
953898,1,3,2017,30,210000,1,,2,,,,,,,,24,1,,3,,2,,,,8050,170000,
953904,1,1,2015,15,90000,1,,1,1,,,3,,,2022,7,3,2,3,4,1,2,1,2,6500,45000,
953920,1,2,2006,30,280000,1,,2,,,,,,,,13,2,2,,1.4,2,,,,12000,140000,
953975,1,1,2016,30,208000,1,,1,1,,,2,7,,2022,25,1,,1.5,,2,,,,7640,189000,
954007,1,1,2014,30,220000,1,,2,,,,,,,,21,2,2,,1.2,2,,,,9000,160000,
954007,2,1,2022,30,216000,1,,2,,,,,,,,29,1,,1.1,,2,,,,4000,214000,
954036,1,1,2010,25,213000,1,,1,1,,,3,,,2021,12,1,,1.18,,2,,,,10600,130000,
954041,1,1,2017,30,200000,3,1,2,,,,,,,,24,1,,2.1,,2,,,,7000,174000,
954085,1,1,2015,35,170000,1,,2,,,,,,,,27,2,1,,3,2,,,,9000,130000,
954121,1,1,2016,10,150000,1,,2,,,,,,,,4,1,,0.5,,2,,,,15100,60000,
954141,1,3,2016,30,400000,1,,2,,,,,,,,24,1,,1,,2,,,,17300,322000,
954186,1,1,2016,20,200000,1,,2,,,,,,,,13,2,2,,1.5,2,,,,15600,150000,
954206,1,1,2016,20,250000,1,,2,,,,,,,,13,1,,1.8,,2,,,,13200,189000,
954241,1,1,2011,20,65000,1,,1,1,,,2,,,2017,8,1,,1.4,,2,,,,4272,42000,
954243,1,1,2016,12,290000,1,,1,1,,,7,,,2019,6,1,,2,,2,,,,13380,78000,
954247,1,1,1998,30,250000,1,,1,3,,Cartolarizzazione,3,6,,2022,10,1,,5.5,,2,,,,12000,98000,
954267,1,1,2010,20,100000,1,,2,,,,,,,,8,3,1,2.5,1.1,2,,,,6085,40000,
954274,1,1,2015,20,280000,1,,1,1,,,2,,,2021,13,1,,3.25,,2,,,,14000,200000,
954275,1,1,2017,30,275000,1,,1,1,,,2,,,2020,24,1,,1.35,,2,,,,11100,235000,
954372,1,1,2005,25,300000,1,,1,1,,,7,,,2006,7,2,2,,2.06,2,,,,13752,113084,
954645,1,1,2014,20,150000,1,,1,3,,Restituzione parte del debito,7,,,2019,11,2,2,,2,2,,,,1200,14000,
954714,1,1,2008,20,40000,1,,2,,,,,,,,5,2,2,,3,2,,,,2200,11000,
954827,1,4,2020,3,15000,3,1,3,,,,,,,,0,1,,1.5,,2,,,,15000,15000,
954898,1,1,2011,30,200000,1,,2,,,,,,,,19,1,,1.3,,2,,,,8400,140000,
954929,1,1,2022,30,360000,1,,2,,,,,,,,30,1,,2,,2,,,,0,360000,
955010,1,1,2017,20,125000,1,,2,,,,,,,,15,1,,0.67,,2,,,,7000,90000,
955020,1,1,2011,30,130000,1,,2,,,,,,,,18,3,1,3,3,2,,,,6400,85000,
955021,1,1,2019,15,150000,1,,2,,,,,,,,11,2,2,,4,2,,,,8400,125000,
955073,1,1,2017,25,140000,1,,2,,,,,,,,20,1,,2.5,,2,,,,7200,119000,
955073,2,2,2018,10,15000,1,,2,,,,,,,,5,1,,7.6,,2,,,,2140,9000,
955081,1,3,2005,25,160000,1,,1,2,,,6,,,2006,7,2,2,,2.5,2,,,,9000,60000,
955104,1,1,2022,30,250000,1,,2,,,,,,,,29,2,2,,2.5,2,,,,10000,235000,
955111,1,1,2011,30,200000,1,,2,,,,,,,,18,2,2,,5,2,,,,13000,150000,
955121,1,3,2018,20,200000,1,,2,,,,,,,,15,1,,1.99,,2,,,,13000,180000,
955152,1,1,2011,20,250000,1,,2,,,,,,,,8,2,1,,3,2,,,,10000,100000,
955156,1,1,2006,30,220000,1,,2,,,,,,,,13,2,1,,5,2,,,,10000,100000,
955176,1,1,2016,30,230000,1,,2,,,,,,,,23,2,2,,2,2,,,,10000,197000,
955179,1,1,2017,30,200000,1,,2,,,,,,,,25,2,2,,1,2,,,,7000,165000,
955224,1,1,2006,25,150000,1,,1,1,,,5,,,2016,4,1,,1,,2,,,,9000,35000,
955332,1,2,1998,30,60000,1,,2,,,,,,,,7,2,2,,3,2,,,,3000,7000,
955342,1,1,2007,15,40000,1,,1,2,,,3,,,2011,5,1,,3.5,,2,,,,4308,20000,
955342,2,1,2007,10,80000,1,,1,1,2,,3,,,2018,5,1,,3.5,,2,,,,5400,10000,
955344,1,2,2019,30,250000,1,,2,,,,,,,,24,1,,1,,2,,,,16000,150000,
955635,1,1,2013,30,350000,1,,1,1,,,2,,,2020,20,1,,1.5,,2,,,,12000,255000,
955653,1,1,2015,22,250000,3,1,2,,,,,,,,22,2,2,,2.5,2,,,,16000,140000,
955680,1,2,2013,20,87000,1,,2,,,,,,,,10,1,,1,,2,,,,4000,43000,
955685,1,1,2015,21,250000,1,,1,1,,,7,,,2020,13,1,,2,,2,,,,16000,120000,
955710,1,1,2016,25,200000,1,,2,,,,,,,,17,1,,2.48,,2,,,,12000,166000,
955750,1,1,2014,20,240000,1,,2,,,,,,,,12,1,,3,,2,,,,18000,200000,
955757,1,3,2006,30,550000,1,,1,1,,,3,5,,2014,6,2,1,,2.5,2,,,,15000,90000,
955763,1,1,2015,30,224000,1,,2,,,,,,,,22,1,,2.8,,2,,,,9600,180000,
955839,1,1,2017,30,190000,1,,1,1,,,3,5,,2020,20,1,,1.38,,2,,,,9000,130000,
955839,2,3,2017,10,15000,3,2,1,,,,,,,,10,1,,3.6,,2,,,,1900,5000,
955853,1,1,2010,30,249000,1,,1,1,2,,3,6,,,17,1,,3,,2,,,,13200,180000,
955874,1,1,2015,30,100000,1,,1,1,,,3,,,2020,22,1,,1,,2,,,,6500,55000,
955960,1,1,2006,30,190000,1,,2,,,,,,,,13,2,1,,4,2,,,,10000,135000,
955979,1,1,2008,25,350000,1,,1,1,,,3,,,2020,12,1,,1.1,,2,,,,14125,161000,
955986,1,1,2009,30,260000,1,,2,,,,,,,,16,1,,2,,2,,,,19200,188913,
955997,1,1,2009,20,150000,1,,2,,,,,,,,7,1,,2,,2,,,,8000,60000,
956006,1,1,2014,30,450000,1,,1,1,,,3,5,,2020,25,1,,1.35,,2,,,,16800,325000,
956006,2,2,2014,15,30000,1,,1,1,,,3,6,,2020,15,1,,1.05,,2,,,,2400,27000,
956017,1,1,2013,35,270000,1,,2,,,,,,,,25,1,,2,,2,,,,9000,216000,
956041,1,3,2010,30,200000,1,,2,,,,,,,,17,1,,2,,2,,,,12000,140000,
956041,2,3,2010,30,100000,1,,2,,,,,,,,17,2,2,,1.5,2,,,,5000,60000,
956056,1,1,2010,25,180000,1,,1,1,,,3,,,2019,15,1,,1.13,,2,,,,9000,120000,
956081,1,1,2019,25,200000,1,,3,,,,,,,,22,1,,2.5,,2,,,,9600,170000,
956098,1,1,2011,30,300000,1,,2,,,,,,,,20,3,1,1,0.5,2,,,,10800,200000,
956118,1,1,2017,30,180000,1,,2,,,,,,,,25,1,,1.5,,2,,,,8400,162000,
956147,1,1,2014,30,250000,1,,2,,,,,,,,22,1,,2,,2,,,,12500,220000,
956207,1,1,2019,20,182000,1,,2,,,,,,,,17,2,2,,2,2,,,,9600,146000,
956247,1,1,2017,30,190000,1,,1,1,,,5,7,,2021,23,1,,1.7,,2,,,,7800,150000,
956254,1,1,2017,20,245000,1,,2,,,,,,,,14,1,,1,,2,,,,13300,180000,
956258,1,1,2017,25,200000,1,,1,1,,,3,5,,2020,17,1,,0.57,,2,,,,11000,165000,
956262,1,1,2018,25,300000,1,,3,,,,,,,,20,1,,4,,2,,,,20000,260000,
956353,1,1,2015,30,225000,1,,2,,,,,,,,23,1,,1.5,,2,,,,9900,200000,
956376,1,1,2018,30,144000,1,,2,,,,,,,,26,1,,2.5,,2,,,,4800,124000,
956507,1,1,2019,25,360000,1,,2,,,,,,,,21,1,,3,,2,,,,14400,300000,
956523,1,1,2016,20,60000,1,,2,,,,,,,,14,1,,3,,2,,,,4000,50000,
956665,1,1,2017,25,240000,3,1,2,,,,,,,,15,1,,2,,2,,,,10800,187000,
956783,1,1,2015,20,100000,1,,2,,,,,,,,12,1,,3,,2,,,,5200,48000,
956800,1,1,2012,20,300000,1,,1,1,,,3,,,2019,10,2,2,,2,2,,,,17000,150000,
956807,1,1,2015,15,60000,1,,2,,,,,,,,9,1,,1.95,,2,,,,4620,33842,
956892,1,1,2015,30,120000,1,,2,,,,,,,,23,1,,2,,2,,,,6000,90000,
956895,1,1,2014,25,160000,1,,2,,,,,,,,16,1,,3,,2,,,,8000,120000,
957020,1,1,2018,25,180000,1,,1,1,,,3,,,2020,20,1,,1,,2,,,,8977,154000,
957206,1,1,2015,15,40000,1,,2,,,,,,,,8,1,,1.5,,2,,,,4500,33000,
957225,1,1,2002,30,40000,1,,2,,,,,,,,8,1,,5,,1,1,,,0,8000,
957307,1,1,2017,20,220000,3,1,2,,,,,,,,15,2,2,,2,2,,,,12000,160000,
957315,1,1,2018,15,150000,1,,2,,,,,,,,10,1,,1,,2,,,,10800,100000,
957386,1,1,2018,25,160000,1,,2,,,,,,,,20,1,,1,,2,,,,8000,152000,
957386,2,2,2018,7,25000,3,1,2,,,,,,,,2,1,,2,,2,,,,3600,10000,
957492,1,1,2009,30,160000,1,,1,1,,,3,,,2021,17,1,,1,,2,,,,6800,112000,
957556,1,2,2013,20,140000,1,,2,,,,,,,,10,1,,9,,2,,,,9600,96000,
957564,1,1,2020,10,70000,3,1,2,,,,,,,,7,1,,1,,2,,,,6000,58000,
957610,1,1,2010,15,100000,1,,2,,,,,,,,3,2,2,,1.5,2,,,,8160,24480,
957657,1,1,2022,30,200000,1,,2,,,,,,,,29,1,,3,,2,,,,8000,192000,
957684,1,1,2018,20,160000,1,,2,,,,,,,,15,1,,2,,2,,,,9600,121600,
957687,1,1,2010,30,300000,1,,1,1,,,1,,,2020,18,1,,2,,2,,,,12000,200000,
957692,1,1,2017,30,180000,1,,2,,,,,,,,25,1,,1.2,,2,,,,7200,132000,
957705,1,1,2013,30,172000,1,,2,,,,,,,,21,2,2,,3,2,,,,9600,132000,
957709,1,1,2011,15,161000,1,,1,1,,,2,,,2018,3,1,,2,,2,,,,9360,28000,
957729,1,2,2010,30,100000,1,,3,,,,,,,,20,1,,4,,2,,,,6000,20000,
957760,1,1,2007,25,200000,3,1,1,,,,,,,,12,2,1,,4.5,2,,,,10800,100000,
957775,1,1,2022,30,185000,1,,2,,,,,,,,30,1,,4,,2,,,,3000,182000,
957778,1,1,2014,25,160000,1,,2,,,,,,,,15,1,,3,,2,,,,9600,75000,
957780,1,1,2018,20,70000,1,,2,,,,,,,,15,1,,2,,2,,,,4300,45000,
957983,1,3,2012,30,200000,3,1,2,,,,,,,,20,1,,3,,2,,,,7200,120000,
957988,1,1,2015,30,160000,3,1,2,,,,,,,,24,2,2,,4,2,,,,9600,140000,
958000,1,1,2017,19,300000,1,,2,,,,,,,,13,2,1,,2.4,2,,,,14000,216000,
958055,1,1,2006,20,130000,1,,2,,,,,,,,5,2,2,,3,2,,,,6000,30000,
958064,1,1,2019,30,195000,1,,2,,,,,,,,26,2,2,,4,2,,,,8000,175000,
958079,1,1,2018,25,110000,3,1,2,,,,,,,,20,1,,3,,2,,,,5500,80000,
958102,1,1,2017,20,100000,1,,2,,,,,,,,14,1,,1.8,,2,,,,7200,70000,
959058,1,1,2019,20,150000,1,,2,,,,,,,,16,2,2,,4,2,,,,10000,115000,
959124,1,1,2014,25,270000,1,,2,,,,,,,,17,2,2,,3.2,2,,,,12000,180000,
959131,1,1,2005,20,150000,1,,2,,,,,,,,2,1,,3,,2,,,,6600,19800,
959207,1,1,2018,20,225000,1,,1,3,,Ridurre prestito,7,,,2022,15,1,,2,,2,,,,5500,45000,
959264,1,1,2005,30,350000,1,,2,,,,,,,,8,3,1,2,4,2,,,,14000,100000,
959381,1,1,2019,20,170000,1,,2,,,,,,,,16,2,2,,1.7,2,,,,7500,130000,
960045,1,1,2022,20,120000,1,,2,,,,,,,,19,1,,2.2,,2,,,,7440,114000,
960182,1,1,2017,10,50000,1,,2,,,,,,,,5,2,2,,2,2,,,,5600,25000,
960223,1,1,2019,20,150000,3,1,2,,,,,,,,17,1,,3.5,,2,,,,7200,130000,
960254,1,1,2019,15,100000,1,,2,,,,,,,,11,2,2,,3,2,,,,5592,80000,1
960433,1,1,2018,20,70000,1,,2,,,,,,,,16,2,2,,3,2,,,,3960,60000,
960434,1,1,2004,26,198000,1,,1,1,,,5,,,2016,7,1,,5.5,,2,,,,9054,67000,
960481,1,1,2019,15,95000,1,,2,,,,,,,,11,1,,1.5,,2,,,,7200,55000,
960637,1,1,2019,10,60000,1,,2,,,,,,,,6,2,2,,1,2,,,,6000,40000,
960682,1,1,2010,21,460000,1,,2,,,,,,,,8,2,1,,4,2,,,,26000,180000,
961264,1,1,2017,30,170000,1,,2,,,,,,,,25,1,,2.5,,2,,,,5400,135000,
961356,1,1,2008,20,75000,1,,2,,,,,,,,5,3,1,1,2,2,,,,8000,12000,
964285,1,1,2005,30,180000,1,,1,1,,,7,,,2022,12,1,,1.5,,2,,,,5520,59000,
964539,1,1,2005,35,135000,1,,2,,,,,,,,17,2,1,,2,2,,,,4700,70000,
967093,1,2,2020,5,12000,3,1,2,,,,,,,,2,1,,3,,2,,,,2750,5200,
967629,1,1,2007,25,270000,1,,2,,,,,,,,10,2,2,,4,2,,,,15600,150000,
967647,1,1,2018,20,120000,1,,2,,,,,,,,15,1,,3,,2,,,,7200,95000,
967719,1,4,2017,13,50000,1,,1,2,,,6,,,2018,8,1,,4,,2,,,,11000,52000,
967761,1,1,2020,20,80000,1,,2,,,,,,,,18,1,,3,,2,,,,4800,72000,
968254,1,2,2018,10,30000,3,1,2,,,,,,,,6,1,,1.5,,2,,,,3600,18600,
968359,1,2,2012,15,60000,3,1,3,,,,,,,,5,1,,4,,2,,,,3600,20000,
968939,1,1,2014,20,60000,1,,1,1,,,3,,,2019,11,2,2,,4,2,,,,5000,38000,
970185,1,1,2007,25,150000,1,,2,,,,,,,,9,2,2,,5,2,,,,4800,70000,
970196,1,1,2017,30,170000,1,,1,1,,,3,,,2020,23,1,,1.2,,2,,,,7200,138000,1
970238,1,1,2005,25,100000,3,1,1,,,,,,,,7,1,,4,,2,,,,6000,30000,
970336,1,1,2016,30,195000,1,,1,1,,,2,,,2020,23,1,,1.22,,2,,,,8000,164000,
970357,1,1,2013,12,65000,1,,2,,,,,,,,2,1,,5,,2,,,,7440,15500,
970630,1,1,2013,13,240000,1,,1,1,,,3,5,,2015,3,1,,0.75,,2,,,,16500,53400,
970716,1,1,2018,15,150000,1,,2,,,,,,,,10,1,,0.25,,2,,,,10080,100000,
970819,1,1,2018,15,100000,1,,2,,,,,,,,10,1,,3,,2,,,,7800,85800,
971131,1,2,2015,20,100000,1,,2,,,,,,,,12,1,,2.4,,2,,,,6000,66000,
971152,1,2,2019,20,100000,1,,2,,,,,,,,17,2,2,,7,2,,,,6000,88000,
971349,1,2,2013,12,45000,1,,2,,,,,,,,2,2,1,,2,2,,,,4500,9000,
971476,1,1,2020,20,160000,1,,1,1,,,2,,,2020,17,1,,1.5,,2,,,,9600,140000,
971476,2,2,2017,20,30000,1,,2,,,,,,,,14,1,,1.5,,2,,,,3000,12000,
972798,1,1,2019,30,150000,1,,3,,,,,,,,26,3,2,2,2,2,,,,8400,120000,
973177,1,1,2016,20,152000,1,,1,1,,,6,,,2018,15,1,,2.7,,2,,,,8268,117407,
973304,1,1,2010,30,150000,1,,2,,,,,,,,17,2,2,,4,2,,,,7800,90000,
973334,1,1,2010,25,200000,1,,2,,,,,,,,12,2,2,,3,2,,,,11000,95000,1
973354,1,1,2018,30,188000,1,,2,,,,,,,,26,1,,3,,1,2,1,6,4900,175000,
974073,1,1,2017,30,100000,1,,2,,,,,,,,20,1,,1.5,,2,,,,3600,93000,
974075,1,1,2018,20,110000,1,,2,,,,,,,,15,1,,1,,2,,,,6000,80000,
974174,1,1,2005,20,200000,1,,2,,,,,,,,2,2,1,,1,2,,,,4800,15000,
974630,1,1,2009,25,225000,1,,2,,,,,,,,11,2,2,,1.25,2,,,,11040,110000,
974647,1,1,2022,30,130000,1,,2,,,,,,,,29,2,2,,2.7,2,,,,2100,127900,
974913,1,1,2017,10,150000,3,1,2,,,,,,,,3,1,,1.56,,2,,,,14646,50000,
980045,1,1,2021,25,300000,1,,2,,,,,,,,24,1,,2.5,,2,,,,14400,287000,
980080,1,1,2007,30,70000,1,,1,1,,,1,,,2020,15,1,,2,,2,,,,2700,43000,
980089,1,1,2018,20,100000,1,,2,,,,,,,,14,1,,1,,2,,,,3000,88000,
980171,1,1,2012,15,130000,1,,1,1,,,2,,,2016,4,1,,2.3,,2,,,,6072,24000,
980184,1,1,2018,20,175000,1,,1,1,,,2,,,2021,15,1,,2,,2,,,,8400,126000,
980250,1,1,2012,35,307000,1,,1,1,,,3,5,,2019,11,1,,0.75,,2,,,,16000,184000,
980289,1,3,2018,20,65000,1,,2,,,,,,,,15,1,,1.8,,2,,,,3840,50000,
980333,1,1,2000,30,130000,3,1,2,,,,,,,,8,1,,3,,2,,,,4500,35000,
980342,1,1,1996,30,80000,1,,2,,,,,,,,5,1,,3,,2,,,,3400,16800,
980477,1,1,2007,23,112000,1,,2,,,,,,,,8,2,2,,1,2,,,,5500,39000,
980491,1,1,2016,15,40000,1,,2,,,,,,,,9,1,,2.3,,2,,,,3228,25393,
980493,1,1,2017,30,185000,1,,1,1,,,8,,Fissato un tetto massimo al tasso variabile,2022,25,2,1,,4.5,2,,,,9250,160000,
980493,2,1,2022,30,130000,1,,2,,,,,,,,30,1,,3.5,,2,,,,650,129350,
980544,1,1,2009,25,190000,1,,1,1,,,5,,,2018,1,1,,3,,2,,,,20000,33000,
980972,1,1,2018,20,328000,1,,2,,,,,,,,14,1,,1,,2,,,,19164,260000,
980976,1,1,2022,10,141750,1,,2,,,,,,,,9,1,,2.22,,2,,,,5300,136450,
980996,1,1,2007,30,90000,1,,2,,,,,,,,13,2,1,,3.5,2,,,,4000,45000,
980998,1,1,2005,20,100000,1,,2,,,,,,,,2,3,2,6,7,2,,,,7000,20000,
981117,1,1,2020,20,500000,1,,2,,,,,,,,17,1,,0.9,,2,,,,25000,450000,
981146,1,4,2013,20,400000,1,,2,,,,,,,,11,1,,0.6,,2,,,,19000,220000,
981163,1,1,2019,9,110000,1,,2,,,,,,,,26,1,,1.5,,2,,,,14000,60000,
981180,1,2,2021,20,119000,1,,2,,,,,,,,18,2,1,,2,2,,,,6600,112000,
981252,1,1,2013,20,100000,1,,2,,,,,,,,10,1,,1.5,,2,,,,4200,40000,
981361,1,3,2022,20,150000,3,1,2,,,,,,,,19,1,,3,,2,,,,4000,49000,
981412,1,1,2016,25,69000,1,,2,,,,,,,,19,1,,2.5,,2,,,,4644,57437,
981503,1,1,2013,30,45000,1,,1,1,,,3,,,2018,20,1,,2.5,,2,,,,2220,35734,
981625,1,1,2010,30,230000,1,,2,,,,,,,,16,2,2,,4.5,2,,,,14000,150000,
981784,1,1,2006,24,60000,1,,2,,,,,,,,7,1,,3,,2,,,,3200,20000,
982004,1,1,2021,30,327000,1,,2,,,,,,,,28,1,,0.05,,2,,,,11000,305000,
982095,1,1,2006,16,90000,3,1,2,,,,,,,,1,2,1,,4,2,,,,6000,6000,
982098,1,3,2017,20,80000,3,1,3,,,,,,,,15,2,2,,5,2,,,,6000,50000,
982101,1,3,2020,20,150000,3,1,2,,,,,,,,18,1,,3.5,,2,,,,8000,130000,
982114,1,1,2004,20,140000,1,,2,,,,,,,,2,1,,4,,2,,,,8400,16000,
982138,1,1,2007,30,135000,1,,2,,,,,,,,15,1,,3,,1,2,1,3,6000,80000,
982163,1,1,2012,15,120000,1,,2,,,,,,,,5,1,,0.5,,2,,,,8000,40000,
982804,1,1,2009,30,130000,1,,2,,,,,,,,16,2,2,,4,2,,,,7200,54400,
982929,1,1,2008,20,60000,3,1,2,,,,,,,,6,1,,3,,2,,,,3600,20000,
982944,1,3,2018,25,80000,3,1,2,,,,,,,,20,2,2,,3,2,,,,3000,60000,
982946,1,1,2019,25,60000,3,1,2,,,,,,,,21,1,,3,,2,,,,2500,50000,
982988,1,1,2011,30,180000,1,,2,,,,,,,,18,2,2,,2,2,,,,5700,130000,
983057,1,1,2017,15,190000,2,,1,,,,,,,,6,1,,4,,2,,,,15000,76000,
983057,2,1,2022,7,70000,2,,2,,,,,,,,4,1,,2,,2,,,,8000,63000,
983059,1,1,2017,35,90000,1,,1,1,,,5,,,2022,25,1,,2,,2,,,,7200,70000,
983511,1,1,2017,20,150000,1,,1,1,,,3,,,2021,14,1,,0.5,,2,,,,8400,95000,
983597,1,3,2020,39,229000,1,,2,,,,,,,,35,2,2,,1.5,2,,,,7500,220000,
983608,1,1,2015,25,215000,1,,1,1,,,3,,,2019,17,1,,2.01,,2,,,,11196,167000,
983611,1,1,2017,30,380000,3,1,2,,,,,,,,24,1,,1.6,,2,,,,9000,160000,
983916,1,1,2020,11,330000,1,,2,,,,,,,,9,1,,0.8,,2,,,,31400,261000,
984010,1,1,2015,12,45000,3,1,2,,,,,,,,4,1,,2,,2,,,,6400,18582,
984122,1,1,2016,25,350000,1,,2,,,,,,,,19,2,2,,1.5,2,,,,16000,237000,
984127,1,1,2018,10,90000,3,1,2,,,,,,,,5,1,,1.7,,2,,,,8555,45894,
984153,1,1,2012,25,60000,1,,2,,,,,,,,10,1,,4,,2,,,,4000,40000,
984171,1,1,2014,20,130000,1,,1,1,,,2,,,2018,12,1,,2.17,,2,,,,7200,80000,
984171,2,2,2015,10,20000,3,1,2,,,,,,,,2,1,,2.2,,2,,,,2400,4000,
984179,1,3,2011,30,130000,1,,2,,,,,,,,18,3,1,1,1,2,,,,6000,86000,
984365,1,1,2011,30,90000,3,1,2,,,,,,,,18,2,2,,4,2,,,,6000,35000,
984442,1,3,2012,30,200000,1,,2,,,,,,,,20,2,2,,5,2,,,,7200,145000,
984442,2,2,2020,7,10000,3,1,2,,,,,,,,5,1,,6,,2,,,,1800,6500,
984524,1,2,2021,9,6200,3,1,2,,,,,,,,6,2,1,,10,2,,,,1200,6000,
984699,1,1,2013,15,52000,1,,1,1,,,3,,,2015,6,1,,2.6,,2,,,,4500,18000,
984699,2,1,2021,20,50000,1,,2,,,,,,,,17,1,,1.1,,2,,,,2800,40000,
984912,1,1,2017,25,110000,3,1,2,,,,,,,,19,1,,2.2,,2,,,,6000,79000,
984913,1,1,2017,10,35000,3,1,2,,,,,,,,6,1,,1.5,,2,,,,3960,20660,
984927,1,2,2022,1,50000,3,1,2,,,,,,,,1,2,2,,5,2,,,,0,50000,
985061,1,1,2007,30,240000,1,,1,1,,,3,,,2020,15,1,,2.4,,2,,,,12000,160000,
985080,1,1,2005,30,95000,1,,2,,,,,,,,13,1,,2.8,,2,,,,6108,79000,
985092,1,1,2003,25,111000,1,,1,1,,,3,,,2015,6,1,,3.5,,2,,,,6720,40000,
985093,1,1,2015,20,90000,1,,2,,,,,,,,13,1,,1.2,,2,,,,4800,55000,
985159,1,1,2017,20,70000,1,,2,,,,,,,,14,2,2,,2,1,2,1,3,3240,56000,
985170,1,1,2014,25,90000,1,,2,,,,,,,,15,1,,1.7,,2,,,,4400,60000,
985435,1,2,2017,15,50000,1,,2,,,,,,,,9,1,,1,,2,,,,4560,35191,
985517,1,2,2017,10,65000,1,,2,,,,,,,,4,2,2,,2,2,,,,6100,25000,
985773,1,1,2005,25,110000,1,,2,,,,,,,,8,2,2,,4.5,2,,,,6000,40000,
985780,1,1,2017,25,82000,1,,2,,,,,,,,19,1,,2.81,,2,,,,4488,67000,
985826,1,3,2017,29,130000,1,,2,,,,,,,,23,2,2,,4,2,,,,7200,98800,
985927,1,2,2022,3,20000,3,1,2,,,,,,,,2,2,2,,1,2,,,,5000,15000,
985959,1,3,2021,30,70000,3,1,2,,,,,,,,30,1,,3,,2,,,,3000,68000,
986249,1,1,2008,25,120000,1,,1,1,,,1,8,Aumento degli anni,2009,3,2,2,,3.5,2,,,,6720,21000,
986438,1,1,2017,15,300000,1,,2,,,,,,,,10,1,,2.5,,2,,,,22000,220000,
986443,1,2,2019,10,20000,3,1,1,,,,,,,,6,1,,12,,2,,,,5000,17000,
986443,2,2,2020,5,8000,3,1,2,,,,,,,,3,1,,9,,2,,,,2500,6500,
986608,1,1,2007,30,170000,1,,2,,,,,,,,16,2,2,,5,2,,,,8400,109000,1
986617,1,3,2020,20,230000,1,,2,,,,,,,,17,1,,1.5,,2,,,,18000,210000,
987016,1,1,2016,10,60000,1,,2,,,,,,,,4,1,,1,,2,,,,7284,25000,
987023,1,2,2018,10,70000,3,1,2,,,,,,,,5,1,,3,,2,,,,8400,39000,
987063,1,1,2017,20,140000,1,,2,,,,,,,,14,1,,2.15,,2,,,,6960,98000,
987068,1,1,2007,30,150000,3,1,2,,,,,,,,15,2,2,,3.5,2,,,,7200,75000,
987207,1,1,2003,25,100000,3,1,2,,,,,,,,5,2,2,,3,2,,,,7200,30000,
987292,1,1,2007,20,100000,1,,2,,,,,,,,5,2,2,,3,2,,,,6000,40000,
987566,1,1,2018,17,100000,1,,2,,,,,,,,12,1,,1.8,,2,,,,6000,75000,
987650,1,1,2014,30,120000,1,,1,1,,,2,,,2022,23,1,,1.8,,2,,,,5100,75000,
987856,1,1,2014,15,250000,1,,2,,,,,,,,7,2,2,,1,2,,,,30000,12000,
987859,1,1,2011,30,100000,1,,1,1,,,3,,,2021,19,2,1,,4.1,2,,,,5160,66000,
987862,1,1,2017,15,150000,1,,2,,,,,,,,9,1,,1.5,,2,,,,10320,93000,
988159,1,1,2021,20,980000,1,,2,,,,,,,,17,1,,0.6,,2,,,,52000,867000,1
988183,1,1,2018,30,340000,1,,1,1,,,3,,,2021,26,1,,1.6,,2,,,,13800,291000,
988183,2,2,2018,10,25000,1,,2,,,,,,,,6,1,,5.2,,2,,,,3000,18000,
988355,1,1,2007,25,260000,1,,1,1,,,3,,,2018,8,2,2,,3.48,2,,,,11040,83200,
988370,1,1,2018,23,160000,1,,1,1,,,3,,,2020,17,1,,1.5,,2,,,,7848,137000,
988407,1,1,2019,30,150000,3,1,2,,,,,,,,27,1,,1.5,,2,,,,8000,90000,
988412,1,1,2019,20,100000,1,,2,,,,,,,,16,1,,4.5,,2,,,,5400,78000,
988742,1,3,2020,30,140000,1,,2,,,,,,,,27,1,,1.8,,2,,,,5160,135000,
988790,1,1,2010,20,200000,1,,2,,,,,,,,1,2,2,,5,2,,,,16000,25000,
988796,1,1,2010,30,150000,1,,2,,,,,,,,17,1,,2,,2,,,,8400,90000,
988854,1,1,2012,30,200000,1,,2,,,,,,,,19,1,,2,,2,,,,7000,170000,
989001,1,1,2015,25,130000,1,,2,,,,,,,,18,1,,1,,2,,,,5200,98000,
989001,2,2,2019,20,55000,1,,2,,,,,,,,18,1,,1,,2,,,,3200,48000,
989016,1,1,2019,20,150000,1,,2,,,,,,,,16,2,1,,4,2,,,,8500,130000,
989028,1,1,2016,25,120000,1,,2,,,,,,,,17,2,2,,4,2,,,,4500,69000,
989028,2,1,2016,15,64000,1,,2,,,,,,,,10,2,1,,3,2,,,,5008,10000,
989186,1,1,2007,30,150000,1,,2,,,,,,,,14,2,1,,3.75,2,,,,6500,80000,
989196,1,1,2017,30,150000,1,,2,,,,,,,,24,2,2,,2.25,2,,,,4000,135000,
989196,2,2,2022,20,45000,1,,2,,,,,,,,19,2,2,,3,2,,,,3500,43000,
989221,1,3,2017,15,50000,1,,2,,,,,,,,9,2,1,,3.5,2,,,,3800,33000,
989707,1,1,2015,30,90000,1,,2,,,,,,,,22,1,,2,,2,,,,4800,80000,
990020,1,3,2009,30,70000,3,1,2,,,,,,,,16,1,,3,,2,,,,4880,40000,
990061,1,1,2010,20,90000,1,,2,,,,,,,,7,2,2,,9,2,,,,6000,35000,
990220,1,1,2004,25,110000,1,,2,,,,,,,,5,1,,1.8,,2,,,,4600,23000,1
990286,1,1,2018,30,308000,1,,2,,,,,,,,28,1,,1.5,,2,,,,18000,275000,
990402,1,1,2019,20,300000,3,1,2,,,,,,,,16,1,,3,,2,,,,18000,160000,
990443,1,1,2017,25,186000,1,,2,,,,,,,,19,1,,1.6,,2,,,,8000,125000,
990488,1,1,2017,30,220000,1,,2,,,,,,,,24,2,2,,1.15,2,,,,10000,150000,1
990498,1,1,2017,20,200000,1,,1,1,,,3,,,2019,15,1,,1,,2,,,,11600,150000,
990506,1,1,2018,20,120000,1,,2,,,,,,,,8,1,,2.4,,2,,,,8400,30000,
990690,1,1,2019,25,185000,1,,2,,,,,,,,21,2,2,,4.5,2,,,,11000,140000,
990737,1,2,2015,20,120000,1,,2,,,,,,,,12,1,,1,,2,,,,6400,80000,
990775,1,1,2020,20,200000,1,,2,,,,,,,,18,2,1,,2.9,2,,,,8400,180000,
990854,1,3,2013,25,190000,1,,2,,,,,,,,18,2,2,,4,2,,,,9000,170000,
990873,1,1,2020,25,110000,1,,2,,,,,,,,22,1,,4,,2,,,,15000,101000,
990925,1,1,2013,15,120000,1,,2,,,,,,,,5,1,,2,,2,,,,9600,45000,
990929,1,1,2015,25,150000,1,,2,,,,,,,,17,2,2,,4.5,2,,,,7800,90000,
991011,1,1,2021,25,150000,1,,2,,,,,,,,23,1,,1.21,,2,,,,7000,134000,
991028,1,1,2005,30,180000,1,,2,,,,,,,,15,2,2,,3,2,,,,8500,90000,
991033,1,2,2022,10,100000,1,,2,,,,,,,,9,1,,1.3,,2,,,,6000,90000,
991040,1,2,2011,25,1400000,1,,2,,,,,,,,13,1,,2,,2,,,,90000,550000,2
991045,1,2,2019,9,87000,1,,2,,,,,,,,6,3,2,2.26,5.4,2,,,,9800,53000,
991047,1,3,2019,20,125000,1,,1,2,,,6,,,2021,18,1,,1.6,,2,,,,12000,160000,1
991130,1,1,2008,30,180000,1,,2,,,,,,,,15,2,2,,2,2,,,,10000,60000,
991184,1,2,2021,5,10000,3,1,2,,,,,,,,3,1,,6,,2,,,,2000,6000,
991222,1,1,2022,30,90000,1,,2,,,,,,,,29,1,,2,,2,,,,1800,88200,
991250,1,2,2017,10,30000,3,1,2,,,,,,,,4,1,,4,,2,,,,3100,15000,
991274,1,1,2018,20,150000,3,1,2,,,,,,,,15,1,,1.64,,2,,,,8800,119000,
991278,1,2,2014,20,120000,1,,1,1,,,3,,,2020,10,2,2,,1,2,,,,4500,50000,
991290,1,1,2019,30,170000,1,,2,,,,,,,,26,2,1,,1.9,2,,,,7320,140000,
991303,1,3,2021,20,150000,1,,2,,,,,,,,19,1,,1.2,,2,,,,9000,141000,
991320,1,1,2019,35,70000,1,,2,,,,,,,,30,1,,2.12,,2,,,,3120,55000,
991326,1,2,2009,15,120000,1,,2,,,,,,,,0,2,2,,2.3,2,,,,9620,6600,
991351,1,1,2021,30,180000,1,,2,,,,,,,,28,2,2,,1,2,,,,6700,165000,
991370,1,1,2018,25,140000,1,,2,,,,,,,,20,2,2,,3,2,,,,7200,115000,
991461,1,1,2008,15,122000,1,,1,1,,,3,,,2018,1,1,,2.5,,2,,,,11100,12800,
991929,1,1,2006,30,180000,1,,2,,,,,,,,14,2,2,,0.5,2,,,,8000,93600,
991956,1,1,2013,22,88000,1,,2,,,,,,,,12,2,1,,4,2,,,,6840,65000,
992127,1,1,2014,25,148000,3,1,1,,,,,,,,16,1,,1.5,,2,,,,7000,120000,
992133,1,1,2015,20,240000,1,,1,1,,,2,,,2021,13,1,,2.2,,2,,,,9360,120158,
992145,1,1,2017,25,130000,3,1,2,,,,,,,,19,1,,0.9,,2,,,,6000,100000,
992226,1,1,2021,30,111000,3,2,2,,,,,,,,28,2,2,,1.5,2,,,,6000,107000,
992303,1,1,2021,25,120000,1,,2,,,,,,,,24,1,,1.5,,2,,,,5000,115000,
992439,1,1,2021,30,80000,1,,2,,,,,,,,28,2,1,,4,2,,,,4000,73000,
992469,1,1,2008,25,120000,1,,2,,,,,,,,10,2,2,,5,2,,,,7000,50000,
992898,1,2,2019,20,70000,1,,2,,,,,,,,16,1,,2,,2,,,,5000,65000,
993121,1,1,2010,30,112000,1,,1,1,,,3,,,2017,17,1,,1.5,,2,,,,6000,84000,
993131,1,3,2010,25,90000,1,,2,,,,,,,,12,2,2,,1.86,2,,,,4200,60000,
993195,1,1,2017,20,62000,1,,2,,,,,,,,14,1,,2.16,,2,,,,3800,47000,
993503,1,1,2006,30,210000,1,,2,,,,,,,,2,2,2,,3,2,,,,6500,55000,
993513,1,1,2018,25,140000,1,,1,1,,,3,,,2021,19,1,,1.05,,2,,,,7000,126500,
993546,1,2,2016,18,57000,1,,2,,,,,,,,10,1,,4,,2,,,,3840,30000,
993593,1,1,2015,30,120000,1,,2,,,,,,,,23,1,,1.7,,2,,,,5600,110000,1
994242,1,1,2008,30,100000,1,,1,1,,,5,,,2010,5,2,1,,2,2,,,,3600,13000,
994291,1,1,2016,15,115000,1,,2,,,,,,,,8,1,,1.3,,2,,,,8500,70000,
994533,1,1,2018,15,80000,1,,2,,,,,,,,10,2,2,,4,2,,,,7200,35000,
994549,1,1,2016,20,100000,1,,2,,,,,,,,13,2,1,,4,2,,,,6000,75000,
994555,1,1,2017,10,40000,1,,2,,,,,,,,4,2,1,,3,2,,,,4500,16000,
994832,1,1,2012,15,30000,3,1,2,,,,,,,,4,2,1,,4,2,,,,3180,9000,
995061,1,1,2019,25,65000,1,,2,,,,,,,,22,2,2,,1.5,2,,,,3600,60700,
995183,1,1,2021,15,200000,1,,2,,,,,,,,13,2,2,,0.4,2,,,,14400,180000,
995388,1,1,2003,20,130000,1,,1,1,,,3,,,2014,1,2,2,,2.5,2,,,,9200,12000,
995397,1,1,2009,30,180000,1,,1,1,,,3,,,2015,16,1,,1,,2,,,,9600,92000,1
995757,1,1,2014,14,110000,1,,1,1,,,3,,,2019,6,1,,1.15,,2,,,,7150,38500,
995767,1,2,2014,20,100000,1,,2,,,,,,,,15,1,,5,,2,,,,7800,70000,1
995782,1,1,2021,25,130000,1,,2,,,,,,,,23,1,,1,,2,,,,6720,123000,
995814,1,1,2016,25,145000,1,,1,2,,,4,6,,2021,23,1,,2.2,,2,,,,7800,130000,
996251,1,1,2020,30,130000,3,1,2,,,,,,,,27,1,,1,,2,,,,4200,100000,
996321,1,1,2017,20,100000,1,,2,,,,,,,,15,1,,1,,2,,,,5400,80000,
996426,1,1,2018,10,150000,1,,2,,,,,,,,5,2,2,,2,1,2,1,12,0,120000,
996443,1,1,2019,25,90000,1,,2,,,,,,,,21,3,1,4,5,2,,,,4800,70000,
996658,1,1,2006,20,50000,3,1,3,,,,,,,,5,1,,5,,1,1,,,0,20000,
996708,1,1,2019,30,300000,1,,2,,,,,,,,26,1,,2.4,,2,,,,14400,242000,
996748,1,1,2011,25,70000,1,,1,1,,,2,,,2019,14,1,,4.2,,2,,,,4200,58000,
997352,1,3,2019,20,80000,3,1,2,,,,,,,,17,1,,4,,2,,,,5400,50000,
997464,1,1,2007,20,193000,3,1,1,,,,,,,,4,2,2,,1.9,2,,,,10000,39000,
997566,1,2,2016,10,20000,1,,2,,,,,,,,3,3,2,5,2,2,,,,2100,8600,
997772,1,1,2003,25,80000,3,1,2,,,,,,,,0,2,2,,0.5,2,,,,4200,32000,
997913,1,1,2017,30,80000,3,1,1,,,,,,,,25,1,,2.4,,2,,,,4800,70000,
997978,1,1,2022,30,170000,1,,2,,,,,,,,29,1,,1.5,,2,,,,7200,167000,
997991,1,1,2019,15,130000,1,,2,,,,,,,,12,1,,4.5,,2,,,,6000,117000,
998163,1,2,2020,15,30000,1,,2,,,,,,,,13,1,,1,,2,,,,2200,20000,
998227,1,1,2011,25,250000,1,,2,,,,,,,,14,1,,3,,2,,,,9600,150000,
998381,1,2,2007,23,80000,1,,1,3,,RIDURRE LA DURATA,5,,,2010,2,1,,3,,2,,,,6000,20000,
998420,1,1,2016,15,175000,1,,2,,,,,,,,7,1,,2.5,,2,,,,13800,100000,
998428,1,1,2020,30,260000,1,,2,,,,,,,,27,1,,1.4,,2,,,,10000,240000,
998574,1,1,2008,25,70000,1,,2,,,,,,,,11,1,,3,,2,,,,4690,56000,
998604,1,1,2020,25,250000,1,,2,,,,,,,,22,1,,1.5,,2,,,,15000,200000,
998606,1,1,2010,16,600000,1,,2,,,,,,,,3,1,,2,,2,,,,40000,100000,
999118,1,2,2022,10,60000,3,1,2,,,,,,,,9,1,,3,,2,,,,6000,50000,
999433,1,1,2013,23,379000,1,,1,1,,,3,,,2021,13,3,2,1.39,0.21,2,,,,20450,252900,
999637,1,2,2016,10,150000,3,1,1,,,,,,,,3,3,1,2.5,2.5,2,,,,15600,38000,
999681,1,1,2017,12,146000,3,1,2,,,,,,,,4,2,2,,3,2,,,,14400,52000,1
999748,1,1,2012,20,120000,1,,2,,,,,,,,10,2,2,,3.5,2,,,,8000,68000,
999951,1,2,2016,15,100000,1,,2,,,,,,,,8,1,,3.5,,2,,,,7000,52000,
1000088,1,2,2022,1,15000,1,,2,,,,,,,,1,1,,2,,2,,,,3000,12000,
1000102,1,3,2019,15,70000,1,,2,,,,,,,,11,1,,2,,2,,,,4200,66000,
1000294,1,1,2007,30,250000,3,1,1,,,,,,,,13,2,2,,3.5,2,,,,9000,135000,
1000311,1,1,2002,22,80000,1,,2,,,,,,,,1,3,2,4,2,2,,,,4000,4500,
1000338,1,1,2020,25,180000,1,,2,,,,,,,,22,1,,1,,2,,,,7400,170000,
1000615,1,1,2009,20,130000,1,,2,,,,,,,,7,2,2,,5.5,2,,,,7800,74000,1
1000672,1,1,2020,30,75000,1,,2,,,,,,,,28,2,1,,1.9,2,,,,4800,60000,
1000815,1,1,2007,20,100000,1,,2,,,,,,,,4,2,2,,1,2,,,,5500,26785,
1001205,1,1,2016,15,70000,1,,2,,,,,,,,8,2,1,,5,2,,,,6000,48000,
1001265,1,1,2010,30,185000,1,,2,,,,,,,,18,1,,2.2,,2,,,,6540,112000,
1001356,1,1,2014,20,164000,1,,1,1,,,3,,,2020,11,2,1,,4,2,,,,11640,106000,
1001428,1,1,2018,15,200000,1,,2,,,,,,,,10,1,,1.5,,2,,,,14000,144000,
1001489,1,1,2018,20,360000,1,,2,,,,,,,,15,1,,1.7,,2,,,,22200,333000,
1001859,1,1,2020,25,95000,1,,2,,,,,,,,22,1,,2,,2,,,,4810,82000,
1001883,1,1,2008,30,168000,1,,2,,,,,,,,15,2,2,,2.5,2,,,,12000,117000,
1001901,1,1,2019,25,95000,1,,2,,,,,,,,21,1,,2.8,,2,,,,5300,84000,
1001972,1,1,2009,30,250000,1,,2,,,,,,,,16,2,2,,2,2,,,,8000,145000,
1001996,1,2,2012,20,130000,1,,2,,,,,,,,9,2,2,,3.4,2,,,,7000,80000,
1001996,2,2,2020,5,5000,2,,2,,,,,,,,2,1,,4,,2,,,,2000,3400,
1002015,1,1,2012,30,160000,1,,1,1,,,3,,,2018,12,1,,1.7,,2,,,,7500,109000,
1002023,1,1,2021,15,107000,1,,2,,,,,,,,13,1,,1.7,,2,,,,8136,95000,
1002116,1,1,2008,23,150000,1,,2,,,,,,,,8,2,1,,4,2,,,,12000,60000,
1002275,1,1,2001,30,120000,1,,1,1,,,3,5,,2010,4,2,2,,3.5,2,,,,10200,40000,
1002280,1,1,2006,25,100000,1,,1,1,,,1,2,,2018,8,2,1,,4.5,2,,,,4800,33700,
1002282,1,1,2015,25,109000,1,,2,,,,,,,,17,3,2,2,2,2,,,,6000,90000,
1002290,1,1,2009,30,150000,3,1,2,,,,,,,,15,2,2,,1,2,,,,5400,92000,
1002475,1,1,2020,30,180000,1,,2,,,,,,,,27,2,1,,1.85,2,,,,7200,168000,1
1002529,1,2,2009,15,75000,3,1,2,,,,,,,,1,1,,1.75,,2,,,,3800,12000,
1002554,1,3,2018,30,190000,1,,2,,,,,,,,25,2,2,,7,2,,,,8800,159000,
1002557,1,1,2016,15,60000,3,1,2,,,,,,,,7,1,,1.7,,2,,,,4560,31000,1
1002759,1,1,2015,25,140000,1,,3,,,,,,,,16,1,,2,,2,,,,7200,80000,
1002842,1,2,2015,20,60000,1,,1,3,,Per finire la ristrutturazione della casa,3,,,2017,11,1,,2.3,,2,,,,7200,37000,
1002902,1,1,2012,20,125000,1,,2,,,,,,,,10,3,1,2,5,2,,,,9000,70000,
1002954,1,2,2014,10,90000,1,,1,1,,,3,,,2018,1,1,,1.6,,2,,,,10320,25000,
1002954,2,2,2020,5,15000,3,1,2,,,,,,,,2,2,2,,1,2,,,,4000,8000,
1002988,1,3,2015,22,315000,1,,3,,,,,,,,22,2,2,,5,2,,,,15000,260000,
1003296,1,2,2018,10,80000,1,,2,,,,,,,,7,2,2,,2,2,,,,7500,50000,
1003548,1,1,2019,20,160000,3,1,3,,,,,,,,16,1,,1,,2,,,,9600,153000,
1003551,1,1,2017,30,240000,1,,1,1,,,3,,,2021,24,1,,1.15,,2,,,,8500,180000,
1003816,1,1,2016,20,105000,1,,1,1,,,3,5,,2019,17,1,,0.75,,2,,,,7100,78000,
1003894,1,1,2020,30,620000,1,,1,1,,,2,,,2022,27,1,,4,,2,,,,9300,548000,
1004111,1,1,2010,20,200000,1,,2,,,,,,,,7,2,2,,1.05,2,,,,9600,70000,
1004192,1,1,2019,25,150000,1,,2,,,,,,,,20,1,,1.5,,2,,,,7500,140000,
1004288,1,1,2017,15,50000,1,,2,,,,,,,,10,2,2,,2.5,2,,,,7000,30000,
1004461,1,3,2010,20,80000,1,,2,,,,,,,,7,2,1,,3,2,,,,5000,25000,
1004586,1,1,2010,30,189000,1,,2,,,,,,,,17,2,2,,3.5,2,,,,7831,120860,
1004591,1,2,2022,5,7000,3,1,2,,,,,,,,4,1,,5.2,,2,,,,1716,6700,
1004600,1,1,2014,25,114000,1,,2,,,,,,,,18,1,,1.15,,2,,,,5076,90000,
1004622,1,1,2017,15,80000,1,,2,,,,,,,,9,1,,2,,2,,,,3960,45000,
1004664,1,1,2010,30,160000,1,,2,,,,,,,,18,2,2,,1.8,2,,,,7000,108000,
1004713,1,1,2020,30,150000,3,1,2,,,,,,,,27,1,,1.2,,2,,,,6240,142000,
1004740,1,2,2010,20,150000,1,,2,,,,,,,,7,1,,2.8,,2,,,,8000,48000,
1004781,1,2,2012,25,130000,1,,1,1,,,3,,,2019,14,1,,1.5,,2,,,,6600,85000,
1004781,2,2,2013,25,33000,1,,2,,,,,,,,15,1,,2.8,,2,,,,1800,25000,
1005030,1,1,2009,15,220000,1,,1,1,,,3,8,Allungato la durata,2017,9,2,2,,3,2,,,,8800,130000,
1005090,1,2,2006,30,60000,1,,1,1,,,3,,,2020,9,1,,2.5,,2,,,,5000,40000,
1005168,1,3,2001,27,70000,1,,1,2,,,6,,,2007,4,1,,3,,2,,,,4800,24000,1
1005292,1,1,2018,30,200000,1,,2,,,,,,,,24,1,,2,,2,,,,9600,161600,
1005315,1,1,2017,30,179000,1,,2,,,,,,,,23,2,2,,2,2,,,,7000,140000,
1005384,1,1,2005,25,250000,1,,3,,,,,,,,7,2,2,,4,2,,,,15000,100000,
1005688,1,1,2013,25,145000,1,,1,1,,,2,,,2020,15,1,,0.97,,2,,,,7900,110,
1005770,1,1,2006,30,100000,1,,2,,,,,,,,12,2,2,,2,2,,,,5000,60000,
1005897,1,1,2010,20,220000,1,,2,,,,,,,,7,2,1,,4,2,,,,13000,73000,
1005929,1,1,2008,30,160000,1,,2,,,,,,,,13,2,2,,3,2,,,,5000,100000,
1006037,1,1,1999,30,250000,1,,2,,,,,,,,5,1,,4,,2,,,,9000,40000,
1006110,1,1,2020,30,500000,1,,1,1,,,3,,,2022,27,1,,0.9,,2,,,,19000,460000,
1006184,1,1,2017,25,150000,1,,2,,,,,,,,19,1,,3.25,,2,,,,7560,139000,
1006209,1,1,2015,30,300000,1,,2,,,,,,,,23,2,1,,3,2,,,,9000,250000,
1006319,1,1,2014,30,140000,1,,2,,,,,,,,22,1,,2,,2,,,,5500,105000,
1006374,1,1,2018,30,100000,1,,2,,,,,,,,25,1,,1.9,,2,,,,4560,87000,
1006411,1,1,2000,25,250000,1,,2,,,,,,,,5,1,,2,,2,,,,9600,50000,
1006458,1,1,2017,20,150000,1,,2,,,,,,,,14,1,,2,,2,,,,7500,105000,
1006573,1,1,2017,20,157000,1,,2,,,,,,,,15,2,1,,2.5,2,,,,8200,117000,
1006573,2,1,2022,4,6000,3,2,2,,,,,,,,3,1,,2.5,,2,,,,1700,4300,
1006839,1,1,2005,20,160000,3,1,1,,,,,,,,2,2,2,,2,2,,,,12800,25000,
1007160,1,1,2005,20,170000,1,,2,,,,,,,,2,2,2,,1,2,,,,10000,30000,
1007160,2,1,2011,20,120000,1,,2,,,,,,,,7,2,2,,1.5,2,,,,7000,70000,
1008011,1,1,2007,25,130000,3,1,2,,,,,,,,10,1,,4.5,,2,,,,4650,75000,
1008156,1,1,2021,25,248000,1,,2,,,,,,,,24,1,,2,,2,,,,9600,237000,
1008334,1,1,2012,20,100000,1,,1,1,,,3,,,2017,9,3,2,1,4,2,,,,6000,70000,
1008356,1,1,2012,20,200000,1,,2,,,,,,,,9,2,2,,3.5,2,,,,12000,126000,
1008419,1,1,2007,30,160000,1,,2,,,,,,,,14,1,,2,,1,1,,,0,100000,1
1008597,1,1,2021,30,340000,1,,2,,,,,,,,28,1,,8,,2,,,,13000,320000,
1008597,2,1,2011,30,180000,1,,2,,,,,,,,18,2,2,,2.8,2,,,,8000,121000,
1009007,1,1,2016,30,175000,1,,2,,,,,,,,25,3,2,3,3,2,,,,6200,150000,
1009863,1,1,2022,25,130000,1,,2,,,,,,,,24,1,,3.55,,2,,,,5000,127000,
1010002,1,1,2021,25,120000,1,,2,,,,,,,,24,1,,4,,2,,,,5000,115000,
1011060,1,1,2008,17,100000,2,,2,,,,,,,,2,1,,1.5,,2,,,,5880,13000,
1011410,1,1,2018,25,138000,1,,2,,,,,,,,21,1,,2,,2,,,,4500,121000,
1011690,1,2,2022,25,100000,1,,2,,,,,,,,24,3,1,2,2,2,,,,4800,100000,
1012118,1,1,2009,30,245000,1,,1,1,,,3,,,2022,16,1,,3,,2,,,,10200,150000,
1012273,1,1,2016,30,308000,1,,1,1,,,3,5,,2020,22,1,,1.15,,2,,,,12750,246000,
1012277,1,1,2022,30,165000,1,,2,,,,,,,,29,1,,2,,2,,,,5520,160000,
1013103,1,1,2017,25,200000,1,,2,,,,,,,,21,2,2,,1.5,2,,,,8460,170000,
1013217,1,1,2018,30,190000,1,,2,,,,,,,,25,1,,1,,2,,,,5640,160000,
1013257,1,1,2019,25,140000,3,1,2,,,,,,,,21,1,,1,,2,,,,6600,134000,
1014208,1,1,2006,20,50000,3,1,2,,,,,,,,3,3,1,6,7,2,,,,5000,15000,
1014697,1,1,2017,30,180000,1,,3,,,,,,,,25,2,1,,3,2,,,,7000,150000,
1014719,1,1,2019,25,160000,1,,2,,,,,,,,21,1,,2,,2,,,,7200,140000,
1015019,1,1,2022,10,30000,1,,2,,,,,,,,9,1,,3,,2,,,,300,21400,
1015545,1,1,2017,30,60000,1,,2,,,,,,,,25,2,2,,4,2,,,,5000,30000,
1015762,1,1,2017,20,80000,1,,2,,,,,,,,14,1,,1.3,,2,,,,5184,70000,
1015770,1,1,2017,25,220000,1,,2,,,,,,,,19,2,2,,4.5,2,,,,15600,140000,
1015794,1,1,2006,20,150000,1,,2,,,,,,,,3,1,,4,,2,,,,8500,30000,
1015807,1,1,2008,30,200000,1,,2,,,,,,,,15,1,,4,,2,,,,7000,120000,
1015939,1,1,2012,25,100000,1,,2,,,,,,,,14,1,,4,,2,,,,4000,50000,
1015992,1,1,2021,30,190000,1,,2,,,,,,,,28,1,,2.5,,2,,,,9700,180000,
1016109,1,1,2018,30,180000,1,,2,,,,,,,,25,1,,2.2,,2,,,,8000,150000,
1016296,1,1,2006,20,130000,1,,2,,,,,,,,4,2,2,,3.7,2,,,,8400,33700,
1016383,1,2,2022,10,50000,3,1,2,,,,,,,,9,2,2,,4.2,2,,,,4500,35000,
1016404,1,1,2017,10,60000,1,,2,,,,,,,,5,1,,2,,2,,,,8760,40000,
1016480,1,1,2021,25,88000,1,,2,,,,,,,,24,1,,1.7,,2,,,,4400,80000,
1016748,1,1,2005,19,60000,1,,2,,,,,,,,1,1,,3,,2,,,,5200,6220,
1016857,1,1,2019,20,107000,1,,2,,,,,,,,16,1,,1.61,,2,,,,6252,92500,
1016863,1,1,2019,15,56000,1,,2,,,,,,,,11,1,,1.7,,2,,,,4300,48000,
1016945,1,1,2003,30,100000,1,,2,,,,,,,,10,2,2,,3,2,,,,3225,30000,
1016963,1,4,2006,30,90000,1,,2,,,,,,,,15,1,,0.8,,2,,,,5400,60000,
1017020,1,1,2020,20,160000,1,,3,,,,,,,,17,1,,2,,2,,,,8160,135000,
1017098,1,1,2007,25,100000,1,,1,1,,,1,,,2018,11,2,2,,5,2,,,,5000,50000,
1017245,1,1,2003,30,100000,1,,1,1,2,,6,,,2020,10,2,2,,3,2,,,,5000,50000,
1017283,1,1,2013,25,300000,1,,2,,,,,,,,15,2,1,,2,2,,,,12000,160000,
1017313,1,1,2019,15,75000,1,,2,,,,,,,,12,1,,3,,2,,,,5400,60000,
1017370,1,1,2018,30,130000,1,,2,,,,,,,,25,1,,2.5,,2,,,,5000,115000,
1017408,1,2,2018,20,100000,1,,2,,,,,,,,15,1,,3,,2,,,,6500,84000,
1017426,1,1,2021,20,100000,1,,2,,,,,,,,18,1,,1.75,,2,,,,5964,90000,
1017433,1,1,2018,25,140000,1,,2,,,,,,,,20,1,,1.4,,2,,,,6500,100000,
1017641,1,1,2018,30,130000,3,1,1,,,,,,,,23,1,,1.4,,2,,,,6300,105000,
1017645,1,2,2019,25,121200,2,,2,,,,,,,,23,1,,2.2,,2,,,,4848,113928,
1018135,1,1,2014,15,53000,3,1,2,,,,,,,,7,2,1,,3,2,,,,3600,25000,
1018161,1,1,2013,20,200000,3,1,3,,,,,,,,10,2,1,,2.5,2,,,,11000,110000,
1018217,1,1,2017,25,200000,1,,1,1,,,2,,,2021,22,1,,2,,2,,,,8400,172000,
1018252,1,1,2008,20,70000,1,,2,,,,,,,,5,1,,0.25,,2,,,,2000,10000,
1018908,1,1,2012,25,135000,1,,1,1,,,1,,,2016,14,1,,2,,2,,,,6500,100000,
1018931,1,1,2015,15,88000,1,,2,,,,,,,,7,1,,2,,2,,,,6000,50000,
1019960,1,4,2007,30,200000,1,,3,,,,,,,,13,1,,4,,2,,,,7200,9000,
1020515,1,1,2005,20,160000,1,,1,1,,,8,,Aumento della durata per ridurre importo rata mensile,2019,7,1,,4,,2,,,,9600,90000,
1020941,1,1,2006,20,200000,1,,2,,,,,,,,4,2,1,,2,2,,,,12000,70000,
1021026,1,1,2007,20,140000,1,,2,,,,,,,,5,1,,4,,2,,,,7200,80000,
1021125,1,1,2017,25,184000,1,,1,1,,,3,5,,2020,22,1,,2,,2,,,,8724,110000,
1021615,1,1,2021,30,140000,1,,2,,,,,,,,28,1,,2,,2,,,,6000,134000,
1022159,1,1,2016,15,50000,1,,2,,,,,,,,8,1,,1.7,,2,,,,2690,30000,
1022160,1,1,2019,20,112000,1,,2,,,,,,,,17,1,,0.5,,2,,,,7200,85000,
1022162,1,1,2018,24,100000,1,,2,,,,,,,,20,1,,2.2,,2,,,,5520,80000,
1022220,1,1,2012,15,100000,1,,2,,,,,,,,5,2,1,,2,2,,,,8280,40000,
1022250,1,2,2014,20,60000,1,,2,,,,,,,,12,2,2,,6,2,,,,4800,37000,
1022269,1,1,2006,17,65000,1,,1,1,,,3,,,2015,1,1,,2,,2,,,,5976,3000,
1022285,1,1,2010,22,115000,1,,2,,,,,,,,10,1,,1.5,,2,,,,6804,67000,
1022314,1,1,2005,20,120000,1,,1,1,,,3,,,2017,3,1,,1,,2,,,,8364,25000,
1022352,1,1,2021,20,120000,1,,2,,,,,,,,19,1,,1,,2,,,,6336,113000,
1022389,1,2,2011,20,80000,1,,1,1,,,3,5,,2016,8,1,,2.6,,2,,,,6600,48000,
1022408,1,1,2019,15,150000,1,,2,,,,,,,,11,2,2,,3,2,,,,9600,135000,
1022443,1,1,2021,30,70000,3,1,2,,,,,,,,28,1,,4,,2,,,,2100,67000,
1022486,1,1,2002,25,90000,3,1,2,,,,,,,,3,2,2,,5,2,,,,6400,20000,
1022612,1,4,2013,30,150000,2,,2,,,,,,,,20,2,2,,3,2,,,,5000,100000,
1022642,1,1,2006,30,140000,3,1,2,,,,,,,,13,2,2,,5,2,,,,7200,66200,
1022683,1,1,2010,30,140000,1,,1,1,,,2,,,2018,18,1,,2,,2,,,,6948,56624,
1022718,1,1,2009,30,300000,1,,1,1,,,3,,,2021,17,1,,2,,2,,,,12000,180000,
1022777,1,2,2020,5,15000,1,,2,,,,,,,,2,1,,2,,2,,,,3500,7000,
1023084,1,1,2011,30,225000,1,,1,1,,,2,3,,2020,13,1,,8,,2,,,,6000,80000,
1023103,1,1,2020,30,120000,1,,2,,,,,,,,27,1,,1,,2,,,,6000,108000,
1023134,1,2,2022,9,23000,3,2,2,,,,,,,,8,1,,5.25,,2,,,,3324,19600,
1023223,1,1,2010,15,36000,3,1,2,,,,,,,,2,2,1,,2,2,,,,2700,4900,
1023302,1,1,2011,20,125000,1,,2,,,,,,,,8,2,2,,1.5,2,,,,6000,62000,
1023334,1,1,2009,25,140000,1,,1,1,,,1,3,,2015,12,1,,1.2,,2,,,,5880,90000,1
1023548,1,2,2011,20,120000,1,,2,,,,,,,,10,2,2,,3,2,,,,7200,60000,
1023571,1,1,2021,30,200000,1,,2,,,,,,,,28,1,,1,,2,,,,7800,193000,
1023650,1,3,2020,8,33000,1,,2,,,,,,,,5,1,,8.7,,2,,,,5500,30000,
1023980,1,2,2010,30,140000,1,,2,,,,,,,,20,1,,4,,2,,,,8500,100000,
1023980,2,2,2019,10,20000,1,,2,,,,,,,,6,1,,2,,2,,,,5000,12000,
1023980,3,2,2020,6,10000,1,,2,,,,,,,,5,1,,2,,2,,,,5000,6000,
1024571,1,1,2007,25,80000,1,,2,,,,,,,,9,2,2,,3,2,,,,7770,10000,
1024582,1,1,2012,25,40000,1,,2,,,,,,,,15,1,,0.5,,2,,,,1500,20000,1
1024616,1,2,2006,20,21000,3,1,2,,,,,,,,4,1,,7,,2,,,,3400,13000,
1024635,1,1,2011,20,110000,1,,2,,,,,,,,8,1,,1,,2,,,,7200,55000,
1024760,1,1,2014,25,140000,1,,1,1,,,3,,,2019,10,1,,2,,2,,,,7476,100000,
1025162,1,1,2019,30,150000,3,1,2,,,,,,,,26,1,,4.1,,2,,,,7000,130000,
1025419,1,1,2018,20,80000,3,1,2,,,,,,,,15,1,,4,,2,,,,8000,60000,
1026493,1,2,2020,15,40000,3,2,2,,,,,,,,12,1,,2.5,,2,,,,4500,25000,
1026493,2,4,2021,15,40000,3,1,2,,,,,,,,13,1,,4,,2,,,,4000,20000,
1026808,1,1,2005,30,140000,1,,1,1,,,8,,Aumento degli anni e riduzione rata,2018,13,2,1,,3,2,,,,9000,100000,
1026884,1,2,2015,7,25000,3,1,2,,,,,,,,1,1,,2,,2,,,,4800,5000,
1026894,1,1,2004,20,200000,3,1,2,,,,,,,,1,1,,4,,2,,,,18000,9000,
1026946,1,1,2004,20,140000,1,,2,,,,,,,,1,1,,2,,2,,,,8400,19000,
1027096,1,1,2005,35,94000,1,,2,,,,,,,,17,1,,2,,2,,,,5300,51000,
1027096,2,2,2009,35,88000,1,,2,,,,,,,,21,1,,2,,2,,,,3600,48000,
1027348,1,1,2022,20,120000,1,,2,,,,,,,,19,2,2,,2,2,,,,6600,113000,
1027452,1,1,2010,20,70000,1,,2,,,,,,,,7,1,,2,,2,,,,6840,47000,
1027683,1,1,2013,15,65000,1,,2,,,,,,,,6,1,,2,,2,,,,6300,6000,
1028057,1,1,2020,15,100000,1,,2,,,,,,,,12,1,,1,,2,,,,8400,80000,
1030020,1,1,2006,20,25000,1,,2,,,,,,,,3,2,1,,2,2,,,,1800,5400,
1030145,1,1,2020,20,140000,1,,2,,,,,,,,17,1,,1.6,,2,,,,8220,115000,
1030293,1,1,1995,20,100000,3,1,1,,,,,,,,4,1,,4.8,,2,,,,10709,35699,
1030492,1,2,2006,17,35000,3,1,1,,,,,,,,0,1,,7,,2,,,,6500,5500,
1030761,1,1,2007,30,100000,3,1,2,,,,,,,,15,1,,3,,1,1,,,0,40000,1
1030826,1,1,2015,25,92000,1,,2,,,,,,,,17,2,2,,3,2,,,,6000,71000,
1031213,1,2,2021,15,70000,1,,2,,,,,,,,13,1,,1.7,,2,,,,4920,50000,
1031241,1,1,2011,15,80000,3,1,1,,,,,,,,3,1,,1,,2,,,,7200,30000,
1031247,1,1,2014,30,135000,1,,2,,,,,,,,21,2,2,,3,2,,,,6000,82000,
1031328,1,1,2017,30,100000,3,1,2,,,,,,,,25,1,,3.5,,2,,,,4800,75000,
1031543,1,1,2019,20,120000,1,,2,,,,,,,,16,1,,1,,2,,,,7000,105000,
1031678,1,1,2001,30,90000,3,1,1,,,,,,,,15,1,,2,,2,,,,6000,40000,
1031856,1,1,2000,25,100000,3,1,2,,,,,,,,5,1,,2,,2,,,,6000,8000,
1032053,1,1,2019,25,100000,1,,2,,,,,,,,21,2,1,,2,2,,,,3730,97000,
1032254,1,3,2018,30,50000,1,,2,,,,,,,,25,2,1,,1,2,,,,3100,35000,
1032278,1,1,2010,30,70000,1,,2,,,,,,,,17,1,,3.5,,2,,,,3600,34000,
1032369,1,2,2017,10,10000,3,1,2,,,,,,,,4,1,,4.9,,2,,,,1350,6000,
1032512,1,2,2014,20,100000,1,,2,,,,,,,,11,1,,4.5,,2,,,,7200,65000,
1032523,1,2,2005,20,60000,1,,2,,,,,,,,5,2,2,,4,1,1,,,3500,20000,
1033400,1,1,2006,20,90000,3,1,2,,,,,,,,5,1,,4,,2,,,,2500,8000,
1033530,1,1,2005,20,65000,1,,2,,,,,,,,2,1,,2,,2,,,,5200,12000,
1033584,1,1,2012,30,178000,1,,2,,,,,,,,19,3,1,0.5,2.5,2,,,,7800,111000,
1033595,1,1,2018,25,100000,1,,2,,,,,,,,21,1,,1.2,,2,,,,4320,90720,
1033595,2,1,2018,10,50000,1,,2,,,,,,,,6,1,,5,,2,,,,4320,25920,
1033616,1,1,2013,25,290000,1,,1,1,,,1,,,2017,16,1,,2,,2,,,,12240,195840,
1033625,1,1,1994,30,120000,1,,1,3,,Ristrutturazione,4,6,,2008,1,2,1,,4,2,,,,7920,7920,
1033826,1,2,2022,10,30000,1,,2,,,,,,,,9,1,,2,,2,,,,1000,8000,
1034123,1,1,1999,25,60000,1,,2,,,,,,,,2,2,1,,3,2,,,,4800,11000,
1034350,1,1,2011,15,50000,1,,2,,,,,,,,2,1,,2.5,,2,,,,3000,6000,
1034500,1,1,2008,30,130000,1,,1,2,,,2,6,,2021,16,1,,1,,2,,,,4800,76800,
1034535,1,3,2010,20,80000,3,1,2,,,,,,,,10,1,,3,,2,,,,2000,25000,
1034574,1,2,2017,15,102000,1,,2,,,,,,,,9,1,,1.85,,2,,,,7800,64000,
1034608,1,3,2012,15,190000,1,,1,1,,,3,,,2017,7,1,,1.25,,2,,,,18000,80000,
1034735,1,2,2018,15,200000,1,,2,,,,,,,,12,1,,1.9,,2,,,,12000,130000,
1034831,1,2,2003,26,150000,1,,2,,,,,,,,6,2,2,,4,2,,,,5600,33000,
1035052,1,1,2010,30,130000,1,,1,1,,,2,,,2015,9,1,,3,,2,,,,5640,50000,
1035072,1,1,2007,15,66000,1,,2,,,,,,,,1,1,,2,,2,,,,4400,4400,
1035103,1,2,2015,20,70000,1,,1,1,,,3,,,2022,12,1,,2.5,,2,,,,3120,45000,
1035153,1,1,2019,35,210000,1,,1,1,,,1,,,2019,30,1,,1,,2,,,,9600,180000,
1035160,1,1,2018,10,60000,1,,2,,,,,,,,6,1,,2,,2,,,,6600,39600,
1035222,1,1,2018,20,260000,1,,2,,,,,,,,16,1,,1.5,,2,,,,15600,206000,
1035283,1,1,2019,20,84000,1,,2,,,,,,,,17,1,,1.4,,2,,,,4800,69000,
1035331,1,1,2021,25,145000,1,,2,,,,,,,,23,1,,2,,2,,,,6000,138000,
1035371,1,2,2017,15,100000,1,,1,1,,,6,,,2021,10,1,,0.65,,2,,,,5760,64000,
1035426,1,1,2019,15,130000,1,,2,,,,,,,,11,1,,2,,2,,,,8040,105800,
1035604,1,1,2004,15,120000,1,,1,1,,,5,,,2020,2,1,,3,,2,,,,6000,12000,
1035614,1,1,2003,35,190000,1,,2,,,,,,,,15,1,,2.3,,2,,,,6000,90000,
1035687,1,1,2012,30,250000,1,,1,1,,,1,,,2015,20,2,1,,4,2,,,,8000,160000,
1035687,2,1,2020,20,150000,1,,1,1,,,1,2,,2020,20,2,1,,4,2,,,,7000,120000,
1035735,1,1,2005,30,180000,1,,1,1,,,3,,,2019,10,2,1,,2,2,,,,15000,120000,
1035748,1,1,2011,25,130000,1,,2,,,,,,,,13,2,2,,5.7,2,,,,7000,82000,
1035781,1,1,2015,25,90000,1,,1,1,2,,2,,,2015,17,1,,1.5,,2,,,,4500,70000,
1035896,1,1,2018,25,180000,1,,2,,,,,,,,20,1,,1.5,,2,,,,8400,138000,
1035942,1,1,2019,25,250000,2,,2,,,,,,,,23,1,,1.2,,2,,,,9000,230000,1
1036015,1,2,2012,11,50000,3,1,2,,,,,,,,1,2,1,,4,2,,,,10000,12000,
1036037,1,1,2010,25,100000,3,1,2,,,,,,,,12,2,2,,3,2,,,,3000,30000,
1036283,1,1,2010,20,150000,1,,1,1,,,2,,,2018,7,1,,1,,2,,,,9000,50000,
1036283,2,3,2010,20,100000,1,,1,1,,,2,,,2018,7,1,,1,,2,,,,5000,47000,
1036319,1,2,2020,10,30000,1,,2,,,,,,,,7,1,,7,,2,,,,4200,25000,
1036412,1,1,2014,25,500000,1,,2,,,,,,,,16,2,2,,4,2,,,,15000,350000,
1036931,1,1,2021,20,187000,1,,2,,,,,,,,18,1,,1.31,,2,,,,9600,167000,
1037044,1,1,2018,10,76000,1,,2,,,,,,,,6,1,,3.5,,2,,,,6396,35000,
1037443,1,3,2016,15,70000,3,1,2,,,,,,,,9,1,,5,,2,,,,5600,45000,
1037460,1,1,2019,15,80000,3,1,2,,,,,,,,11,2,1,,4,2,,,,6000,60000,
1037476,1,1,2012,25,120000,1,,2,,,,,,,,14,2,1,,2,2,,,,10000,95000,
1037513,1,3,2019,17,100000,1,,2,,,,,,,,14,1,,5,,2,,,,7500,89000,
1037588,1,2,2016,10,60000,1,,2,,,,,,,,3,1,,0.8,,2,,,,6444,19332,
1037953,1,1,2015,30,80000,1,,2,,,,,,,,22,2,1,,3,2,,,,10000,35000,
1038043,1,1,2015,25,150000,1,,2,,,,,,,,17,1,,1,,2,,,,6000,102000,
1038238,1,2,2016,11,40000,3,1,2,,,,,,,,3,1,,4,,2,,,,6000,5000,
1038307,1,1,2019,15,120000,1,,2,,,,,,,,11,1,,1,,2,,,,10000,110000,
1038411,1,1,2017,15,70000,1,,2,,,,,,,,10,1,,3,,2,,,,7500,42000,1
1038511,1,1,2006,25,100000,3,2,2,,,,,,,,8,1,,8,,2,,,,6000,50000,
1038545,1,2,2020,20,100000,1,,2,,,,,,,,17,1,,4,,2,,,,5400,85000,
1038567,1,3,2014,20,100000,1,,2,,,,,,,,11,2,2,,4,2,,,,7500,60000,
1038613,1,1,2019,30,100000,1,,2,,,,,,,,26,1,,2,,2,,,,5556,90000,
1038651,1,1,2014,20,40000,1,,2,,,,,,,,2,1,,4,,2,,,,3360,5000,
1038664,1,1,2000,20,77000,1,,1,3,,L'acquisto di un locale di pertinenza,3,6,,2010,3,1,,4.6,,2,,,,3108,27000,
1038752,1,2,2020,10,20000,3,1,2,,,,,,,,7,1,,5,,2,,,,2000,14000,
1038819,1,1,2013,15,150000,1,,2,,,,,,,,3,1,,1.5,,1,2,1,12,10000,30000,
1039122,1,2,2021,6,11000,3,1,2,,,,,,,,4,1,,3,,2,,,,2508,6000,
1039123,1,2,2022,10,40000,3,1,2,,,,,,,,10,1,,7,,2,,,,5000,35000,
1039125,1,1,2005,25,320000,1,,2,,,,,,,,7,2,2,,2,2,,,,20000,130000,
1039126,1,1,2021,30,220000,1,,2,,,,,,,,28,1,,1.5,,2,,,,8400,212000,
1039188,1,1,2016,15,150000,3,1,2,,,,,,,,9,1,,5,,2,,,,12000,70000,
1039282,1,3,2011,25,140000,1,,2,,,,,,,,13,1,,2.5,,2,,,,8880,72000,
1039522,1,3,2016,20,70000,3,1,1,,,,,,,,14,1,,4,,2,,,,6500,50000,
1039754,1,1,2003,20,80000,1,,1,1,,,3,,,2015,1,2,2,,7,2,,,,4500,4500,
1039755,1,1,2010,30,225000,1,,2,,,,,,,,16,2,2,,2,2,,,,10800,160000,
1039837,1,3,2018,10,35000,3,1,2,,,,,,,,5,1,,7.5,,2,,,,5520,22000,
1039925,1,1,2019,30,100000,1,,2,,,,,,,,26,1,,4,,2,,,,5400,93000,
1039993,1,1,2017,30,120000,1,,1,1,,,3,,,2019,24,1,,1.3,,2,,,,7000,95000,
1040093,1,1,2006,30,90000,3,1,1,,,,,,,,15,3,2,1,3,2,,,,4500,35000,
1040279,1,1,2018,30,190000,1,,2,,,,,,,,25,2,2,,2.73,2,,,,8800,169000,
1040451,1,1,2005,20,60000,1,,2,,,,,,,,1,1,,5.7,,2,,,,4800,9000,
1040659,1,1,2021,25,60000,1,,2,,,,,,,,23,1,,5,,2,,,,2500,57000,
1040699,1,2,2004,20,50000,1,,2,,,,,,,,0,1,,2.3,,2,,,,2750,3800,
1040779,1,1,2005,20,110000,1,,2,,,,,,,,2,1,,2,,2,,,,7800,15000,
1040843,1,1,2008,30,225000,1,,2,,,,,,,,15,1,,1,,2,,,,9000,195000,
1040916,1,1,1983,47,200000,1,,2,,,,,,,,6,1,,3.5,,2,,,,4500,36000,
1040951,1,1,2012,30,500000,1,,3,,,,,,,,18,1,2,0.8,6,2,,,,22150,462000,
1040965,1,2,1998,25,50000,1,,2,,,,,,,,0,1,,2,,2,,,,2450,2500,
1040973,1,2,2019,7,25000,1,,2,,,,,,,,2,1,,8,,2,,,,2400,5000,
1040977,1,2,2003,25,100000,1,,2,,,,,,,,2,1,,2,,2,,,,3800,12000,
1042597,1,1,2017,20,100000,1,,2,,,,,,,,14,2,2,,2,2,,,,5200,74000,
1042623,1,1,2016,20,250000,1,,1,1,,,3,,,2020,13,1,,0.04,,2,,,,12550,174500,
1042631,1,1,2021,30,280000,1,,2,,,,,,,,29,1,,1,,2,,,,9500,270000,
1043320,1,1,2008,25,120000,1,,2,,,,,,,,11,2,1,,4,2,,,,5000,50000,
1043497,1,3,2019,25,140000,1,,2,,,,,,,,21,1,,2.34,,2,,,,6600,110000,
1043666,1,3,2018,30,100000,3,1,2,,,,,,,,26,1,,4,,2,,,,6000,80000,
1043670,1,1,2009,25,80000,1,,2,,,,,,,,12,2,1,,4.5,2,,,,4080,48000,
1043764,1,1,2011,20,120000,1,,2,,,,,,,,9,1,,0.5,,2,,,,7200,64800,
1043782,1,1,2020,25,380000,1,,2,,,,,,,,22,3,1,1,1,2,,,,20000,350000,
1043905,1,1,2016,30,35000,1,,2,,,,,,,,23,1,,2,,2,,,,1560,30000,
1044189,1,1,2020,20,250000,1,,2,,,,,,,,18,1,,1,,2,,,,18240,213592,1
1044223,1,3,2021,30,250000,1,,2,,,,,,,,28,1,,2,,2,,,,6000,238000,
1044533,1,1,2018,30,240000,1,,2,,,,,,,,25,1,,2,,2,,,,12000,220000,
1044781,1,1,2001,22,110000,1,,1,1,,,3,,,2008,1,2,1,,2,2,,,,5500,8000,
1045262,1,1,2003,20,130000,1,,2,,,,,,,,0,1,,1.5,,2,,,,8500,8500,1
1045607,1,2,2021,25,210000,1,,2,,,,,,,,23,2,2,,4.8,2,,,,8500,183000,
1045662,1,1,2015,20,180000,1,,2,,,,,,,,13,1,,2.77,,2,,,,7300,118000,
1045662,2,1,2015,30,20000,1,,2,,,,,,,,14,2,1,,5.66,2,,,,1260,18000,
1045681,1,1,2015,30,250000,1,,2,,,,,,,,22,2,1,,2,2,,,,12000,140000,
1045683,1,1,2012,30,210000,1,,2,,,,,,,,20,1,,1.9,,2,,,,9000,140000,
1045790,1,1,2017,15,100000,1,,2,,,,,,,,9,1,,2,,2,,,,7300,70000,
1045835,1,1,2007,20,130000,1,,2,,,,,,,,4,2,2,,3,2,,,,7200,28000,
1045841,1,1,2020,25,120000,1,,2,,,,,,,,22,1,,2,,2,,,,5200,105000,
1046130,1,1,2016,20,120000,1,,2,,,,,,,,12,2,1,,2,2,,,,6800,80870,
1046130,2,2,2017,10,50000,3,1,2,,,,,,,,4,1,,3.5,,2,,,,6000,25000,
1046552,1,1,2003,20,90000,1,,2,,,,,,,,0,2,2,,5,2,,,,7000,2000,
1047821,1,1,2020,30,200000,1,,2,,,,,,,,28,2,1,,3,2,,,,8400,190000,
1047877,1,1,2018,30,115000,1,,2,,,,,,,,25,2,2,,5,2,,,,5500,90000,
1049648,1,3,2021,20,140000,1,,2,,,,,,,,17,1,,0.8,,2,,,,7000,130000,
1049664,1,3,2012,19,97500,1,,1,1,,,6,,,2020,8,1,,3,,2,,,,9450,75550,
1049686,1,1,2018,8,50000,1,,2,,,,,,,,2,2,1,,2,2,,,,6660,23340,
1050466,1,1,2015,25,85000,1,,2,,,,,,,,18,1,,3,,2,,,,4800,60000,
1050562,1,1,2005,30,128000,1,,1,1,,,3,5,,2018,4,1,,1.9,,2,,,,7800,37728,
1050872,1,1,2019,15,450000,3,1,2,,,,,,,,11,1,,1,,2,,,,25000,430000,
1052125,1,4,2013,30,200000,1,,2,,,,,,,,20,1,,1.3,,2,,,,8300,151000,
1052141,1,1,2009,25,102000,1,,2,,,,,,,,12,1,,4.92,,2,,,,7330,65448,
1052473,1,1,2020,30,150000,1,,2,,,,,,,,27,2,2,,5,2,,,,9000,138000,
1052970,1,1,2015,20,110000,1,,2,,,,,,,,13,1,,1.2,,2,,,,6500,75000,
1053212,1,1,2009,30,160000,1,,2,,,,,,,,20,1,,4,,2,,,,8000,105000,
1053371,1,1,2013,20,120000,1,,2,,,,,,,,10,2,2,,5,2,,,,10140,65000,
1053453,1,1,2002,30,180000,1,,1,1,,,1,2,,2021,10,1,,1.25,,2,,,,6600,60000,
1053462,1,3,2002,25,75000,1,,1,2,,,6,,,2004,5,1,,3.5,,2,,,,7380,35000,
1053464,1,1,2003,20,100000,1,,1,1,,,8,,Aumento durata debito,2013,2,1,,5,,2,,,,9600,20000,
1054264,1,1,2020,15,50000,2,,2,,,,,,,,12,1,,1.2,,2,,,,3380,43240,
1054375,1,1,2013,25,230000,1,,1,1,,,3,,,2019,15,3,1,4,4,2,,,,8400,126000,
1054407,1,1,2019,30,200000,1,,1,1,,,3,,,2022,26,1,,1.6,,2,,,,9600,168800,
1054418,1,2,2019,8,30000,1,,2,,,,,,,,4,1,,1.5,,2,,,,3800,15300,
1055036,1,1,1999,30,65000,1,,2,,,,,,,,7,1,,2,,2,,,,2400,16800,
1055179,1,1,2005,30,200000,1,,2,,,,,,,,12,2,2,,1.2,2,,,,7200,77600,
1055221,1,1,2016,16,92000,1,,2,,,,,,,,10,1,,4,,2,,,,6980,50000,
1055236,1,1,2003,25,200000,1,,1,1,,,1,8,Da 20 anni di mutuo e passato a 25 per diminuire la rata,2020,5,2,1,,2,2,,,,10000,80000,
1056415,1,2,2019,10,60000,1,,2,,,,,,,,6,1,,3,,2,,,,8000,50000,
1056417,1,1,2019,20,120000,1,,2,,,,,,,,16,1,,3,,2,,,,8400,100000,
1058263,1,1,2010,25,250000,1,,2,,,,,,,,12,1,,5,,2,,,,8400,100000,1
1058520,1,1,2003,30,80000,1,,2,,,,,,,,10,2,1,,3,2,,,,3600,36000,
1058557,1,3,2005,28,200000,3,1,2,,,,,,,,10,2,1,,0.5,2,,,,7140,78562,
1058910,1,1,2013,30,200000,3,2,2,,,,,,,,20,2,2,,5,2,,,,11520,135000,
1059814,1,2,2015,10,40000,1,,2,,,,,,,,2,1,,2,,2,,,,4800,9500,
1059975,1,1,2017,6,65000,1,,2,,,,,,,,1,2,2,,5,2,,,,10000,20000,
1059977,1,1,2016,13,120000,1,,2,,,,,,,,7,1,,0.7,,2,,,,8748,67600,
1060021,1,1,2016,20,60000,1,,2,,,,,,,,14,1,,2.5,,2,,,,3800,50000,
1060040,1,2,2016,7,20000,3,1,2,,,,,,,,1,1,,5,,2,,,,4200,4200,
1060112,1,1,2020,20,130000,1,,2,,,,,,,,18,1,,1.3,,2,,,,7800,120000,
1060557,1,1,2013,20,170000,1,,2,,,,,,,,10,2,2,,5,2,,,,7500,75000,
1060569,1,1,2005,20,70000,1,,1,1,,,6,,,2022,3,1,,3.5,,2,,,,5600,13000,
1061014,1,1,2006,28,150000,3,1,1,,,,,,,,11,1,,3,,2,,,,5400,92000,
1061021,1,1,2010,30,210000,1,,1,1,,,6,,,2018,17,1,,2.6,,2,,,,8500,120000,
1061032,1,1,2017,25,110000,1,,1,1,,,8,,Rinegoziazione,2022,19,1,,1,,2,,,,6400,90000,
1062061,1,1,2004,20,130000,1,,3,,,,,,,,1,1,,4,,2,,,,10000,10000,
1062230,1,1,2012,25,170000,1,,1,1,,,3,,,2022,13,1,,4,,2,,,,8500,70000,
1063498,1,1,2017,25,143000,1,,2,,,,,,,,20,2,2,,2,2,,,,7500,118000,
1063583,1,3,2013,28,250000,1,,2,,,,,,,,19,2,2,,4,2,,,,13200,170000,
1063586,1,1,2018,20,50000,1,,2,,,,,,,,16,1,,1.75,,2,,,,3156,45000,
1063594,1,1,2015,20,62000,1,,2,,,,,,,,13,2,1,,3,2,,,,3780,41330,
1063646,1,1,2007,30,99000,1,,2,,,,,,,,15,2,1,,5,2,,,,6660,25000,
1063667,1,1,2019,15,90000,1,,1,1,,,3,,,2020,12,1,,1,,2,,,,6480,70000,
1063669,1,1,2021,15,80000,1,,2,,,,,,,,14,1,,1,,2,,,,5520,74666,
1063808,1,1,2012,30,320000,3,1,1,,,,,,,,19,1,,1.5,,2,,,,10900,200000,
1063833,1,2,2015,20,200000,1,,2,,,,,,,,12,1,,8,,2,,,,20000,150000,
1065988,1,2,2015,10,30000,3,1,2,,,,,,,,2,1,,4,,2,,,,3600,10000,1
1065992,1,3,2007,30,300000,1,,2,,,,,,,,15,2,2,,2,2,,,,15600,160000,
1066096,1,1,2021,8,60000,1,,1,3,,L'acquisto del secondo immobile con box rinnovando un vecchio mutuo ipotecario,4,7,,2021,6,1,,4,,2,,,,7000,45000,
1066227,1,1,2012,30,300000,1,,2,,,,,,,,19,1,,1,,2,,,,11000,220000,
1066261,1,1,2011,15,200000,1,,2,,,,,,,,3,2,2,,3,2,,,,15000,45000,
1066550,1,1,2022,30,250000,1,,2,,,,,,,,28,1,,1,,2,,,,9840,240000,
1066811,1,1,1999,25,350000,1,,1,3,,Per  rate aretrate,2,,,2005,1,1,,4,,2,,,,14000,14000,
1068663,1,2,2018,10,43000,3,1,2,,,,,,,,5,1,,8,,2,,,,6000,42000,
1068719,1,1,1997,30,140000,1,,1,1,,,1,6,,2015,8,1,,3,,2,,,,8500,68000,
1068724,1,2,2010,15,35000,1,,2,,,,,,,,2,1,,2,,2,,,,4000,7000,
1069651,1,3,2016,22,100000,1,,1,1,2,,2,5,,2020,22,1,,1.25,,2,,,,5500,110000,
1070611,1,1,2015,30,220000,1,,2,,,,,,,,23,2,1,,3,2,,,,8100,186300,
1070630,1,1,2018,12,80000,1,,1,1,,,5,,,2020,7,1,,1,,2,,,,7380,51660,
1070656,1,1,2018,30,240000,1,,2,,,,,,,,26,1,,2,,2,,,,8160,212160,
1070920,1,1,2017,30,260000,1,,2,,,,,,,,25,1,,2,,2,,,,6000,150000,
1070932,1,1,2019,20,100000,1,,2,,,,,,,,15,1,,2.15,,2,,,,5850,86670,
1070932,2,2,2020,15,50000,1,,2,,,,,,,,13,1,,1.25,,2,,,,3700,47500,
1070945,1,1,2004,30,190000,1,,1,1,,,2,,,2020,13,1,,1.9,,2,,,,8400,109200,
1071022,1,1,2009,20,140000,1,,2,,,,,,,,6,2,2,,2,2,,,,10000,60000,
1071023,1,1,2012,20,100000,1,,1,1,,,2,,,2018,15,1,,2,,2,,,,7200,60000,
1071035,1,1,2019,20,100000,1,,2,,,,,,,,16,1,,3.75,,2,,,,8400,80000,1
1071042,1,1,2014,21,100000,1,,2,,,,,,,,11,2,2,,3,2,,,,6000,65000,
1071060,1,1,2019,30,175000,1,,2,,,,,,,,27,1,,2.5,,2,,,,8200,150000,
1071085,1,1,2012,15,81000,1,,2,,,,,,,,3,1,,2,,2,,,,5200,15600,
1071090,1,1,2010,30,170000,1,,2,,,,,,,,17,2,2,,2,2,,,,11000,70000,
1071388,1,1,2003,20,60000,3,1,2,,,,,,,,1,1,,4,,2,,,,3500,7000,
1071963,1,2,2016,10,60000,1,,2,,,,,,,,3,1,,3,,2,,,,6450,30000,
1072003,1,1,2009,20,80000,1,,2,,,,,,,,6,2,2,,2,2,,,,4200,23000,
1072287,1,1,2005,25,160000,1,,2,,,,,,,,7,2,1,,5,2,,,,6000,20000,
1072814,1,1,2009,25,155000,1,,1,1,,,3,,,2016,11,1,,3,,2,,,,9200,92000,
1072857,1,1,2021,30,117000,1,,2,,,,,,,,29,1,,2,,2,,,,4000,113000,
