NQUEST,nord,INTPER,nattivita,ASS2GN,ASS2A,ASS2S_1,ASS2S,ASS2Q,ASS2T,ASS2TD,ASS2TS,ASS2CN,CONTRAZ_1,CONTRAZ,CONTRAZQ,COPPIP,ASS2RIS,ASS2RIST,ASS2K
32320,1,1,1,2,2015,,2400,,1,,,1,,1200,,75,2,,23000
32320,2,1,1,2,2018,,5000,,2,,,2,,,,,2,,25000
56761,3,3,1,1,2003,,200,,2,,,1,1,,1,60,2,,
56761,3,3,2,3,2000,,800,,2,,,2,,,,65,2,,35000
56761,4,3,1,3,2007,,600,,2,,,2,,,,,2,,20000
91071,1,2,1,1,1999,1,,2,1,1,,1,1,,2,80,2,,70000
91071,2,2,1,1,1999,,320,,1,1,,1,,520,,80,2,,47000
504453,1,1,1,3,2018,,3000,,2,,,2,,,,95,2,,15000
504453,2,1,1,3,2018,,3000,,2,,,2,,,,90,2,,15000
505606,2,1,1,3,2014,,1500,,2,,,2,,,,,2,,35000
505818,1,1,1,3,2012,1,,1,2,,,2,,,,80,2,,45000
505839,1,1,1,2,2012,,600,,2,,,2,,,,20,2,,6500
505839,2,1,1,2,2012,,1200,,2,,,2,,,,,2,,12500
507444,1,1,1,2,1997,,1200,,2,,,2,,,,80,2,,7500
513406,3,1,1,3,2020,,1200,,2,,,2,,,,,2,,3600
611614,2,2,1,1,1998,,900,,2,,,1,,350,,,2,,30000
611614,3,1,1,1,2016,,350,,2,,,1,,350,,,2,,4500
671206,1,1,1,1,1993,,2000,,2,,,1,,5000,,85,2,,80000
674106,1,1,1,1,2010,,180,,1,,,1,,180,,70,2,,40000
674868,3,1,1,3,2022,1,,2,1,,,1,1,,2,,2,,200
677112,1,1,1,3,2010,1,,1.5,1,,,2,,,,57,2,,1700
680537,1,2,1,2,2019,,1000,,2,,,2,,,,80,2,,4200
680537,2,2,1,2,2020,,1000,,2,,,2,,,,80,2,,2200
682359,1,1,1,2,2013,1,,2,1,,,2,,,,20,2,,20000
682408,2,1,1,1,2015,1,,1,1,,,1,1,,1,,2,,4000
683119,1,1,1,2,2018,,2800,,1,,,1,,1400,,55,2,,20000
683119,2,1,1,3,2010,,1800,,1,,,1,,1800,,,2,,40000
683349,1,1,1,1,2003,1,,5,1,1,,1,1,,5,90,2,,50000
683349,2,1,1,1,2003,1,,5,1,1,,1,1,,5,,1,25000,20000
685296,1,1,1,2,2008,,1200,,1,,,1,,420,,80,2,,36400
687022,1,1,1,2,2007,1,,1.2,1,,,1,1,,1.2,47,2,,4000
687022,2,1,1,2,2006,1,,1.1,1,1,,1,1,,1.1,,2,,6000
687699,1,1,1,3,2008,,1200,,2,,,2,,,,100,2,,17000
706634,3,1,1,1,2014,1,,1,1,,,2,,,,,2,,15000
710556,1,1,1,3,2014,,1200,,2,,,2,,,,75,2,,10000
715065,2,1,1,3,2005,1,,2,2,,,2,,,,,2,,65000
718674,1,2,1,3,2005,,5000,,2,,,2,,,,20,2,,70000
724635,1,1,1,1,2010,,2000,,1,,,1,,1000,,55,2,,25000
725716,1,1,1,3,2020,,600,,2,,,2,,,,100,2,,25000
726553,1,2,1,3,2000,1,,2,2,,,1,1,,2,100,2,,60000
727039,1,1,1,3,2007,1,,1,2,,,2,,,,100,2,,40000
733363,2,1,1,1,2003,,1500,,1,2,1,2,,,,,2,,21500
735143,1,1,1,1,1999,1,,1.4,1,1,,1,1,,1.8,80,2,,90000
735143,2,2,1,1,2010,1,,1.2,1,,,1,1,,1.4,80,2,,30000
736935,1,1,1,1,2000,,1600,,1,1,,1,,950,,85,2,,90000
800003,1,1,1,2,2013,,2580,,2,,,2,,,,25,2,,20000
802905,1,1,1,3,2005,1,,1,2,,,1,1,,2,85,2,,30000
802905,2,1,1,3,2001,1,,1,2,,,2,,,,,2,,80000
803483,1,1,1,2,2005,,450,,1,2,40,1,,450,,57,2,,17000
803483,1,1,2,3,2015,,1200,,2,,,2,,,,63,2,,9000
804534,1,1,1,2,2016,,300,,2,,,2,,,,15,2,,900
806560,1,1,1,3,2004,,1800,,2,,,2,,,,100,2,,35000
807146,1,1,1,2,2020,,0,,1,,,2,,,,10,2,,6800
814889,2,2,1,2,2007,,1200,,1,,,1,,1200,,70,1,8000,5000
820465,1,1,1,2,2013,1,,3,2,,,2,,,,20,2,,25000
823258,1,1,1,1,1992,,4500,,2,,,1,,350,,90,2,,35000
823338,3,1,1,3,2008,,7000,,2,,,2,,,,,2,,114000
826456,1,1,1,2,2005,,580,,2,,,1,,500,,5,2,,25000
852070,1,1,1,1,2018,,120,,1,,,1,,170,,0,2,,8000
852574,3,1,1,1,2007,,450,,1,,,1,,225,,,2,,6750
854112,1,1,1,3,2022,,1200,,2,,,2,,,,90,2,,1200
854730,1,1,1,1,2006,,700,,1,1,,1,,1100,,90,2,,70000
855268,3,1,1,2,2012,,1200,,2,,,2,,,,,2,,13000
856297,1,1,1,3,1999,1,,3,1,1,,1,1,,1,1,2,,100
857273,1,1,1,1,2001,,1000,,1,1,,1,,400,,80,2,,50000
857466,1,1,1,1,2004,,600,,1,1,,1,,300,,20,2,,7200
858534,1,1,1,1,2007,1,,1,1,,,1,1,,1,70,2,,35000
860095,1,1,1,3,2009,,4000,,2,,,2,,,,80,2,,50000
860704,1,1,1,2,2007,1,,1.5,2,,,1,1,,1.5,68,2,,9000
860704,2,1,1,3,2010,1,,2,1,,,2,,,,,2,,5000
861061,1,1,1,1,2022,,300,,2,,,1,1,,2,85,2,,300
861061,2,2,1,1,2007,,300,,1,,,1,,300,,95,2,,12000
862583,1,1,1,1,2006,1,,2,1,1,,1,1,,2,70,1,4000,30000
862583,2,1,1,1,2021,1,,2,2,,,1,1,,2,,2,,2000
862590,1,1,1,1,2010,,2100,,1,,,1,,2100,,5,2,,50000
863387,3,1,1,1,2020,,5000,,1,,,2,,,,,2,,10000
863402,1,1,1,3,2003,,1100,,2,,,2,,,,90,2,,25000
863402,2,1,1,3,2013,1,,2,2,,,2,,,,,2,,10000
865806,1,2,1,1,2005,1,,3,2,,,1,1,,3,35,2,,41000
865806,2,2,1,1,2005,1,,3,1,1,,1,1,,3,40,2,,56000
868098,1,1,1,1,2012,,0,,1,,,2,,,,85,2,,2500
869003,1,1,1,3,2020,,1812,,2,,,2,,,,75,2,,7000
871697,1,1,1,3,2006,,1440,,2,,,2,,,,80,2,,24000
871697,4,1,1,3,2006,,1440,,1,1,,2,,,,,2,,48000
872112,1,1,1,3,2007,,5200,,2,,,2,,,,100,2,,60000
873166,1,2,1,3,2000,,1000,,2,,,2,,,,60,2,,23000
873166,2,2,1,3,2000,,700,,2,,,2,,,,60,2,,10000
874330,2,2,1,3,1995,,1300,,2,,,2,,,,90,2,,70000
874515,1,1,1,3,2017,,2500,,1,,,2,,,,80,2,,43500
875139,1,1,1,3,2021,,960,,2,,,2,,,,80,2,,2000
875514,1,1,1,1,2006,,2600,,2,,,1,,1032,,95,2,,37500
875514,1,1,2,3,2012,,880,,2,,,2,,,,98,2,,14500
875585,1,1,1,1,2010,,2600,,1,,,1,,2600,,70,2,,50000
875635,1,1,1,3,2013,,2400,,2,,,2,,,,75,2,,24000
875635,2,1,1,1,1997,1,,1,2,,,1,1,,1,,2,,30000
875855,1,1,1,1,1979,1,,3,2,,,2,,,,70,2,,800
875855,3,2,1,1,2022,,500,,2,,,2,,,,50,2,,500
876093,1,1,1,2,2019,,3750,,1,,,2,,,,20,2,,16000
876125,2,1,1,3,2005,1,,1,2,,,1,1,,1,,2,,8000
876127,1,1,1,3,2000,1,,2,2,,,2,,,,50,2,,
876694,1,1,1,3,2013,1,,2,2,,,2,,,,50,2,,20000
876694,2,1,1,3,2013,1,,2,2,,,2,,,,,2,,20000
878309,1,1,1,3,2002,,1000,,2,,,2,,,,100,2,,20000
878617,1,1,1,3,2006,,3000,,2,,,2,,,,20,2,,42000
878617,2,1,1,3,2000,1,,3,2,,,2,,,,,2,,45000
878873,1,1,1,3,2022,,2500,,2,,,2,,,,100,2,,2500
880911,3,3,1,3,2021,,2000,,2,,,2,,,,,2,,3000
880912,1,1,1,1,2011,,5000,,1,,,1,,5000,,100,2,,220000
881817,1,1,1,3,2003,1,,1.5,1,1,,2,,,,68,2,,18000
882723,1,1,1,3,2020,,1200,,2,,,2,,,,80,2,,3600
884440,1,1,1,3,2016,,3000,,1,,,2,,,,90,2,,210000
884972,1,1,1,3,2017,,1200,,2,,,1,1,,2,10,2,,5000
885868,1,1,1,2,2008,,5000,,2,,,2,,,,45,2,,120000
885868,2,1,1,2,2011,,2500,,2,,,2,,,,,2,,30000
885868,2,1,2,1,2010,,500,,1,,,1,,150,,,2,,40000
886604,1,1,1,1,2015,1,,1.1,1,,,1,1,,1.1,67,2,,9500
886797,2,2,1,3,2018,,600,,2,,,2,,,,87,2,,3000
887736,1,1,1,1,2008,,5000,,2,,,2,,,,90,2,,75000
887755,1,1,1,3,2015,,1200,,2,,,2,,,,60,2,,10000
888455,1,1,1,1,2006,,0,,2,,,2,,,,90,2,,60000
888455,1,1,2,3,2018,,30000,,2,,,2,,,,95,2,,150000
888455,2,1,1,1,2021,,3500,,2,,,2,,,,,2,,10000
888606,2,1,1,3,2020,,500,,2,,,2,,,,,2,,1000
888843,1,1,1,1,2021,,350,,1,,,1,1,,2,10,2,,12000
889402,1,1,1,3,2003,,400,,1,1,,1,,400,,80,2,,20000
889402,1,1,2,2,2005,,1600,,2,,,2,,,,80,2,,28000
889402,2,1,1,3,2010,,900,,2,,,1,1,,2,75,2,,15000
889402,2,1,2,2,2010,,1500,,2,,,2,,,,75,2,,15000
889497,1,1,1,3,2012,,600,,1,,,2,,,,100,2,,20000
889715,1,1,1,1,2000,,300,,1,1,,1,1,,2,90,2,,45000
889721,2,1,1,1,1997,1,,2,1,1,,1,1,,2,,2,,50000
892684,2,1,1,1,2013,1,,2,1,,,1,1,,2,,2,,15000
892895,1,1,1,2,2015,,1000,,2,,,2,,,,,2,,15000
894140,1,1,1,2,2015,,2500,,2,,,2,,,,92,2,,25000
894140,2,1,1,1,2007,,1888,,2,,,2,,,,100,2,,32000
895184,3,3,1,3,2010,1,,5,2,,,2,,,,,2,,20000
895512,1,1,1,1,2010,1,,2,1,,,1,1,,2,80,2,,90000
896996,1,1,1,1,1999,,500,,1,2,75,1,,450,,95,2,,39000
898220,1,1,1,3,2008,,12000,,2,,,2,,,,100,2,,200000
899055,1,1,1,1,2001,,60,,1,2,5,1,1,,5,80,2,,8000
899055,2,1,1,1,2002,,60,,1,1,,1,,100,,,2,,25000
900325,1,1,1,2,2019,1,,2,1,,,1,1,,2,75,2,,15000
900325,2,1,1,2,2007,1,,2,1,,,1,1,,2,,2,,80000
900573,1,1,1,2,2015,,1800,,2,,,2,,,,70,2,,13000
901126,1,1,1,1,2005,1,,2,1,1,,1,1,,1,75,2,,130000
901126,2,1,1,1,2005,1,,2,1,1,,1,1,,1,,2,,50000
902913,2,2,1,1,2007,1,,1,1,,,1,1,,2,100,2,,35000
902915,1,1,1,3,2002,,3600,,2,,,2,,,,,2,,35000
902915,2,2,1,3,2002,,3600,,2,,,2,,,,71,2,,35000
903424,1,1,1,1,2000,,600,,1,1,,1,,600,,85,2,,75000
903735,1,1,1,3,2013,,0,,2,,,1,1,,5,40,2,,15000
904242,1,1,1,1,2007,1,,1,1,,,1,1,,1,70,2,,25000
904242,2,1,1,1,2004,1,,1,1,2,1,1,1,,1,,2,,40000
905113,1,1,1,2,2002,,2000,,1,1,,1,,400,,30,2,,100000
905472,3,1,1,1,2018,,240,,2,,,1,1,,1,,2,,10000
906538,1,1,1,2,2006,,1770,,1,1,,1,,1760,,99,2,,96900
906545,1,1,1,1,1999,,480,,1,1,,1,,240,,80,2,,110000
907441,1,1,1,1,2006,1,,1,1,1,,1,1,,1,60,2,,110000
907852,1,1,1,3,2002,1,,1,1,1,,1,1,,2,90,2,,28000
909259,1,1,1,1,2010,,4500,,2,,,1,,2500,,80,2,,60000
910358,1,1,1,1,2005,,1500,,1,1,,1,,1000,,90,2,,50000
910483,3,1,1,3,2015,1,,5,2,,,2,,,,,2,,2500
910519,1,1,1,3,2016,,3600,,2,,,2,,,,80,2,,22000
910519,2,1,1,3,2016,,1800,,2,,,2,,,,,2,,11500
910714,2,1,1,2,2007,,1800,,1,,,1,1,,1,70,2,,42000
910714,2,1,2,1,2000,1,,3,1,1,,1,1,,1,70,2,,42000
910842,2,2,1,3,2008,,0,,2,,,2,,,,,2,,30000
910994,3,3,1,3,2019,,1200,,2,,,2,,,,,2,,4800
911133,1,1,1,3,2010,,1200,,2,,,1,,1200,,75,2,,24000
911371,1,1,1,3,2004,,0,,2,,,2,,,,95,2,,65000
911448,2,1,1,3,2014,,600,,2,,,2,,,,,2,,9500
911580,1,1,1,3,1979,,5200,,2,,,2,,,,35,1,100000,120000
911580,1,1,2,1,2002,,15000,,2,,,2,,,,10,2,,350000
912022,1,1,1,1,2006,1,,1,1,1,,1,1,,2,90,2,,50000
912947,1,1,1,3,2019,,1340,,2,,,2,,,,72,2,,15000
913752,1,1,1,2,2018,,4000,,1,,,1,,1000,,70,2,,40000
913752,2,2,1,2,2018,,4000,,1,,,1,,800,,55,2,,40000
913954,1,1,1,2,2011,,1800,,1,,,1,,1800,,8,2,,45000
914646,1,1,1,3,2012,1,,1,1,,,2,,,,90,2,,36000
914706,1,1,1,1,2021,,680,,1,,,1,,370,,80,2,,20000
914902,1,1,1,3,1990,,1300,,2,,,2,,,,75,2,,35000
915234,1,1,1,3,2021,,350,,1,,,1,,100,,80,2,,5000
915234,3,1,1,3,2021,1,,3,2,,,1,1,,2,,2,,5000
915250,1,1,1,3,2010,1,,2,2,,,2,,,,10,2,,10000
915488,1,1,1,3,2016,,1000,,2,,,2,,,,70,2,,10000
915513,1,1,1,3,2020,,1000,,2,,,2,,,,70,2,,4000
915528,1,1,1,1,2019,1,,2,1,,,2,,,,85,2,,5000
915653,1,1,1,3,1995,,0,,2,,,2,,,,10,2,,102000
916149,1,1,1,2,2019,,900,,1,,,2,,,,5,2,,6000
916451,1,1,1,3,2018,,1200,,2,,,2,,,,70,2,,5000
916537,1,1,1,3,2006,,4000,,2,,,2,,,,100,2,,30000
916826,1,1,1,1,2018,,1100,,2,,,1,,1100,,2,2,,5500
916952,1,1,1,2,2017,,1500,,2,,,2,,,,50,2,,15000
917025,1,1,1,3,2014,1,,1,2,,,2,,,,70,2,,20000
917025,2,1,1,3,2014,,2500,,2,,,2,,,,,2,,20000
917227,1,1,1,1,2016,,200,,2,,,2,,,,90,2,,1200
917252,1,1,1,1,2013,,0,,2,,,2,,,,75,2,,9500
917276,1,1,1,1,2012,1,,1,1,,,1,1,,1,85,2,,12000
917276,2,2,1,3,2010,,1200,,2,,,2,,,,60,2,,8000
917375,1,1,1,1,1993,1,,2,1,1,,1,1,,2,90,2,,40000
917519,1,1,1,3,2013,,1200,,2,,,2,,,,,2,,10000
919033,2,1,1,3,2015,1,,1,1,,,2,,,,,2,,2800
919686,1,1,1,2,2004,,1000,,2,,,2,,,,60,2,,20000
919686,2,1,1,2,2018,,1000,,2,,,2,,,,,2,,4500
919727,2,2,1,1,2001,,1200,,1,2,20,1,1,,10,25,1,25000,100000
919727,4,2,1,3,2020,1,,10,1,,,1,1,,10,,2,,2000
919799,2,1,1,3,2018,,900,,2,,,2,,,,,2,,5000
920315,1,1,1,1,2006,,3600,,1,1,,1,,,3,60,2,,15000
920951,2,1,1,3,2007,,1000,,2,,,2,,,,,2,,15000
922999,2,1,1,3,2019,,600,,2,,,2,,,,,2,,2400
923012,1,1,1,3,2010,,4800,,2,,,2,,,,0,2,,57600
923399,1,1,1,1,2007,,455,,1,,,2,,,,90,2,,45000
923580,3,1,1,3,2017,,880,,2,,,2,,,,,2,,4000
924289,1,1,1,1,2021,,200,,1,,,1,,300,,80,2,,1200
927092,1,1,1,3,2013,,4800,,2,,,2,,,,85,2,,45000
928085,1,1,1,1,2007,,2000,,2,,,1,,12000,,70,2,,35000
928085,1,1,2,2,2007,,4000,,2,,,2,,,,80,2,,20000
928085,2,1,1,2,2019,,118,,2,,,2,,,,,2,,2500
928339,1,1,1,3,2013,,1200,,2,,,2,,,,100,2,,13000
928394,1,1,1,2,2017,,1000,,1,,,2,,,,25,2,,5000
930124,1,1,1,3,2002,,2000,,2,,,2,,,,55,2,,80000
930220,1,1,1,3,2008,1,,2,2,,,2,,,,3,2,,20000
930220,1,1,2,3,2008,1,,2,2,,,2,,,,3,2,,10000
930336,1,1,1,1,2004,,1000,,1,1,,1,1,,2,90,2,,47000
930413,1,1,1,1,2011,,700,,1,,,1,,1000,,81,1,8000,40000
930413,1,1,2,3,2007,,1000,,2,,,2,,,,81,2,,28000
930413,2,1,1,3,2017,,0,,2,,,2,,,,,2,,10000
930413,3,1,1,3,2022,,12000,,2,,,2,,,,,2,,13500
930576,1,1,1,1,2000,,2000,,2,,,1,1,,10,90,2,,40000
930592,1,1,1,2,2011,,5000,,2,,,2,,,,60,2,,50000
930592,2,1,1,2,2020,1,,5,2,,,2,,,,,2,,7000
930726,1,1,1,3,2007,,5000,,2,,,2,,,,60,2,,82000
930846,1,1,1,3,2016,,5000,,2,,,2,,,,,2,,36500
930914,1,1,1,3,2016,,7200,,2,,,2,,,,60,2,,50000
930953,1,1,1,2,2012,1,,2,1,,,2,,,,65,2,,30000
930953,2,1,1,1,2021,1,,2,2,,,2,,,,,2,,30000
930988,1,1,1,3,2015,,5000,,2,,,2,,,,80,2,,40000
931003,1,1,1,3,2020,,1200,,2,,,2,,,,78,2,,2282
931037,1,1,1,1,2020,,2600,,2,,,2,,,,60,2,,19200
931209,3,1,1,3,2015,,2000,,2,,,2,,,,,2,,20000
931349,1,1,1,1,2005,,360,,1,1,,1,,1200,,90,2,,25000
931418,1,1,1,3,2015,,1200,,2,,,2,,,,100,2,,9600
931418,2,1,1,3,2015,,1200,,2,,,2,,,,,2,,9600
931563,1,1,1,1,2010,,600,,1,,,1,,7600,,80,2,,224000
931563,2,2,1,1,2002,,276,,1,1,,1,,322,,,2,,62705
931709,1,1,1,2,2003,,2000,,2,,,2,,,,70,2,,49000
931766,1,2,1,3,2001,,5164,,2,,,2,,,,12,2,,30000
931766,2,2,1,3,2015,,5164,,2,,,2,,,,13,2,,16000
931784,1,1,1,1,1999,1,,3,1,1,,1,1,,3,85,2,,60000
931795,1,1,1,3,2012,,5000,,2,,,2,,,,30,2,,50000
931881,1,1,1,1,1998,,1500,,1,1,,1,,3000,,80,2,,600000
931993,3,1,1,1,2021,,1000,,1,1,,1,,1500,,,2,,8000
931993,4,2,1,1,2016,,4500,,2,,,2,,,,,2,,12000
932134,1,1,1,3,2003,1,,3,2,,,2,,,,5,2,,1000000
932239,1,1,1,3,2013,,5124,,2,,,2,,,,45,2,,50000
932306,1,1,1,3,2008,1,,1,2,,,2,,,,30,2,,3000
932311,1,1,1,1,1998,,1200,,1,2,80,1,,800,,65,2,,200000
932311,3,1,1,1,2020,,400,,1,,,1,,300,,,2,,10000
932377,1,1,1,1,2015,,5000,,1,,,1,1,,2,75,2,,30000
932377,2,1,1,1,2015,,5000,,1,,,1,1,,2,,2,,30000
932465,1,1,1,1,2010,,2000,,1,,,1,,3000,,90,2,,200000
932465,2,1,1,3,2020,,5000,,2,,,2,,,,,2,,10000
932641,1,1,1,2,2008,,5000,,1,,,1,1,,2,35,2,,150000
932673,1,1,1,3,2005,,4000,,2,,,2,,,,35,2,,70000
932810,1,1,1,2,2021,,5164,,2,,,2,,,,10,2,,10328
932832,1,1,1,1,2007,,2000,,1,,,1,1,,2,80,2,,30000
932864,1,1,1,1,2013,,2000,,2,,,1,,5000,,80,2,,650000
932864,2,1,1,2,2004,,500,,2,,,2,,,,,2,,15000
932883,1,1,1,1,1996,,3600,,1,1,,1,,4800,,85,2,,170000
932911,1,1,1,3,2000,,5200,,1,1,,1,1,,2,75,2,,100000
932997,1,1,1,2,2004,1,,3,1,1,,1,1,,5,50,2,,900000
933012,1,1,1,1,2003,1,,3,1,1,,1,1,,2,5,2,,30000
933043,1,1,1,3,1998,1,,2,2,,,2,,,,15,2,,50000
933043,2,2,1,3,2000,1,,2,2,,,2,,,,,2,,50000
933050,1,1,1,2,2007,,5000,,2,,,2,,,,75,2,,80000
933147,1,1,1,3,1986,,3500,,2,,,2,,,,65,2,,250000
933244,1,1,1,1,2000,,4000,,1,1,,1,1,,2,5,2,,100000
933244,2,1,1,1,2003,1,,3,1,1,,1,1,,2,,2,,90000
933305,1,1,1,2,2022,,5160,,2,,,2,,,,63,2,,5160
933795,1,1,1,1,2018,,2400,,1,,,1,,600,,80,2,,18000
933796,1,1,1,1,1997,,24000,,1,1,,1,,40000,,80,2,,350000
933796,2,1,1,1,1997,,3000,,1,1,,1,,4000,,,2,,100000
933890,1,1,1,3,2008,,25000,,2,,,2,,,,50,2,,300000
933890,2,1,1,3,2008,,30000,,2,,,2,,,,,2,,300000
934114,1,1,1,1,1979,1,,10,2,,,2,,,,60,2,,50000
934140,2,1,1,3,2003,,2000,,2,,,2,,,,,2,,16000
934141,1,1,1,1,2003,,2000,,1,2,50,1,,10000,,85,2,,400000
934141,2,1,1,2,2015,,2000,,1,,,1,,2000,,,2,,50000
934280,2,1,1,2,2013,,4000,,1,,,1,,400,,,2,,30000
934280,3,1,1,2,2020,,2000,,1,,,1,,500,,,2,,6000
934282,1,1,1,2,2005,,600,,1,2,50,1,,600,,75,2,,20000
934282,2,1,1,2,2015,1,,1,2,,,2,,,,,2,,50000
934294,1,2,1,1,2010,1,,2,1,,,2,,,,80,2,,
934294,2,2,1,1,2012,,900,,1,,,2,,,,60,2,,7000
934316,1,1,1,2,2019,,5000,,2,,,2,,,,85,2,,20000
934324,1,1,1,2,2019,,600,,1,,,1,,600,,75,2,,4000
934324,2,1,1,2,1999,,600,,2,,,2,,,,65,2,,20000
934327,1,1,1,3,2022,,800,,2,,,2,,,,75,2,,800
934329,1,1,1,2,2007,,0,,1,,,1,,100,,55,2,,15000
934334,1,1,1,2,2012,,600,,2,,,2,,,,85,2,,5000
934336,1,1,1,3,2016,,1800,,1,,,1,,1800,,75,2,,14000
934336,2,1,1,3,2015,,1200,,1,,,1,,1500,,,2,,20000
934491,1,1,1,2,2020,,2000,,2,,,2,,,,80,2,,6000
934491,2,1,1,2,2020,,6000,,2,,,2,,,,,2,,18000
934500,2,2,1,3,2014,,0,,2,,,2,,,,,2,,150000
934524,1,1,1,3,2000,,400,,1,1,,1,,400,,75,2,,65000
934671,1,1,1,3,2002,,5500,,2,,,2,,,,100,2,,75000
934737,2,1,1,1,2006,1,,2,2,,,2,,,,,2,,25000
934782,1,1,1,1,2002,1,,1,1,1,,1,1,,1,90,2,,300000
934782,1,1,2,2,2007,,8000,,2,,,2,,,,100,2,,150000
934782,2,1,1,1,2005,1,,1,1,1,,1,1,,1,,2,,10000
934791,1,1,1,1,2013,,5000,,1,,,1,,2500,,100,2,,75000
934793,1,1,1,3,2012,,5000,,2,,,1,1,,10,98,2,,32000
934892,1,1,1,3,2000,1,,1,2,,,2,,,,10,2,,100
934903,1,1,1,1,2015,,5000,,2,,,2,,,,80,2,,35000
934903,3,1,1,3,2018,1,,2,2,,,2,,,,,2,,1500
934903,4,1,1,3,2022,1,,2,2,,,2,,,,,2,,200
934927,2,2,1,3,2010,1,,3,2,,,2,,,,,2,,60000
934960,1,1,1,1,1998,,4000,,1,2,30,1,,1500,,90,2,,190000
934960,2,1,1,3,2008,,5000,,2,,,2,,,,,2,,130000
934960,3,1,1,3,2021,,1000,,2,,,2,,,,,2,,6000
934960,4,1,1,3,2021,,1000,,2,,,2,,,,,2,,6000
934971,1,1,1,3,2011,,5000,,2,,,2,,,,90,2,,55000
935041,1,1,1,1,2003,,2000,,1,1,,1,,2000,,80,2,,40000
935041,2,1,1,3,1998,,5000,,2,,,2,,,,,2,,100000
935073,2,1,1,3,2020,,6000,,2,,,2,,,,,2,,15000
935280,1,1,1,3,2014,,2000,,2,,,2,,,,70,2,,18000
935392,2,1,1,3,1996,,360,,1,2,10,1,,360,,,2,,10000
935579,1,1,1,2,2002,,0,,2,,,2,,,,5,2,,45000
935579,1,1,2,2,2018,,2500,,2,,,2,,,,5,2,,15000
935579,2,1,1,2,2002,,0,,2,,,2,,,,,2,,45000
935579,2,1,2,2,2018,,2500,,2,,,2,,,,,2,,15000
935594,1,1,1,2,2017,,5000,,2,,,2,,,,80,2,,25000
935594,2,1,1,2,2000,1,,5,2,,,2,,,,,2,,100000
935716,1,1,1,3,2021,,5000,,2,,,2,,,,70,2,,10000
935716,2,1,1,3,2003,,5000,,2,,,2,,,,,2,,80000
935871,1,1,1,2,2022,,1500,,2,,,2,,,,50,2,,1500
935940,1,1,1,3,2005,,1200,,1,1,,1,1,,8,80,2,,25000
936651,1,1,1,1,2004,,20000,,1,1,,1,1,,5,85,2,,600000
936651,2,1,1,1,1998,1,,3,2,,,2,,,,,2,,100000
936657,1,1,1,1,2007,,360,,2,,,1,,1200,,85,1,7000,20000
936667,1,1,1,3,2018,,1000,,2,,,2,,,,80,2,,4500
936683,2,1,1,2,1988,1,,2,1,1,,1,1,,2,,2,,500000
936684,3,1,1,1,2021,,3600,,2,,,2,,,,,2,,7500
936801,1,1,1,3,2012,,5000,,2,,,2,,,,80,2,,25000
936801,2,1,1,3,2012,1,,0,2,,,2,,,,,2,,25000
936874,1,1,1,3,2006,,5000,,2,,,2,,,,30,2,,75000
936874,1,1,2,3,2006,,1000,,2,,,2,,,,10,2,,12000
936993,2,1,1,3,2017,1,,2,2,,,2,,,,,2,,350
937125,1,1,1,3,1997,1,,3,2,,,2,,,,30,2,,300000
937156,1,1,1,1,2004,,2500,,1,1,,1,,850,,100,2,,210000
937209,1,1,1,3,2001,,5160,,2,,,2,,,,40,2,,130000
937209,2,1,1,3,2004,,1200,,2,,,2,,,,,2,,62000
937209,2,1,2,3,2010,,2400,,2,,,2,,,,,2,,46000
937306,1,1,1,3,2014,,5000,,2,,,2,,,,40,2,,30000
937306,1,1,2,2,2019,,6000,,2,,,2,,,,40,2,,24000
937371,1,1,1,3,2016,,4000,,2,,,2,,,,75,2,,9000
937371,2,1,1,3,2016,,2000,,2,,,2,,,,,2,,9000
937475,1,1,1,2,2002,,5000,,2,,,2,,,,40,2,,70000
937475,1,1,2,2,2007,,1000,,2,,,2,,,,32,2,,20000
937475,2,1,1,2,2007,,4000,,2,,,2,,,,,2,,45000
937485,1,1,1,1,2010,1,,2,2,,,1,1,,3,88,2,,25000
937648,1,1,1,3,2015,1,,1,2,,,2,,,,68,2,,7000
937697,1,1,1,2,2018,,2500,,2,,,2,,,,25,2,,10000
937845,1,1,1,1,2005,,1200,,1,2,5,1,,1200,,80,2,,150000
937845,2,1,1,1,2005,,720,,1,2,5,1,,720,,90,2,,80000
937990,1,1,1,1,2001,,700,,1,1,,1,,1400,,100,2,,60000
937990,1,1,2,2,2014,,4400,,2,,,2,,,,90,2,,25000
937990,2,1,1,2,2018,,1000,,2,,,2,,,,,2,,40000
937999,1,1,1,2,2019,,10000,,2,,,2,,,,60,2,,30000
938183,2,1,1,3,2013,,4000,,2,,,2,,,,,2,,40000
938440,1,1,1,3,2008,,5000,,2,,,2,,,,50,2,,45000
938440,2,2,1,3,2012,,2400,,2,,,2,,,,50,2,,25000
938443,3,1,1,2,2018,1,,0,2,,,2,,,,,2,,3000
938608,1,1,1,2,1997,,5100,,2,,,2,,,,85,2,,145000
938608,2,1,1,1,2021,,800,,1,,,1,,800,,,2,,2000
938652,1,1,1,2,2003,,5000,,2,,,2,,,,65,2,,100000
938668,1,1,1,2,1999,,5164,,2,,,2,,,,70,2,,90000
938672,1,1,1,3,2007,,6000,,2,,,2,,,,50,2,,60000
939041,1,1,1,3,2015,,5000,,2,,,2,,,,85,2,,50000
939161,2,2,1,3,1994,1,,2,2,,,2,,,,40,2,,65000
939161,3,2,1,3,2004,1,,1,2,,,2,,,,,2,,12000
939168,1,1,1,3,2003,1,,2,2,,,2,,,,20,2,,100000
939168,2,1,1,1,2000,1,,2,1,1,,1,1,,2,,2,,100000
939176,2,1,1,3,2003,1,,2,1,1,,2,,,,,2,,100000
939180,1,1,1,3,2000,1,,3,2,,,2,,,,70,2,,15000
939180,2,1,1,3,2000,1,,3,2,,,2,,,,,2,,15000
939190,1,1,1,3,2008,1,,2,1,,,1,1,,2,75,2,,30000
939190,2,1,1,3,2002,1,,2,1,1,,1,1,,2,,2,,15000
939263,1,1,1,3,2009,,5164,,2,,,2,,,,16,2,,72000
939392,3,1,1,3,2015,1,,1,1,,,2,,,,,2,,50000
939732,1,1,1,1,2005,,0,,1,1,,1,,265,,80,2,,29981
939732,2,1,1,3,2015,1,,3,2,,,2,,,,,2,,3000
939732,4,1,1,1,2019,,250,,1,,,2,,,,85,2,,6878
939963,1,1,1,1,1991,1,,1,2,,,2,,,,28,2,,30000
940050,1,1,1,1,1999,1,,10,1,1,,1,,20000,,100,2,,500000
940094,1,1,1,1,1994,,6000,,1,1,,1,1,,1,80,2,,220000
940259,1,1,1,1,2022,1,,2,1,,,1,1,,2,70,2,,1200
940400,1,1,1,3,2015,,600,,2,,,2,,,,60,2,,18000
940433,1,1,1,3,2011,,5000,,2,,,2,,,,0,2,,55000
940513,1,1,1,1,2016,1,,2,2,,,1,1,,1.5,80,2,,35000
940519,1,1,1,1,2002,,5000,,2,,,1,,2500,,100,2,,113000
940559,1,1,1,1,2008,,2500,,1,,,2,,,,60,2,,150000
940565,1,1,1,3,2015,,2000,,2,,,2,,,,100,2,,18000
940614,2,1,1,3,1995,1,,3,2,,,2,,,,,2,,640000
940643,1,1,1,1,1989,,0,,2,,,1,,0,,73,2,,110000
940643,1,1,2,1,2007,,0,,2,,,1,1,8000,0,73,2,,142000
940643,2,1,1,2,1992,,3000,,2,,,2,,,,,2,,22000
940743,1,1,1,2,1999,,0,,2,,,2,,,,25,2,,40000
940743,2,1,1,2,2005,,3000,,2,,,2,,,,,2,,60000
941494,1,1,1,3,2015,,5165,,2,,,2,,,,26,2,,41000
941662,1,1,1,3,2015,,2000,,2,,,2,,,,80,2,,16870
941821,2,1,1,3,2016,,5000,,2,,,1,1,,2,,2,,30000
941928,1,1,1,1,2000,,0,,2,,,2,,,,67,2,,105000
941928,1,1,2,1,2020,,900,,2,,,2,,,,67,2,,5000
942071,1,1,1,1,2011,,1152,,1,,,1,1,,7.5,80,2,,105000
942071,2,1,1,1,2006,1,,2,1,1,,1,1,,2,,2,,65000
942073,2,2,1,1,1993,1,,3,1,1,,1,1,,3,100,2,,600000
942185,2,2,1,3,2013,,1300,,2,,,2,,,,70,2,,13000
942376,1,1,1,2,2006,1,,1,2,,,2,,,,70,2,,51000
942381,1,1,1,3,2000,,5400,,2,,,2,,,,60,2,,113400
942662,2,1,1,3,2001,,2500,,2,,,2,,,,,2,,30000
943974,1,1,1,3,2010,,2000,,2,,,2,,,,80,2,,30000
943974,2,1,1,3,2010,,1800,,2,,,2,,,,,2,,25000
944102,1,1,1,3,2010,,5000,,2,,,2,,,,10,2,,40000
944105,1,1,1,2,2014,,5000,,2,,,2,,,,5,2,,40000
944142,1,1,1,3,2014,,0,,2,,,2,,,,10,2,,4200
944346,1,1,1,3,2016,,1200,,2,,,2,,,,95,2,,7500
944383,1,1,1,3,1998,,5000,,2,,,2,,,,40,2,,70000
944734,2,2,1,3,2021,1,,2,1,,,1,1,,2,100,2,,8000
944839,1,1,1,2,2000,,5000,,2,,,2,,,,95,2,,100000
945078,1,1,1,3,2002,,2000,,2,,,2,,,,100,2,,40000
945490,1,1,1,3,2000,,5000,,2,,,2,,,,50,2,,50000
945684,1,1,1,1,2015,,221,,1,,,1,1,,1.2,85,2,,1547
945738,1,1,1,2,2002,,3000,,1,1,,1,,600,,40,2,,40000
945739,1,1,1,3,2010,,1200,,2,,,2,,,,20,2,,14000
945797,1,1,1,3,2005,,5000,,2,,,2,,,,25,2,,80000
945812,1,1,1,1,2015,,1200,,2,,,2,,,,20,2,,9000
946581,1,1,1,3,1985,,4000,,2,,,2,,,,90,2,,35000
947036,1,1,1,2,2020,,5100,,2,,,2,,,,5,2,,20000
947821,1,1,1,1,1998,,3000,,1,1,,1,,2000,,70,2,,150000
947951,1,1,1,3,2021,,10000,,2,,,2,,,,80,2,,22000
947951,2,1,1,3,2021,,22000,,2,,,2,,,,,2,,22000
947955,1,1,1,3,1977,,10000,,2,,,2,,,,100,2,,50000
947955,1,1,2,3,2000,,5000,,2,,,2,,,,100,2,,30000
948079,1,1,1,1,1994,1,,4,1,1,,1,1,,4,10,2,,90000
948079,2,1,1,1,1998,1,,4,1,1,,1,1,,2,,2,,80000
948149,1,1,1,3,2006,,1200,,2,,,2,,,,100,2,,20000
948165,1,1,1,3,2018,,1200,,2,,,2,,,,0,2,,5000
948167,1,1,1,3,2013,,600,,2,,,2,,,,60,2,,30000
948243,1,1,1,3,2018,,50,,2,,,2,,,,55,2,,3000
948406,2,1,1,3,2016,,5000,,2,,,2,,,,,2,,30000
948548,1,1,1,3,2011,,5000,,2,,,2,,,,40,2,,60000
948548,1,1,2,2,2011,,7500,,2,,,2,,,,50,2,,95000
948594,1,1,1,1,2013,,8500,,1,,,1,,8500,,33,2,,105000
948594,1,1,2,3,1992,,0,,2,,,2,,,,33,2,,50000
948803,3,1,1,3,2003,,2000,,2,,,2,,,,,2,,80000
949095,2,1,1,1,2002,1,,1,1,1,,1,1,,1,,2,,24000
949110,1,1,1,3,2002,,5000,,2,,,2,,,,67,2,,80000
949132,1,1,1,1,1998,1,,1,1,1,,1,,3000,,90,2,,60000
949132,2,1,1,1,2020,,120,,1,,,1,,180,,,2,,1500
949157,1,1,1,3,2005,,4800,,2,,,2,,,,80,2,,76800
949157,2,1,1,3,2005,,4800,,2,,,2,,,,,2,,76800
949264,1,1,1,1,1992,,3500,,1,1,,1,1,2700,,70,1,30000,170000
949280,1,1,1,2,2007,1,,3,1,,,1,1,,2,70,2,,60000
949292,1,1,1,1,2018,,1500,,1,,,2,,,,75,2,,7500
949311,1,1,1,3,2020,,5162,,2,,,2,,,,5,2,,15000
949318,1,1,1,1,1988,,3000,,2,,,2,,,,100,2,,100000
949323,1,1,1,1,1983,1,,3,2,,,1,1,,2,100,2,,170000
949323,2,2,1,1,1983,1,,3,1,1,,1,1,,2,,2,,140000
949371,1,1,1,1,2007,,3200,,1,,,1,,1500,,70,2,,48000
949371,1,1,2,3,2010,,1200,,2,,,2,,,,62,2,,15000
949425,2,2,1,1,2022,,5125,,2,,,2,,,,50,2,,4800
949465,1,1,1,3,2010,1,,1,2,,,2,,,,60,2,,60000
949480,1,1,1,1,1998,,5000,,2,,,2,,,,80,2,,160000
949543,1,1,1,1,2006,,1500,,1,1,,1,,2000,,70,1,40000,80000
949568,1,1,1,2,2009,,2500,,2,,,2,,,,50,2,,32000
949584,1,1,1,1,1985,,1985,,2,,,2,,,,90,2,,1850000
949590,1,1,1,1,1990,,50000,,2,,,2,,,,100,2,,1800000
949711,1,1,1,3,1993,,5000,,2,,,2,,,,70,2,,170000
949720,2,1,1,3,1993,,5000,,2,,,2,,,,,2,,130000
949781,1,1,1,3,2016,,1200,,1,,,2,,,,85,2,,20000
951236,1,1,1,3,2021,,5000,,2,,,2,,,,80,2,,10000
951280,1,1,1,1,2013,1,,2,1,,,1,1,,1,10,2,,25000
951280,2,1,1,3,2006,,600,,2,2,1,2,,,,,2,,9600
951367,1,1,1,3,2010,1,,3,2,,,2,,,,90,2,,40000
951391,1,1,1,1,2007,,480,,1,,,1,,1560,,85,2,,32640
951400,1,1,1,3,2010,,5000,,2,,,2,,,,80,2,,36400
951463,1,1,1,1,2006,,240,,1,1,,1,,480,,70,2,,35000
951463,1,1,2,2,2012,,1200,,2,,,2,,,,70,2,,14000
951469,1,1,1,3,2013,,5000,,2,,,2,,,,70,2,,100000
951469,2,1,1,3,2013,,5000,,2,,,2,,,,,2,,80000
951511,1,1,1,3,2015,,1200,,1,,,1,,700,,65,2,,9000
951511,2,1,1,3,2020,,500,,2,,,2,,,,73,2,,1000
951739,1,1,1,3,2015,,0,,1,,,2,,,,75,2,,18000
951739,2,1,1,3,2017,,0,,1,,,2,,,,,2,,14000
951759,1,1,1,3,2014,,5100,,2,,,2,,,,70,2,,30000
951812,1,1,1,2,2001,,250,,2,,,2,,,,78,2,,60000
951812,1,1,2,3,2010,,4000,,2,,,2,,,,76,2,,20000
951812,3,1,1,3,2017,,2400,0,2,,,2,,,,,2,,19000
951812,4,1,1,3,2019,1,,0,2,,,2,,,,,2,,100
951818,1,1,1,3,2021,1,,2,1,,,1,1,,4,100,2,,6000
951818,2,1,1,3,2021,,1500,,2,,,2,,,,,2,,1500
951942,1,1,1,2,2016,,2160,,1,,,2,,,,83,2,,14000
951962,1,1,1,1,2020,1,,0,1,,,1,,3500,,80,2,,11000
951997,1,1,1,3,2001,1,,2,2,,,2,,,,60,2,,121000
951997,2,1,1,3,1995,1,,2,2,,,2,,,,,2,,70000
952007,1,1,1,3,2009,1,,2,1,,,1,1,,1.25,75,2,,58000
952007,2,1,1,3,2015,1,,2,1,,,1,1,,1,,2,,20000
952008,1,1,1,1,2019,,1000,,1,,,1,,1500,,0,2,,15000
952008,2,1,1,1,2010,,1000,,1,,,1,,1500,,,2,,40000
952009,1,1,1,1,2019,,457,,1,,,1,,130,,75,2,,12350
952056,1,1,1,2,2000,,3000,,2,,,2,,,,10,2,,60000
952098,1,1,1,1,2001,,3350,,1,1,,1,,1500,,90,2,,150000
952098,1,1,2,3,2000,,2300,,2,,,2,,,,92,2,,39400
952122,1,1,1,2,2004,1,,4,1,1,,1,1,,8,40,2,,500000
952143,1,1,1,1,2000,1,,3,1,1,,1,1,,3,80,1,60000,94000
952222,1,1,1,3,2002,,3000,,2,,,1,,100,,35,2,,44000
952255,1,1,1,3,2005,,100,,2,,,2,,,,90,2,,15000
952419,1,1,1,1,2020,,5000,,1,,,1,1,,1.5,96,2,,55000
952425,1,1,1,1,2013,,5000,,1,,,2,,,,45,2,,160000
952550,1,1,1,2,2018,,5000,,2,,,2,,,,70,2,,17000
952553,1,1,1,3,2016,,1200,,2,,,2,,,,60,2,,5000
952595,2,1,1,1,2008,1,,3,1,,,1,1,,1.5,,2,,10000
952599,1,1,1,3,2013,,1160,,1,,,1,1,,2,55,2,,10775
952645,1,1,1,1,2017,1,,3,1,,,1,1,,6,95,2,,12500
952645,2,1,1,1,2015,1,,3,1,,,1,1,,5,,2,,6000
952721,1,1,1,1,1989,,6000,,2,,,1,1,,2,85,2,,250000
952815,1,1,1,3,2010,,2400,,2,,,2,,,,75,2,,35000
952815,2,1,1,3,2020,1,,2,2,,,2,,,,,2,,3000
952832,1,1,1,3,2001,,5000,,2,,,2,,,,55,2,,110000
952933,2,1,1,2,2005,,500,,1,1,,1,,200,,,2,,30000
952988,1,1,1,3,2002,,1500,,2,,,2,,,,88,2,,20000
952988,2,1,1,3,2020,,800,,2,,,2,,,,,2,,3000
952996,1,2,1,3,2008,,2100,,1,,,2,,,,75,2,,40000
952996,2,2,1,3,2008,,1600,,1,,,2,,,,70,2,,25000
953030,1,1,1,3,2015,,2800,,2,,,2,,,,65,2,,30000
953044,1,1,1,1,2008,,1235,,2,,,1,,412,,70,2,,33000
953044,1,1,2,3,2010,,3500,,2,,,2,,,,75,2,,20200
953044,2,2,1,1,2008,,2043,,2,,,1,,409,,70,2,,34500
953044,2,2,2,3,2010,,3000,,2,,,2,,,,75,2,,16500
953093,1,1,1,1,2006,1,,1.5,1,1,,1,,600,,80,2,,15000
953093,2,1,1,1,2022,,1200,,2,,,1,,500,,,2,,1200
953096,1,1,1,1,2003,1,,3,1,1,,1,,1400,,85,2,,25000
953096,2,1,1,3,2005,1,,2,1,1,,1,1,,2,,2,,15000
953099,1,1,1,1,1997,,400,,1,1,,1,,600,,85,2,,50000
953099,2,1,1,1,2010,,400,,1,,,2,,,,,2,,20000
953112,1,1,1,2,2014,,800,,2,,,2,,,,85,2,,7000
953230,1,1,1,3,2015,,1800,,2,,,2,,,,80,2,,18000
953232,1,1,1,3,2010,,600,,2,,,2,,,,50,2,,7500
953296,1,1,1,2,2018,,2500,,2,,,2,,,,90,2,,15000
953296,2,1,1,2,2018,,2500,,2,,,2,,,,,2,,15000
953306,1,1,1,1,2001,,1200,,1,1,,1,,120,,75,2,,66000
953306,2,1,1,1,2002,,1200,,1,1,,1,,120,,,2,,70000
953315,1,1,1,3,2001,,300,,2,,,2,,,,70,2,,50000
953315,2,1,1,3,2022,,2000,,2,,,2,,,,,2,,2000
953336,2,2,1,3,2007,,2400,,2,,,2,,,,100,2,,35000
953340,1,1,1,1,2021,1,,2,1,,,1,1,,2,70,2,,300
953520,2,1,1,1,2000,,5000,,2,,,2,,,,,2,,45000
953624,1,1,1,1,2008,,7500,,1,,,1,,7500,,90,2,,183000
953628,2,2,1,1,2003,1,,2.2,2,,,1,1,,2,75,2,,50000
953692,1,1,1,1,1988,1,,3,1,1,,1,,500,,85,2,,200000
953699,1,1,1,1,2015,,500,,2,,,1,1,,1.5,85,2,,15000
953699,2,1,1,3,2015,,2500,,2,,,2,,,,,2,,25000
954063,1,1,1,3,2008,,5000,,2,,,2,,,,62,2,,90000
954085,1,1,1,1,1998,1,,1.5,1,1,,1,1,,7.5,95,2,,150000
954121,1,1,1,3,2010,,2400,,2,,,2,,,,20,2,,30000
954168,3,3,1,1,2010,,360,,2,,,1,,360,,78,2,,4200
954169,4,4,1,3,2019,,200,,2,,,2,,,,68,2,,800
954173,1,1,1,3,1991,,8280,,2,,,2,,,,60,2,,160000
954173,2,1,1,3,1991,,8280,,2,,,2,,,,,2,,81000
954179,1,1,1,3,2010,,4000,,2,,,2,,,,75,2,,45000
954179,2,1,1,3,2010,,1000,,2,,,1,,1000,,,2,,25000
954241,1,1,1,3,1998,,1291,,2,,,2,,,,70,2,,48000
954372,1,2,1,3,1998,,1800,,2,,,2,,,,95,2,,50000
954610,2,1,1,3,2012,1,,2,2,,,2,,,,,2,,1100
954645,1,1,1,2,2018,,5000,,2,,,2,,,,80,2,,20000
954645,2,1,1,2,2019,,2000,,2,,,2,,,,,2,,7000
954757,1,1,1,3,2010,,2500,,2,,,2,,,,60,2,,40000
954860,1,1,1,1,2003,1,,3,1,2,3,1,1,,3,100,2,,25000
954860,2,1,1,3,2020,,250,,2,,,2,,,,,2,,3000
954860,3,1,1,3,1986,,200,,2,,,2,,,,,2,,40000
954863,1,1,1,1,2018,,1000,,2,,,1,,1000,,100,2,,5000
954898,1,1,1,1,1998,1,,2,1,1,,1,1,,1,85,2,,155000
954907,1,1,1,3,2005,,2500,,2,,,2,,,,65,2,,43000
954929,1,1,1,1,2000,,1300,,1,1,,1,,1200,,90,2,,50000
954929,2,1,1,1,2018,1,,1,1,,,1,1,,1,80,2,,40000
954944,1,1,1,3,2021,,1800,,2,,,2,,,,75,2,,3000
955176,2,1,1,3,2011,1,,1,1,,,1,1,,1,,2,,9000
955315,1,1,1,1,2007,,250,,2,,,1,,250,,75,2,,10000
955317,1,1,1,2,1999,,5164,,2,,,2,,,,80,2,,82000
955317,2,1,1,2,2007,,0,,2,,,2,,,,,2,,30000
955342,1,1,1,3,2010,1,,2,2,,,2,,,,10,2,,600
955342,2,1,1,3,2010,,600,,2,,,2,,,,,2,,6000
955488,1,1,1,3,2003,,2000,,2,,,2,,,,60,2,,20000
955488,2,1,1,1,2022,,600,,2,,,2,,,,,2,,300
955680,2,2,1,1,2003,1,,6,1,1,,1,1,,6,,2,,50000
955717,1,1,1,1,2018,1,,1,1,,,1,1,,1,75,2,,100000
955717,2,1,1,1,2021,1,,1,1,,,1,1,,1,,2,,20000
955743,1,1,1,3,2000,,6000,,2,,,2,,,,80,2,,140000
955743,2,1,1,3,2000,1,,2,2,,,2,,,,,2,,40000
955743,3,1,1,1,2020,1,,2,2,,,1,1,,1,,2,,10000
955743,4,1,1,3,2020,1,,1,2,,,2,,,,,2,,10000
955757,1,1,1,1,2001,,14000,,1,1,,1,,1000,,75,2,,800000
955763,1,1,1,1,2008,1,,3,1,,,1,1,,3,,1,20000,36000
955839,1,1,1,3,2016,,1200,,2,,,1,1,,1,100,2,,7500
955865,1,1,1,1,2001,1,,2,1,2,2,1,1,,2,70,2,,104
955865,1,1,2,3,2001,1,,2,2,,,2,,,,70,2,,20000
955865,2,1,1,3,2002,1,,2,2,,,1,1,,2,,2,,50000
955979,1,1,1,1,1999,1,,2.3,2,,,1,1,,2.1,80,2,,36000
955979,2,1,1,1,2011,1,,1,2,,,1,1,,2,,2,,56000
955983,1,1,1,1,2018,,3000,,1,,,1,1,,4,100,2,,22000
956006,1,1,1,1,2010,,2180,,1,,,1,,1000,,100,2,,51000
956017,1,1,1,1,2013,,1200,,1,,,1,1,,1,75,2,,12000
956017,2,1,1,3,2005,,600,,1,1,,1,1,,1,,2,,12000
956041,1,1,1,1,2009,,8000,,1,,,1,,12000,,40,2,,300000
956041,2,1,1,1,1999,,6000,,1,1,,1,,11000,,,2,,200000
956118,2,2,1,3,2008,,1200,,2,,,2,,,,,2,,20000
956254,1,1,1,1,1990,,800,,1,1,,1,,1000,,100,2,,45000
956254,2,1,1,3,2016,,3000,,2,,,2,,,,,2,,24000
956262,1,1,1,1,2016,1,,2,2,,,1,1,,2,90,2,,20000
956619,1,1,1,3,2013,1,,1,2,,,1,1,,1,30,2,,30000
956619,1,1,2,3,2013,1,,1,2,,,2,,,,30,2,,30000
956665,1,1,1,3,2015,1,,2,2,,,2,,,,40,2,,20000
956895,1,1,1,3,2009,,1400,,2,,,2,,,,100,2,,21000
956895,2,1,1,3,2019,,600,,2,,,2,,,,,2,,2400
956895,3,1,1,3,2019,,600,,2,,,2,,,,,2,,2400
956921,1,1,1,1,2021,,2000,,2,,,2,,,,80,2,,4000
956921,2,1,1,3,2020,,1500,,2,,,2,,,,,2,,3500
957020,1,1,1,3,2013,,2400,,2,,,2,,,,100,2,,24000
957344,1,1,1,1,1996,,164,,2,,,1,,15000,,50,2,,100000
957344,2,1,1,3,2017,,5000,,2,,,2,,,,,2,,20000
957516,1,1,1,3,2020,,1200,,2,,,2,,,,30,2,,3000
957579,1,1,1,3,2020,,1200,,2,,,2,,,,80,2,,3000
957674,1,1,1,1,2001,,4000,,1,1,,1,,500,,75,2,,90000
957687,1,1,1,3,2001,,2000,,1,1,,2,,,,75,2,,22000
957692,1,1,1,3,2022,,450,,2,,,2,,,,80,2,,450
957711,1,1,1,1,2009,1,,10,1,,,2,,,,50,2,,18000
957771,1,1,1,3,2006,,5100,,2,,,2,,,,70,2,,80000
957771,2,1,1,3,2006,,5000,,2,,,2,,,,,2,,80000
957775,1,1,1,1,2010,,150,,1,,,1,1,,1,85,1,28000,5000
957778,2,1,1,1,2013,1,,2,2,,,1,1,,2,,2,,20000
957780,1,1,1,3,2018,,1200,,2,,,2,,,,80,2,,5000
957852,1,1,1,2,2011,1,,5,2,,,2,,,,10,2,,50000
957852,2,1,1,2,2011,1,,5,1,,,2,,,,,2,,50000
957852,3,1,1,2,2020,,1000,,1,,,1,1,,5,,2,,3000
958064,1,1,1,1,2022,1,,1,1,,,1,1,,1,90,2,,3000
959012,1,1,1,3,2010,,5163,,2,,,2,,,,15,2,,100008
959058,2,1,1,1,2010,1,,2,1,,,1,1,,2,,2,,50000
959124,1,1,1,1,2007,,500,,1,,,1,,500,,90,2,,15000
959167,1,1,1,1,2009,,2000,,2,,,1,,400,,80,2,,36000
960119,1,1,1,3,2000,1,,3,2,,,1,1,,4,90,2,,70000
960303,1,1,1,3,2018,,2500,,2,,,2,,,,70,2,,14000
960496,1,1,1,2,2010,,1200,,2,,,2,,,,25,2,,18000
960747,1,1,1,1,2017,,0,,1,,,1,,5000,,100,2,,30000
961325,1,1,1,3,2009,,7000,,2,,,2,,,,20,2,,100000
961325,2,1,1,3,2015,,2000,,2,,,2,,,,,2,,14000
961538,1,1,1,3,2010,,5160,,2,,,2,,,,40,2,,70000
961538,2,1,1,3,2010,1,,3,2,,,2,,,,,2,,12000
961613,1,1,1,3,2006,1,,1,2,,,2,,,,80,2,,35000
961698,2,1,1,3,2010,,1800,,2,,,2,,,,,2,,23400
963003,1,1,1,3,2000,,3600,,2,,,2,,,,8,2,,85000
963003,2,1,1,3,2002,,2400,,2,,,2,,,,,2,,57000
963653,1,1,1,3,2019,,5000,,2,,,2,,,,82,2,,15000
964285,1,1,1,1,2013,,1200,,1,,,1,,1200,,72,1,20000,4000
964285,2,1,1,1,2012,,1100,,1,,,1,,1100,,,1,20000,6000
964845,2,1,1,3,2014,,2500,,2,,,2,,,,,2,,30000
967671,2,1,1,2,2000,1,,2,2,,,2,,,,,2,,170000
968287,2,1,1,2,2018,1,,2,1,,,2,,,,,2,,9000
968913,1,1,1,1,2010,,600,,1,,,2,,,,90,2,,10000
968939,1,1,1,1,1998,,1000,,1,1,,1,,3300,,80,2,,79894
968951,1,1,1,3,2005,,300,,2,,,2,,,,50,2,,30000
970630,1,1,1,1,2007,,6000,,1,,,1,,6000,,75,2,,280000
970630,2,1,1,1,2007,,2000,,1,,,1,,2000,,,2,,110000
970716,1,1,1,2,2014,,1750,,1,,,2,,,,5,2,,23000
970716,2,2,1,3,2012,,1900,,1,,,2,,,,75,2,,28000
970799,2,1,1,2,2002,,5000,,2,,,2,,,,,2,,100000
971152,1,2,1,3,2010,,900,,2,,,2,,,,30,2,,10000
971253,1,1,1,3,2013,,300,,2,,,2,,,,10,2,,3600
971253,2,1,1,3,2013,,300,,2,,,2,,,,,2,,3000
971659,1,1,1,3,2013,,720,,2,,,2,,,,90,2,,10000
972697,1,2,1,3,2008,,600,,2,,,2,,,,85,2,,10000
972881,1,3,1,3,2019,,1800,,2,,,2,,,,100,2,,7700
973354,1,1,1,1,2018,1,,2,1,,,1,1,,2,100,2,,4500
974075,1,1,1,1,2015,,1500,,1,,,2,,,,15,2,,10000
974174,1,1,1,1,2003,1,,3,1,1,,1,1,,1.2,70,2,,25000
974221,1,1,1,3,2019,,1800,,2,,,2,,,,90,2,,3000
974465,1,1,1,1,2019,,400,,2,,,2,,,,85,2,,1000
974465,2,1,1,1,2008,,0,,2,,,2,,,,100,2,,30000
974485,1,1,1,2,2018,,2200,,1,,,1,1,,10,65,2,,15000
974487,1,1,1,3,2011,,2200,,1,,,1,,1200,,78,2,,28000
974647,1,1,1,3,2022,,600,,2,,,2,,,,100,2,,600
974913,2,1,1,1,2001,1,,2,1,2,1,1,1,,0.5,,2,,5000
975476,1,1,1,3,2010,,500,,2,,,2,,,,,2,,6000
980068,2,1,1,2,2000,,2000,,2,,,2,,,,,2,,35000
980184,1,1,1,1,2018,,1800,,1,,,1,1,,0.2,80,2,,6000
980250,1,1,1,1,1998,,0,,1,1,,1,1,,0,60,2,,620000
980299,1,1,1,2,2010,,5164,,2,,,2,,,,70,2,,66000
980299,1,1,2,1,2002,,1300,,2,,,1,,1300,,64,2,,28200
980493,1,1,1,1,2007,,900,,1,,,1,1,,1,90,2,,13000
980493,2,1,1,1,2015,,1200,,1,,,1,1,,1,,2,,10000
980544,2,1,1,3,2018,,2400,,2,,,2,,,,,2,,9500
980664,1,1,1,3,1998,,2500,,2,,,2,,,,65,2,,42000
980664,2,1,1,2,2010,1,,1,2,,,2,,,,,2,,5000
981036,1,1,1,1,1995,1,,3,1,1,,1,1,,2,85,2,,90000
981068,1,1,1,3,2014,1,,10,2,,,2,,,,20,2,,20000
981070,1,1,1,1,2010,,9000,,1,,,1,,9000,,80,2,,350000
981117,1,1,1,3,2008,,10000,,2,,,2,,,,20,2,,100000
981163,1,1,1,3,2000,,1200,,2,,,2,,,,10,2,,25000
981294,1,1,1,1,2019,,180,,1,,,1,,180,,55,2,,1500
981361,1,1,1,1,2014,,5000,,1,,,1,1,,10,75,2,,80000
981412,1,1,1,3,2015,,1500,,2,,,2,,,,100,2,,12000
981590,1,1,1,3,2015,,2160,,2,,,2,,,,100,2,,15000
981613,1,1,1,1,2022,1,,3,1,,,1,1,,3,10,2,,1400
981640,2,1,1,3,2020,,1800,,2,,,2,,,,,2,,4100
981943,1,1,1,1,2000,,500,,1,1,,1,,500,,80,2,,60000
982004,1,2,1,1,2007,,8000,,1,,,1,1,,1.5,80,2,,95000
982004,2,2,1,1,2007,,1300,,1,,,1,,1500,,80,2,,65000
982336,1,1,1,3,2010,1,,1,2,,,2,,,,85,2,,60000
982354,1,1,1,3,2013,,5000,,2,,,2,,,,10,2,,50000
983057,1,1,1,3,1995,,3000,,2,,,1,1,,10,90,2,,150000
983059,1,1,1,3,2016,,600,,2,,,1,,2500,,75,2,,25000
983059,2,1,1,3,2015,,1200,,2,,,2,,,,,2,,35000
983511,2,1,1,3,2000,,2000,,2,,,1,,1000,,,2,,40000
983597,1,1,1,1,2007,,2500,,1,,,1,,1750,,70,2,,30000
984067,1,1,1,3,2002,,0,,2,,,2,,,,72,2,,5000
984067,2,1,1,3,2000,,0,,2,,,2,,,,,2,,18000
984122,1,1,1,1,1998,,1700,,1,2,20,1,,500,,80,2,,83000
984122,2,1,1,1,1998,,1500,,2,,,2,,,,,2,,30000
984154,1,1,1,3,1997,1,,1,2,,,2,,,,75,2,,45000
984672,2,1,1,3,2014,,5000,,2,,,2,,,,60,2,,50000
984792,1,1,1,1,2002,,0,,1,1,,1,,8000,,70,2,,350000
984792,2,1,1,3,2009,,2000,,2,,,2,,,,,2,,40000
984803,2,1,1,3,2019,,2400,,2,,,2,,,,,2,,9000
984910,1,1,1,3,2008,,450,,2,,,2,,,,80,2,,23000
984910,1,1,2,1,2020,,0,,1,,,1,,1400,,90,2,,6000
985044,1,1,1,1,2015,,13000,,1,,,1,1,,2,75,2,,180000
985051,1,1,1,3,2018,,12000,,2,,,2,,,,20,2,,60000
985093,1,1,1,1,2017,,0,,2,,,1,,2300,,70,2,,7800
985203,1,1,1,2,2013,,5100,,2,,,2,,,,80,2,,75000
985203,1,1,2,2,2021,,2500,,2,,,2,,,,81,2,,80000
985216,1,2,1,2,2021,,4000,,2,,,1,,1400,,80,2,,95000
985216,1,2,2,2,1997,,2350,,1,1,,1,,150,,85,2,,40000
985216,2,2,1,1,2001,,2000,,1,2,1,1,,4000,,80,2,,104000
985216,2,2,2,2,2021,,1000,,2,,,2,,,,81,2,,1000
985216,3,3,1,3,2015,,1200,,2,,,2,,,,,2,,10000
985501,1,1,1,3,2015,,1200,,2,,,2,,,,80,2,,6800
985517,1,1,1,3,2022,,5160,,2,,,2,,,,41,2,,5160
985584,1,1,1,1,1988,,600,,1,1,,1,,800,,85,2,,120000
985591,1,1,1,1,1992,,600,,1,1,,1,,1000,,90,2,,120000
985623,1,1,1,2,1996,,5000,,2,,,2,,,,85,2,,120000
985927,1,1,1,1,1993,1,,2.8,2,,,1,1,,5,80,2,,100000
985952,1,1,1,2,2006,,2000,,2,,,2,,,,55,2,,40000
985963,1,1,1,3,2019,,1800,,2,,,1,,600,,80,2,,6000
986046,3,1,1,3,2018,,3600,,1,,,1,1,,4,,2,,20000
986173,1,1,1,2,2010,,5000,,2,,,2,,,,60,2,,60000
986454,1,1,1,3,1990,,7000,,2,,,2,,,,80,2,,130000
986457,1,1,1,2,1997,,5000,,2,,,2,,,,75,2,,140000
986457,2,1,1,3,2004,,5000,,2,,,2,,,,,2,,85000
986617,1,1,1,2,2000,,5000,,2,,,2,,,,40,2,,100000
986617,2,1,1,2,2010,,5000,,2,,,2,,,,,2,,50000
986663,1,1,1,3,2013,,5000,,1,,,1,1,,2,40,2,,70000
986663,2,1,1,3,2013,,1500,,1,,,1,,1400,,,2,,27000
986695,2,2,1,2,1998,,3000,,2,,,2,,,,70,2,,70000
986718,1,1,1,1,1995,,5000,,2,,,1,,8000,,65,2,,300000
986783,1,1,1,2,2003,,0,,2,,,2,,,,75,2,,3000
986955,1,1,1,2,1982,,0,,2,,,2,,,,,2,,48000
987094,1,1,1,3,1999,,10000,,2,,,2,,,,80,2,,250000
987148,1,1,1,1,2000,,5000,,1,1,,1,,5000,,75,2,,40000
987148,2,2,1,2,2000,,2500,,2,,,2,,,,,2,,55000
987149,1,1,1,1,2002,,0,,1,1,,1,,7000,,85,2,,800000
987149,2,1,1,3,1998,,10000,,2,,,2,,,,,2,,200000
987175,2,2,1,3,1996,,3000,,2,,,2,,,,75,2,,75000
987211,1,1,1,1,2007,1,,3,1,,,1,1,,3,10,2,,1500
987447,1,1,1,1,2006,,600,,1,1,,1,,600,,80,2,,30000
987718,1,1,1,2,2020,,2000,,2,,,2,,,,50,2,,3000
987856,1,1,1,2,2021,,3000,,1,,,1,,1000,,70,2,,140000
987856,2,1,1,2,2013,1,,2,1,,,1,1,,2,,2,,200000
987862,1,1,1,1,2013,,4000,,1,,,1,1,,3,75,2,,40000
987862,2,1,1,1,2013,,1500,,1,,,1,1,,4,,2,,21000
988099,1,1,1,1,2015,1,,1,1,,,1,1,,10,100,2,,10000
988159,1,1,1,1,2016,,8000,,1,,,1,,7000,,,2,,150000
988183,1,1,1,1,2010,,5000,,1,,,1,1,,2,70,2,,80000
988183,2,1,1,1,2018,,1800,,1,,,1,1,,2,,2,,9000
988291,1,1,1,3,2020,1,,10,2,,,2,,,,8,2,,50000
988370,1,1,1,1,2010,1,,1.5,1,,,1,1,,1.5,75,2,,23000
988780,1,1,1,3,1990,,6000,,2,,,2,,,,100,2,,50000
988780,2,1,1,3,2015,,2500,,2,,,2,,,,,2,,20000
988804,1,1,1,3,2019,,0,,1,,,2,,,,100,2,,6500
988804,1,1,2,2,2019,,2400,,2,,,2,,,,100,2,,7000
989001,1,1,1,2,2015,,4800,,2,,,1,,2182,,60,2,,22000
989001,2,2,1,2,2022,,2400,,2,,,2,,,,35,2,,2400
989028,2,2,1,1,2007,1,,3,1,,,1,1,,6,95,2,,40000
989032,1,1,1,1,2003,1,,3,1,1,,1,1,,2,100,2,,130000
989032,2,1,1,1,2017,1,,2,1,,,1,1,,2,,2,,30000
989186,1,1,1,1,2007,1,,1.35,1,,,1,1,,1.35,85,2,,80000
989196,1,1,1,1,2007,,1200,,1,,,1,,1200,,76,2,,50000
989221,1,1,1,1,1996,,1000,,1,1,,1,,800,,85,2,,67000
989844,1,1,1,3,2013,,960,,2,,,2,,,,,2,,9000
990232,1,1,1,2,2015,,1500,,2,,,2,,,,70,2,,12000
990333,1,1,1,3,2006,,5200,,2,,,2,,,,62,2,,65000
990348,3,1,1,1,2018,,600,,1,,,1,,600,,,2,,10000
990360,2,2,1,2,2000,1,,3,2,,,1,1,,2,80,2,,45000
990395,1,1,1,2,2008,,600,,2,,,1,,600,,80,2,,18000
990401,1,1,1,1,1992,,20000,,2,,,2,,,,94,2,,260000
990401,2,1,1,2,2005,1,,3,2,,,1,1,,2,,2,,20000
990421,1,1,1,2,2005,,500,,2,,,1,,500,,85,2,,35000
990442,1,1,1,2,2005,,5164,,2,,,2,,,,70,2,,50000
990454,1,1,1,3,1994,,1500,,2,,,2,,,,26,2,,50000
990454,2,1,1,2,2000,1,,3,2,,,1,,1000,,,2,,15000
990490,1,1,1,2,2015,,3000,,2,,,1,,3000,,65,2,,75000
990505,1,1,1,2,2019,,1000,,2,,,2,,,,60,2,,5000
990513,2,1,1,3,2005,,5000,,2,,,2,,,,,2,,80000
990522,2,2,1,3,2010,,1440,,2,,,2,,,,2,2,,20000
990576,1,1,1,1,2008,,1000,,1,,,1,1,,2,90,2,,30000
990765,2,1,1,1,2010,,2300,,1,,,1,,2300,,,2,,50000
990784,1,1,1,3,2005,,1950,,1,1,,2,,,,75,2,,18000
990818,1,1,1,3,2022,,600,,2,,,2,,,,52,2,,600
990823,2,1,1,1,1997,1,,3,1,2,3,2,,,,,2,,100
990873,1,1,1,3,2021,,2400,,2,,,1,,100,,85,2,,5400
990905,1,1,1,3,2006,,2500,,2,,,2,,,,60,2,,70000
990921,1,1,1,3,2016,,1900,,1,,,2,,,,65,2,,15000
990923,1,2,1,3,2015,,1700,,1,,,2,,,,70,2,,15000
990923,2,2,1,2,2010,1,,2,1,,,2,,,,80,2,,20000
990933,1,2,1,1,2015,,1700,,1,,,2,,,,70,2,,18000
990933,2,2,1,2,2018,,1600,,1,,,1,,1700,,75,2,,12000
990952,2,2,1,3,2018,,2000,,2,,,2,,,,75,2,,10000
990975,1,1,1,3,2003,,200,,2,,,2,,,,80,2,,20000
991011,1,1,1,3,2015,,1500,,2,,,2,,,,80,2,,10000
991011,2,2,1,3,2016,,2000,,1,,,1,,200,,85,2,,15000
991014,1,1,1,2,2010,,5000,,2,,,2,,,,35,2,,60000
991033,1,1,1,1,2003,,200,,1,1,,1,,200,,80,1,50000,1000
991034,1,1,1,3,2007,,8000,,2,,,2,,,,75,2,,40000
991034,2,1,1,3,2007,,5000,,2,,,2,,,,,2,,80000
991130,1,1,1,1,2009,,2400,,1,,,2,,,,85,2,,20000
991130,2,1,1,1,2004,,2400,,1,1,,1,1,,2,90,2,,30000
991162,1,1,1,2,2021,,2400,,2,,,2,,,,,2,,5000
991162,2,1,1,3,2007,,5000,,2,,,2,,,,,2,,80000
991217,1,1,1,3,2017,,1500,,2,,,2,,,,75,2,,14000
991256,1,1,1,1,2002,,8000,,1,1,,1,,15000,,50,2,,100000
991256,2,1,1,1,2018,,3000,,2,,,1,1,,1.2,,2,,15000
991278,1,1,1,3,2004,1,,2,1,1,,1,,300,,75,2,,17000
991290,1,1,1,1,1998,,3600,,1,2,25,1,,4000,,70,2,,45000
991290,2,1,1,2,2019,,3000,,1,,,1,,2500,,,2,,12000
991303,1,1,1,3,2000,,2021,,1,2,50,1,,391,,100,2,,22127
991313,1,1,1,3,2021,,2000,,2,,,1,1,,1,95,2,,7000
991313,2,2,1,3,2007,,1200,,2,,,2,,,,100,2,,20600
991328,1,1,1,3,2015,,1200,,2,,,2,,,,65,2,,9500
991329,1,1,1,3,2005,,300,,1,1,,1,,450,,70,2,,47000
991329,2,1,1,3,2022,,5400,,1,,,1,,500,,,2,,16000
991448,1,1,1,3,2014,,6000,,2,,,2,,,,40,2,,37500
991872,1,1,1,3,2013,,2000,,2,,,2,,,,80,2,,20000
991904,1,1,1,3,2007,,4000,,2,,,2,,,,70,2,,45000
991916,1,1,1,1,2002,,3750,,1,1,,1,,3750,,,1,62000,120000
991916,2,1,1,3,1997,,1291,,2,,,2,,,,,2,,60000
991929,1,1,1,1,2018,1,,2,1,,,1,1,,0.5,60,2,,23600
991933,2,2,1,3,2021,,5000,,2,,,2,,,,,2,,10000
991977,1,1,1,3,2015,,5164,,2,,,2,,,,27,2,,50000
992453,1,1,1,3,2000,1,,1,2,,,2,,,,100,2,,10000
992735,3,1,1,3,2018,1,,1,1,,,1,1,,1,,2,,23000
992743,1,2,1,3,2006,,1500,,2,,,2,,,,80,2,,10000
993075,2,1,1,3,2005,1,,1,2,,,2,,,,,2,,10000
993132,1,1,1,1,2007,,1500,,1,,,1,,600,,90,2,,85000
993513,1,1,1,1,2016,1,,1.7,1,,,1,1,,1.3,50,2,,20000
993513,2,1,1,1,2022,1,,1.7,1,,,1,1,,1.3,,2,,5000
994291,3,1,1,2,2020,1,,4,2,,,2,,,,,2,,5000
994459,1,1,1,3,2017,,1200,,2,,,2,,,,25,2,,7500
994679,1,1,1,3,1986,,2500,,2,,,2,,,,,2,,70000
995089,1,1,1,1,2015,,3000,,1,,,1,,6000,,70,2,,40000
995089,1,1,2,2,2021,,2000,,2,,,2,,,,80,2,,6000
995089,2,1,1,1,2019,,2000,,1,,,1,,2000,,,2,,30000
995089,2,1,2,2,2018,,1000,,2,,,2,,,,,2,,15000
995183,1,1,1,1,2013,1,,1,1,,,1,1,,1,60,2,,40000
995361,1,1,1,3,2015,,500,,2,,,2,,,,90,2,,5000
995388,2,1,1,3,2005,,5000,,2,,,2,,,,90,2,,30000
995388,3,1,1,3,2013,,500,,2,,,2,,,,,2,,2000
995388,4,1,1,3,2013,,1000,,2,,,2,,,,,2,,5000
995397,1,1,1,3,2004,,5000,,2,,,2,,,,80,2,,95000
995440,2,1,1,1,2008,,1500,,1,,,1,,1500,,,2,,22500
995494,1,1,1,3,2014,,1200,,1,,,2,,,,75,2,,15800
995541,1,1,1,2,2018,,5100,,2,,,2,,,,10,2,,25000
995541,2,2,1,2,2015,,1200,,2,,,2,,,,,2,,6000
995599,3,1,1,3,2010,,600,,2,,,2,,,,,2,,8000
995606,1,1,1,3,2015,,2000,,2,,,2,,,,75,2,,20000
995644,1,1,1,3,2000,,800,,2,,,2,,,,20,2,,16000
995764,1,1,1,3,2010,,0,,2,,,2,,,,33,2,,100000
995782,1,1,1,3,2012,,3000,,2,,,2,,,,90,2,,70000
995782,1,1,2,3,2015,1,,1,2,,,2,,,,90,2,,50000
995782,2,1,1,3,2015,1,,1,2,,,2,,,,,2,,50000
995814,1,1,1,3,2010,,1000,,1,,,2,,,,100,2,,16000
996198,2,2,1,3,2006,,4500,,2,,,2,,,,80,2,,54000
996262,1,1,1,1,1997,,1200,,1,1,,1,1,,5,85,2,,120000
996426,2,1,1,3,2000,,2400,,2,,,2,,,,,2,,35000
996544,1,1,1,3,1996,1,,2,2,,,2,,,,40,2,,90000
997395,1,1,1,2,2003,,5000,,2,,,2,,,,20,2,,200000
997395,2,1,1,2,2007,,5000,,2,,,2,,,,,2,,80000
997566,2,3,1,2,2020,,1000,,2,,,2,,,,,2,,5000
997571,1,1,1,3,2000,,1200,,2,,,2,,,,65,2,,40000
998098,1,1,1,2,2015,,1400,,1,,,2,,,,20,2,,15000
998220,1,1,1,3,2005,,1800,,2,,,2,,,,95,2,,30600
998247,1,1,1,1,2006,,300,,1,1,,1,,120,,80,2,,30000
998359,2,1,1,3,2015,,5000,,2,,,2,,,,,2,,40000
998381,1,1,1,2,2013,,1000,,1,,,1,,600,,80,2,,12000
998381,2,1,1,3,2010,,600,,2,,,2,,,,,2,,7000
998420,1,1,1,3,2021,,3500,,2,,,2,,,,100,2,,7000
998428,1,1,1,3,2022,,5000,,2,,,2,,,,50,2,,5000
998523,1,1,1,1,2000,1,,1.5,1,1,,1,1,,1,100,1,13000,40000
998534,1,1,1,1,1990,1,,2,1,1,,2,,,,40,2,,250000
998534,1,1,2,2,2000,,5000,,2,,,2,,,,10,2,,115000
998604,1,1,1,2,1998,,5000,,2,,,2,,,,50,2,,100000
998604,2,1,1,1,1998,,5000,,1,1,,1,,2000,,,2,,120000
999008,1,1,1,1,2007,1,,2,1,,,1,1,,2,82,1,2300,8000
999159,2,1,1,3,2006,,600,,2,,,2,,,,,2,,6000
999410,1,1,1,2,2010,,1200,,1,,,2,,,,100,2,,13700
999410,1,1,2,1,2019,,140,,2,,,1,,140,,100,2,,560
999410,2,1,1,2,2018,,1080,,1,,,2,,,,,2,,4320
999433,1,1,1,2,2014,,5200,,2,,,2,,,,55,2,,42000
999433,2,1,1,2,2014,,5200,,2,,,2,,,,,2,,30000
999524,1,1,1,1,2013,1,,1,2,,,1,,100,,3,2,,15000
999524,1,1,2,1,2013,1,,1,2,,,1,1,,1,3,2,,20000
999524,1,1,3,1,2022,,1200,,2,,,2,,,,93,2,,1200
999524,1,1,4,1,2020,,2500,,1,,,2,,,,93,2,,2400
999568,2,1,1,1,1988,,3200,,2,,,2,,,,,2,,112000
999637,1,1,1,1,2017,,360,,1,,,1,,720,,80,2,,30000
999676,1,1,1,1,1990,,350,,2,,,2,,,,80,2,,12000
999839,1,1,1,1,2012,,360,,1,,,1,1,,1,85,2,,50000
999951,1,1,1,1,2019,,3600,,2,,,1,,1200,,72,2,,16500
999951,2,2,1,1,2015,,2400,,1,,,1,,1000,,75,2,,48000
1000294,1,1,1,1,2004,,1200,,1,1,,1,,10000,,10,2,,25000
1000294,2,1,1,3,2022,1,,2,2,,,2,,,,2,2,,250
1000294,3,1,1,3,2007,1,,5,1,,,1,,300,,,2,,3000
1000338,1,1,1,3,2010,,2000,,2,,,1,,4000,,50,2,,60000
1000363,1,1,1,3,1994,,1000,,2,,,2,,,,10,2,,30000
1000515,3,1,1,3,2021,,600,,2,,,1,,600,,,2,,2400
1000803,1,1,1,3,2014,,5000,,2,,,2,,,,90,2,,45000
1001079,1,1,1,1,1981,,2500,,1,1,,1,1,,4,,2,,36000
1001079,2,1,1,1,2012,,2500,,1,,,1,1,,2,,2,,32500
1001326,4,1,1,3,2020,,600,,2,,,2,,,,,2,,1200
1001428,1,1,1,1,2010,1,,2,2,,,2,,,,10,2,,20000
1001480,1,1,1,1,2001,,600,,1,1,,1,,600,,80,2,,90000
1001480,2,1,1,3,2018,,3600,,2,,,2,,,,,2,,14400
1001660,1,1,1,3,2019,,2500,,2,,,2,,,,10,2,,10000
1001772,1,1,1,2,2021,1,,2,2,,,2,,,,80,2,,2000
1001775,2,1,1,1,2003,1,,1,1,1,,1,1,,10,,2,,53000
1001882,1,1,1,2,2010,,0,,2,,,2,,,,1,2,,10000
1002015,1,1,1,3,2015,,1200,,2,,,2,,,,35,2,,9000
1002015,2,1,1,3,2012,,1200,,2,,,2,,,,,2,,9200
1002290,2,1,1,1,2022,,100,,1,,,1,,4000,,,2,,4100
1002290,2,1,2,2,2021,,2000,,2,,,2,,,,,2,,4000
1002529,1,1,1,3,2017,,1200,,2,,,2,,,,10,2,,6000
1002529,2,1,1,3,2017,1,,1,2,,,2,,,,,2,,4400
1002565,1,2,1,3,1997,,5400,,2,,,2,,,,90,2,,150000
1002623,1,1,1,1,2009,1,,2,1,,,1,1,,2,80,2,,50000
1002623,2,1,1,3,2019,,1000,,2,,,2,,,,,2,,3000
1002623,3,1,1,3,2019,,1000,,2,,,2,,,,,2,,3000
1002653,1,1,1,3,2019,,5000,,2,,,2,,,,80,2,,15000
1002659,1,1,1,3,2019,,1000,,2,,,2,,,,0,1,4000,4000
1002735,1,1,1,1,2004,,2500,,2,,,1,,2500,,70,2,,35000
1002735,2,1,1,1,2010,,850,,2,,,1,,850,,,2,,25000
1002831,1,1,1,3,1981,,5000,,2,,,2,,,,25,2,,125000
1002831,2,1,1,3,2012,,5000,,2,,,2,,,,,2,,55000
1002831,3,1,1,3,2022,,5000,,2,,,2,,,,,2,,5000
1002842,1,1,1,1,1996,1,,3,1,1,,1,,600,,65,2,,32000
1002849,1,1,1,3,2014,,600,,2,,,2,,,,10,1,3500,4800
1002954,1,1,1,1,2005,,1500,,1,1,,1,,800,,80,2,,120000
1002988,1,1,1,3,2003,1,,2,2,,,2,,,,2,2,,3000
1002988,2,2,1,3,2003,1,,2,2,,,2,,,,3,2,,3000
1003022,1,1,1,2,1998,,1000,,2,,,2,,,,20,2,,36000
1003022,1,1,2,2,1998,,1200,,2,,,2,,,,10,2,,46000
1003164,1,1,1,1,1993,1,,3,2,,,1,1,,0.5,97,2,,50000
1003548,1,1,1,3,2020,1,,5,1,,,1,1,,10,75,2,,6000
1003548,3,3,1,3,2012,1,,3,1,,,1,1,,8,0,2,,12000
1003551,1,1,1,3,2016,,2400,,2,,,2,,,,70,2,,10912
1003557,1,1,1,1,2014,1,,1,1,,,1,1,,1,80,2,,59000
1003557,2,2,1,1,2015,1,,1,2,,,1,1,,1,,2,,40000
1004576,2,2,1,1,2006,1,,3,1,1,,2,,,,100,2,,18800
1004579,1,1,1,3,2012,,600,,2,,,2,,,,65,2,,7000
1004658,2,1,1,2,2020,,1000,,2,,,2,,,,75,2,,2000
1004992,1,1,1,2,2015,,1800,,2,,,2,,,,,2,,10000
1005031,2,1,1,3,2020,,800,,2,,,2,,,,,2,,1500
1005087,1,1,1,3,2017,,5000,,2,,,2,,,,10,2,,25000
1005131,1,1,1,1,2012,,1200,,1,,,1,,1200,,100,2,,15000
1005131,2,1,1,2,2020,,720,,2,,,2,,,,,2,,1440
1005168,1,1,1,1,2022,,180,,1,,,2,,,,90,2,,180
1005285,1,1,1,3,2015,,1500,,2,,,2,,,,65,2,,11000
1005974,2,1,1,3,2011,,50000,,2,,,2,,,,,2,,336000
1006003,1,1,1,2,2014,,2000,,2,,,2,,,,65,2,,20000
1006003,2,1,1,1,2000,,4000,,1,1,,1,,4000,,,2,,200000
1006003,3,1,1,3,2016,,300,,2,,,2,,,,,2,,1800
1006003,4,1,1,3,2016,,300,,2,,,2,,,,,2,,1800
1006184,1,1,1,2,2018,,600,,2,,,2,,,,75,2,,10226
1006325,2,1,1,2,1997,1,,1,2,,,2,,,,,2,,10000
1006385,1,1,1,1,2016,,400,,1,,,1,,600,,100,2,,38000
1006385,1,1,2,2,2021,,4000,,2,,,2,,,,100,2,,8000
1006435,1,1,1,1,1999,1,,3,2,,,1,1,,2,90,2,,250000
1006666,1,1,1,1,2006,,200,,1,1,,1,,200,,85,2,,35000
1007184,1,1,1,1,2012,,970,,1,,,1,,4860,,100,2,,94000
1007285,2,2,1,1,1999,1,,2.5,1,1,,1,1,,7,80,2,,500000
1007506,2,1,1,1,2008,,3000,,1,,,1,,3000,,,2,,100000
1008047,1,1,1,3,2014,,5000,,2,,,2,,,,85,2,,29000
1008271,1,1,1,1,1999,,2899,,1,1,,1,,14400,,85,2,,620000
1008271,2,2,1,1,2012,,2500,,2,,,1,,500,,67,2,,25000
1008271,2,2,2,3,1998,,2500,,2,,,2,,,,72,2,,50000
1008283,1,1,1,3,2018,,600,,2,,,2,,,,35,2,,3000
1008597,2,1,1,1,2019,1,,3,1,,,1,1,,2,,2,,10000
1008740,1,1,1,1,2008,1,,5,1,,,1,1,,1,75,2,,25000
1008740,2,1,1,2,2020,1,,2,2,,,2,,,,,2,,5000
1011938,1,1,1,2,2012,,100,,2,,,2,,,,5,2,,10000
1013174,1,1,1,2,2001,,5164,,2,,,2,,,,80,2,,110000
1013174,2,1,1,2,2012,,2400,,1,,,1,,1200,,,2,,30000
1014891,1,1,1,2,2010,,2500,,2,,,2,,,,80,2,,30000
1016109,1,1,1,3,2018,,300,,2,,,2,,,,52,2,,5000
1016125,1,1,1,3,2022,,1800,,2,,,2,,,,85,2,,750
1016237,1,1,1,3,2019,,1000,,2,,,2,,,,20,2,,3000
1016275,1,1,1,1,2005,,720,,1,1,,1,,1320,,90,2,,28000
1016279,1,1,1,2,2016,,5000,,2,,,2,,,,55,2,,22000
1016279,2,1,1,2,2016,,5000,,2,,,2,,,,,2,,22000
1016463,1,1,1,3,2005,,5000,,2,,,2,,,,10,2,,40000
1016704,2,2,1,2,2020,,500,,2,,,2,,,,10,2,,5000
1016863,1,1,1,3,2012,,600,,2,,,2,,,,100,2,,4000
1016863,2,1,1,3,2018,1,,3,2,,,2,,,,,2,,2000
1017052,1,1,1,1,2020,,350,,2,,,2,,,,60,2,,4000
1017210,1,1,1,1,1996,1,,2,1,2,2,1,1,,2,70,2,,40000
1017272,1,1,1,1,2006,,2000,,1,1,,1,,3000,,100,2,,66000
1017272,2,1,1,1,2020,,600,,1,,,1,,600,,,2,,7000
1017272,3,1,1,1,2015,,800,,1,,,1,,1000,,,2,,25000
1017339,1,1,1,2,2013,,3000,,2,,,1,1,,2,100,2,,25000
1017370,1,1,1,2,2002,,600,,2,,,1,1,,2,85,2,,25000
1017408,1,1,1,1,2022,1,,1,1,,,1,1,,2,50,2,,1000
1017408,2,1,1,1,2011,1,,1,1,,,1,1,,2,55,2,,10000
1017641,1,1,1,1,2010,,1000,,1,,,1,,400,,95,2,,22000
1017645,1,1,1,3,2020,,50,,2,,,2,,,,71,2,,100
1017968,1,1,1,3,2002,,5000,,2,,,2,,,,70,2,,100000
1018123,1,1,1,1,2007,1,,1,1,,,1,1,,1,30,2,,50000
1018238,1,1,1,3,2010,,1400,,2,,,2,,,,70,2,,22000
1018402,1,1,1,3,2020,,3500,,2,,,2,,,,75,2,,6000
1018647,1,1,1,1,2003,,200,,2,,,1,1,,5.5,90,2,,50000
1019918,2,2,1,3,2022,,4000,,2,,,2,,,,80,2,,4200
1021397,1,1,1,3,2016,,600,,2,,,2,,,,80,2,,5500
1021397,1,1,2,3,2016,,600,,2,,,2,,,,80,2,,5500
1021586,1,1,1,3,2002,,4200,,2,,,2,,,,50,2,,30000
1021635,1,1,1,3,2020,,450,,2,,,2,,,,65,2,,2000
1022148,1,1,1,1,2005,,1200,,1,1,,1,,1200,,65,2,,34000
1022159,1,1,1,1,2018,,1080,,1,,,1,,480,,85,2,,4000
1022314,1,1,1,1,2015,,1200,,1,,,1,,1800,,80,2,,29400
1022372,1,1,1,1,2013,,1800,,1,,,2,,,,85,2,,28000
1022372,2,1,1,3,2015,,5000,,2,,,2,,,,,2,,35000
1022372,3,1,1,3,2022,,2400,,2,,,2,,,,,2,,2400
1022387,1,1,1,3,2014,,5000,,2,,,2,,,,90,2,,40000
1022389,1,1,1,3,2020,,480,,1,,,1,,216,,80,2,,960
1022579,1,1,1,1,1999,1,,3,2,,,1,1,,1,0,2,,41400
1022580,1,1,1,3,2005,,6000,,2,,,2,,,,60,2,,102000
1022843,2,2,1,3,1998,,2500,,2,,,2,,,,,2,,30000
1022866,2,2,1,3,1995,1,,3,2,,,2,,,,,2,,500
1022951,2,1,1,3,2012,,800,,2,,,2,,,,50,2,,75000
1022985,1,1,1,3,2010,,300,,2,,,2,,,,5,2,,32000
1023008,1,1,1,1,2000,,1500,,2,,,2,,,,10,2,,22000
1023134,2,2,1,2,2019,,150,,2,,,2,,,,,2,,8000
1023310,1,1,1,3,2010,,200,,2,,,2,,,,90,2,,6000
1023317,1,1,1,3,2019,,0,,2,,,2,,,,70,2,,4000
1023613,1,1,1,2,2010,,3120,,2,,,2,,,,20,2,,50000
1023634,1,1,1,2,2017,,1000,,2,,,2,,,,10,2,,5000
1023650,1,1,1,2,2013,,600,,2,,,2,,,,0,2,,6000
1023650,2,2,1,2,2013,,600,,2,,,2,,,,,2,,6000
1023775,1,1,1,1,2008,,1200,,2,,,1,,1200,,20,2,,20000
1024164,2,1,1,1,2013,,1200,,1,,,2,,,,,2,,13000
1024652,1,1,1,3,2010,,2000,,2,,,1,,2000,,30,2,,25000
1024725,1,1,1,1,2015,,1800,,1,,,1,1,,2,10,2,,16000
1024773,1,1,1,1,2015,,2000,,1,,,2,,,,30,2,,16000
1024773,2,2,1,1,2014,,2000,,1,,,2,,,,30,2,,18000
1026609,2,2,1,3,2010,1,,1,2,,,2,,,,90,2,,30000
1026946,1,1,1,1,2005,1,,2,1,2,2,1,1,,2,70,2,,1000
1026946,2,1,1,1,2005,1,,2,1,2,2,1,1,,2,,2,,1000
1027179,1,1,1,3,2002,,3000,,2,,,2,,,,75,2,,50000
1027179,2,1,1,3,2022,,3000,,2,,,2,,,,,2,,3000
1028705,3,1,1,2,2022,,480,,2,,,1,1,,10,60,2,,600
1029354,1,1,1,3,2018,,2000,,2,,,2,,,,80,2,,12000
1029354,2,2,1,3,2018,,2000,,2,,,2,,,,,2,,12000
1030228,1,1,1,1,2006,1,,2,2,,,2,,,,73,2,,40000
1030476,1,1,1,3,2018,,1800,,2,,,2,,,,30,2,,7200
1030818,1,2,1,3,2018,,5000,,2,,,2,,,,35,2,,15000
1030818,1,2,2,3,2018,,5000,,2,,,2,,,,50,2,,15000
1030975,2,2,1,3,2005,,5000,,2,,,2,,,,60,2,,100000
1031213,1,1,1,1,2001,,7000,,2,,,1,,2000,,80,2,,140000
1031213,1,1,2,2,2017,,2000,,2,,,2,,,,80,2,,12000
1031213,2,2,1,2,2016,,1200,,2,,,2,,,,70,2,,8000
1031670,1,1,1,3,2009,,1200,,2,,,2,,,,50,2,,40000
1031670,2,1,1,3,2009,,1200,,2,,,2,,,,,2,,40000
1032145,1,1,1,3,2010,,500,,2,,,2,,,,50,2,,6000
1033530,1,1,1,3,2016,,2400,,2,,,2,,,,20,2,,39000
1033541,1,1,1,3,2020,,5000,,2,,,2,,,,80,2,,15000
1033541,2,1,1,3,2020,,5000,,2,,,2,,,,,2,,15000
1034008,1,1,1,1,1999,,800,,1,1,,1,,1870,,0,2,,90000
1034008,3,3,1,1,2011,,0,,2,,,2,,,,,2,,8000
1034123,1,1,1,1,2006,1,,3,2,,,1,1,,3,95,2,,100000
1034123,2,1,1,1,2006,1,,3,2,,,1,1,,3,,2,,100000
1034148,1,1,1,1,2004,,450,,2,,,2,,,,90,2,,30000
1034242,1,1,1,1,2019,,360,,1,,,1,,360,,100,2,,3600
1034350,1,1,1,3,2007,,1200,,2,,,2,,,,70,2,,18000
1034350,2,1,1,3,2002,,1200,,2,,,2,,,,,2,,24000
1034574,1,1,1,1,2015,1,,3,2,,,1,1,,0.5,70,2,,10000
1034574,2,1,1,1,2015,1,,1,1,,,1,1,,0.5,,2,,20000
1034574,4,1,1,1,2021,1,,1,2,,,1,1,,0.5,,2,,1000
1034608,1,1,1,3,2017,,6000,,2,,,2,,,,28,2,,35000
1034831,1,1,1,3,2013,,1800,,2,,,2,,,,60,2,,22000
1034888,3,1,1,3,2018,,2400,,2,,,2,,,,,2,,12000
1034916,1,1,1,1,2008,1,,1,1,,,1,1,,1,80,2,,45000
1034938,2,2,1,2,2008,1,,1,2,,,2,,,,,2,,9000
1034979,1,1,1,3,2021,,1200,,2,,,2,,,,65,2,,2400
1035016,2,1,1,3,1990,,1800,,2,,,2,,,,,2,,30000
1035025,2,1,1,3,2000,1,,1,2,,,2,,,,,2,,50000
1035052,1,1,1,3,2019,,5000,,2,,,2,,,,5,2,,15000
1035060,1,1,1,3,2016,,3000,,2,,,2,,,,65,2,,12000
1035083,1,1,1,3,1998,,1250,,2,,,2,,,,60,2,,30000
1035125,1,1,1,1,1992,1,,1.5,1,1,,1,1,,3,95,2,,110000
1035162,1,1,1,3,2020,,2000,,2,,,2,,,,70,2,,6000
1035162,2,1,1,3,2020,,2000,,2,,,2,,,,,2,,6000
1035162,3,1,1,3,2020,,2000,,2,,,2,,,,,2,,6000
1035162,4,1,1,3,2020,,2000,,2,,,2,,,,,2,,6000
1035162,5,1,1,3,2020,,2000,,2,,,2,,,,,2,,6000
1035222,1,1,1,3,2004,,840,,2,,,2,,,,10,2,,15000
1035331,1,1,1,3,2005,,2400,,2,,,2,,,,90,2,,38400
1035569,1,1,1,3,2010,1,,1,2,,,2,,,,55,2,,14400
1035687,2,1,1,3,2019,,4000,,2,,,2,,,,,2,,16000
1035896,1,1,1,2,2005,,1680,,2,,,2,,,,60,2,,28500
1035896,2,1,1,2,2005,,1680,,2,,,2,,,,,2,,28500
1035942,2,1,1,2,2018,1,,3,2,,,2,,,,,2,,8000
1036319,1,1,1,3,2012,,3360,,1,,,1,,3300,,80,2,,27000
1036354,2,1,1,3,2020,,2400,,2,,,2,,,,,2,,7200
1036602,1,1,1,2,2000,,5164,,2,,,2,,,,43,2,,121000
1036931,1,1,1,2,2019,,1000,,1,,,2,,,,20,2,,5000
1036981,1,1,1,3,2010,,5164,,2,,,2,,,,70,2,,65983
1036996,2,2,1,3,2008,,0,,2,,,2,,,,,2,,3000
1037016,2,2,1,3,2002,,720,,2,,,2,,,,,2,,15000
1037020,1,2,1,3,1999,,5165,,2,,,2,,,,100,2,,100000
1037020,2,2,1,3,2004,,3200,,2,,,2,,,,100,2,,58000
1037349,2,1,1,2,2016,,1350,,2,,,2,,,,,2,,7500
1037435,1,1,1,1,2007,1,,2,2,,,1,1,,1,90,2,,30000
1037636,1,1,1,2,2009,,5000,,2,,,2,,,,80,2,,80000
1037646,1,1,1,2,1988,,5000,,2,,,2,,,,80,2,,180000
1037647,1,1,1,1,1996,,600,,1,1,,1,,800,,85,2,,90000
1037776,2,2,1,1,1985,,1100,,2,,,1,1,,2,85,2,,50000
1037943,1,1,1,1,2000,1,,2,1,1,,1,1,,2,98,2,,90000
1038468,1,1,1,3,2017,,1200,,2,,,2,,,,85,2,,7200
1039121,1,1,1,3,2018,1,,1,2,,,1,1,,1,10,2,,5000
1039123,1,1,1,1,2017,,3000,,1,,,1,1,,3,90,2,,18000
1039125,1,1,1,1,2002,,10000,,1,1,,1,,10000,,100,1,200000,200000
1039126,1,1,1,2,2018,,1800,,1,,,1,,550,,70,2,,11000
1039280,1,1,1,3,2013,,3000,,2,,,2,,,,85,2,,150000
1039282,1,1,1,3,2004,,300,,1,2,40,1,,420,,70,2,,22000
1039289,2,2,1,1,1994,,2000,,1,1,,1,1,,4,75,2,,100000
1039713,2,1,1,3,2000,,450,,1,2,3,1,1,,2,,2,,6000
1039755,1,1,1,1,2001,,480,,1,2,2,1,,480,,80,2,,60000
1039895,1,1,1,3,2005,,5000,,2,,,2,,,,30,2,,50000
1039925,1,1,1,1,2019,,960,,1,,,1,,1000,,95,2,,20000
1040421,2,2,1,1,2003,,5000,,1,2,10,1,1,,0.1,100,2,,200000
1040940,1,2,1,2,2018,1,,10,2,,,2,,,,5,2,,5000
1040940,2,2,1,2,2018,1,,5,2,,,2,,,,5,2,,10000
1040974,1,1,1,1,2010,1,,2,1,,,1,1,,2,95,2,,10000
1040979,2,2,1,3,2008,,2500,,2,,,2,,,,70,2,,35000
1041152,1,1,1,3,2022,,1200,,2,,,2,,,,75,2,,30000
1041221,2,1,1,3,2012,,600,,2,,,2,,,,,2,,7000
1042623,1,1,1,3,2010,,2000,,2,,,2,,,,40,2,,26000
1042623,2,1,1,2,2020,1,,3,2,,,2,,,,40,2,,20000
1042631,1,1,1,3,2018,,2500,,2,,,2,,,,10,2,,6000
1042758,2,1,1,3,2010,,2500,,2,,,2,,,,75,2,,34000
1043497,1,1,1,3,2021,,5000,,1,,,1,1,,2,30,2,,5000
1043775,2,1,1,3,2018,1,,3,2,,,2,,,,,2,,800000
1043799,1,1,1,2,2010,,3000,,2,,,2,,,,70,2,,25000
1044880,1,1,1,3,2014,,600,,2,,,2,,,,100,2,,4400
1045482,1,1,1,2,2017,,185,,1,,,2,,,,65,2,,2000
1045482,2,1,1,1,2018,,230,,1,,,1,,230,,55,2,,3500
1045598,1,1,1,2,2004,,1200,,1,2,18,1,1,,2,90,2,,25000
1045613,1,1,1,1,1982,1,,4,1,1,,1,1,,2,90,2,,70000
1045613,2,1,1,3,2003,,2000,,2,,,2,,,,,2,,38000
1045620,2,2,1,3,2012,,2000,,2,,,2,,,,92,2,,12000
1045662,1,1,1,3,2010,,1400,,1,,,1,1,,1,90,2,,15000
1045662,2,2,1,3,2006,1,,1,1,1,,1,1,,1,90,2,,19000
1045683,1,1,1,3,2012,1,,3,1,,,1,1,,3,90,2,,10000
1045683,2,2,1,3,2005,1,,3,1,1,,1,1,,3,80,2,,20000
1045739,1,1,1,3,2007,,4600,,2,,,1,,190,,70,2,,32000
1045841,1,1,1,1,2019,1,,1.5,1,,,1,1,,1.5,63,2,,6000
1046247,2,1,1,1,2008,,600,,1,,,2,,,,,2,,15000
1048276,1,1,1,3,2019,,1000,,1,,,2,,,,50,2,,1000
1049652,3,1,1,3,2017,,5000,,2,,,2,,,,60,2,,25000
1051213,1,1,1,2,2020,,1200,,1,,,2,,,,25,2,,3700
1051901,3,1,1,2,2021,,1050,,2,,,2,,,,,2,,2500
1051955,1,1,1,2,1998,,5164,,2,,,2,,,,80,2,,180000
1051955,2,1,1,2,2019,,5164,,2,,,2,,,,,2,,20000
1052125,1,1,1,1,2006,,840,,1,1,,1,,840,,85,2,,76000
1052961,1,1,1,1,2018,,1000,,1,,,1,,2000,,85,2,,12000
1052961,2,2,1,1,2022,,700,,1,,,2,,,,75,2,,1000
1053257,1,1,1,3,2001,1,,1,2,,,2,,,,80,2,,45000
1053390,1,1,1,3,1995,1,,3,2,,,1,1,,10,80,2,,100000
1053430,1,1,1,2,2022,,2400,,2,,,2,,,,90,2,,2400
1054407,1,1,1,1,2016,,100,,1,,,1,,400,,70,2,,7000
1054407,2,1,1,1,2021,,120,,1,,,1,,460,,,2,,5600
1056406,1,1,1,3,2010,,3000,,2,,,2,,,,10,2,,30000
1059977,1,1,1,3,2014,,600,,2,,,2,,,,20,2,,4800
1060011,1,1,1,2,2016,,5000,,2,,,2,,,,10,2,,30000
1060393,1,1,1,1,2001,1,,3,1,1,,1,1,,3,70,2,,300000
1060713,1,1,1,3,2021,,5160,,2,,,2,,,,70,2,,10000
1060955,1,1,1,1,2001,,3000,,1,1,,1,,3000,,50,2,,90000
1060955,2,1,1,1,2003,1,,2,1,1,,1,1,,2,,2,,50000
1060959,1,1,1,2,2001,,5165,,2,,,2,,,,80,2,,88969
1060982,1,1,1,3,2017,1,,2,2,,,2,,,,80,2,,12000
1060986,1,1,1,3,2018,,3000,,2,,,2,,,,60,2,,12000
1061014,1,1,1,3,2013,,600,,2,,,1,1,,2,70,2,,6000
1061014,2,1,1,3,2013,1,,2,2,,,2,,,,,2,,24000
1061021,1,1,1,3,2014,1,,2,2,,,2,,,,50,2,,2000
1061062,1,1,1,2,2022,,1800,,1,,,2,,,,60,2,,3600
1061532,1,1,1,1,2018,,1200,,1,,,1,,3600,,86,2,,40000
1063581,1,1,1,3,2016,,5200,,2,,,2,,,,50,2,,31200
1063583,1,1,1,1,2020,,1140,,1,,,1,,1020,,75,2,,15000
1063583,1,1,2,1,2006,,0,,2,,,2,,,,90,2,,50000
1063605,1,1,1,1,1992,,5800,,2,,,1,,2400,,85,2,,160000
1063631,1,1,1,3,2000,,5000,,2,,,2,,,,70,2,,110000
1063631,2,1,1,3,2000,,5000,,2,,,2,,,,,2,,110000
1063643,1,1,1,3,1995,,5200,,2,,,2,,,,60,2,,150000
1063645,1,1,1,1,1987,,4200,,2,,,1,,2800,,100,2,,230000
1063645,1,1,2,1,1995,,300,,2,,,2,,,,100,2,,30000
1063645,2,1,1,2,2013,,2400,,2,,,2,,,,,2,,24000
1063645,3,1,1,2,2021,,500,,2,,,2,,,,,2,,1000
1063648,1,1,1,2,2010,,600,,1,,,2,,,,65,2,,16800
1063667,1,1,1,1,2004,,5160,,1,1,,1,,559,,100,2,,50000
1063824,3,1,1,3,2019,,6050,,2,,,2,,,,,2,,12000
1064662,1,1,1,3,2010,,600,,2,,,2,,,,,2,,10000
1065988,1,1,1,1,1997,,4000,,1,1,,1,,1000,,100,2,,50000
1066163,1,1,1,3,2005,,3000,,2,,,2,,,,65,2,,55000
1066163,2,2,1,3,2018,,2400,,2,,,2,,,,75,2,,7500
1066550,1,1,1,1,2015,,1000,,2,,,2,,,,80,2,,8000
1067869,1,1,1,3,2018,1,,3,2,,,2,,,,100,2,,1500
1067975,1,1,1,1,2001,,2400,,1,1,,1,,2400,,100,2,,70000
1067975,2,1,1,3,2008,,2400,,2,,,2,,,,,2,,36000
1068724,1,2,1,3,2006,,780,,1,1,,2,,,,60,2,,35000
1068724,2,2,1,3,2003,,780,,2,,,2,,,,5,2,,30000
1069221,3,1,1,3,2018,1,,2,2,,,2,,,,,2,,2000
1069301,1,1,1,3,2009,,5200,,2,,,2,,,,80,2,,5200
1069651,1,1,1,1,2010,,850,,1,,,1,,180,,70,2,,29235
1070611,1,1,1,3,2015,,3000,,2,,,2,,,,95,2,,21000
1070630,1,1,1,1,1998,,1700,,1,2,50,1,,1700,,70,2,,75000
1071060,1,1,1,1,2011,,1400,,1,,,2,,,,81,2,,14000
1071066,1,1,1,1,2008,,2000,,1,,,1,,1000,,75,2,,28000
1071106,1,1,1,1,2019,1,,1,1,,,1,1,,1,75,2,,5400
1071246,1,1,1,3,2006,,5164,,2,,,2,,,,40,2,,70000
1071246,2,1,1,3,2019,,1200,,2,,,2,,,,,2,,25000
1072519,1,1,1,3,2010,,0,,2,,,2,,,,75,2,,45000
